250 hz,Unnamed: 1,500 hz,Unnamed: 3,1k hz,Unnamed: 5,2k hz,Unnamed: 7,4k hz,Unnamed: 9,8k hz,Unnamed: 11
X,Y,X,Y,X,Y,X,Y,X,Y,X,Y
6.197916666666652,54.954861111110986,6.611111111111096,61.56597222222208,4.648437499999989,72.82552083333316,6.232349537037023,94.20833333333312,5.2682291666666545,104.22829861111087,4.648437499999989,89.76649305555534
6.197916666666652,54.54166666666654,6.611111111111096,61.15277777777764,6.197916666666652,80.88281249999982,6.197916666666652,93.69184027777756,5.2682291666666545,103.09201388888864,4.9583333333333215,104.58984374999976
6.197916666666652,54.12847222222209,6.611111111111096,60.739583333333194,6.197916666666652,80.46961805555537,6.197916666666652,93.27864583333312,5.371527777777765,102.78211805555532,4.855034722222211,104.22829861111087
6.197916666666652,53.71527777777765,6.611111111111096,60.32638888888875,6.197916666666652,80.05642361111093,6.197916666666652,92.86545138888867,5.2682291666666545,101.85243055555532,5.061631944444433,105.26128472222197
6.197916666666652,53.30208333333321,6.611111111111096,59.91319444444431,6.197916666666652,79.64322916666649,6.197916666666652,92.45225694444423,5.2682291666666545,101.43923611111087,5.164930555555544,89.97309027777757
6.197916666666652,52.888888888888765,6.611111111111096,59.60329861111097,6.197916666666652,79.23003472222204,6.197916666666652,92.03906249999979,5.2682291666666545,101.02604166666643,5.2682291666666545,119.61979166666639
6.197916666666652,52.47569444444432,6.645543981481466,57.29629629629616,6.197916666666652,78.8168402777776,6.197916666666652,91.62586805555534,5.2682291666666545,100.61284722222199,5.2682291666666545,119.20659722222194
6.197916666666652,52.06249999999988,6.817708333333318,62.80555555555541,6.197916666666652,78.40364583333316,6.197916666666652,91.2126736111109,5.2682291666666545,100.19965277777754,5.2682291666666545,118.7934027777775
6.197916666666652,51.649305555555436,6.817708333333318,62.392361111110965,6.197916666666652,77.9904513888887,6.197916666666652,90.79947916666646,5.2682291666666545,99.7864583333331,5.2682291666666545,118.38020833333306
6.197916666666652,51.23611111111099,6.817708333333318,61.97916666666652,6.197916666666652,77.57725694444426,6.197916666666652,90.48958333333313,5.2682291666666545,99.37326388888866,5.2682291666666545,117.96701388888862
6.197916666666652,50.82291666666655,7.024305555555539,61.56597222222208,6.197916666666652,77.16406249999982,6.232349537037023,87.59722222222202,5.2682291666666545,98.96006944444422,5.2682291666666545,117.55381944444417
6.197916666666652,50.40972222222211,7.024305555555539,61.15277777777764,6.197916666666652,76.75086805555537,6.094618055555541,87.28732638888869,5.2682291666666545,98.54687499999977,5.2682291666666545,117.14062499999973
6.197916666666652,50.048177083333215,7.024305555555539,60.739583333333194,6.197916666666652,76.33767361111093,6.404513888888874,96.06770833333312,5.2682291666666545,98.13368055555533,5.2682291666666545,116.72743055555529
6.404513888888874,55.36805555555543,7.024305555555539,60.32638888888875,6.197916666666652,75.92447916666649,6.404513888888874,95.65451388888867,5.2682291666666545,97.72048611111089,5.2682291666666545,116.31423611111084
6.404513888888874,49.583333333333215,7.024305555555539,59.91319444444431,6.197916666666652,75.51128472222204,6.404513888888874,95.24131944444423,5.2682291666666545,97.30729166666644,5.2682291666666545,115.9010416666664
6.404513888888874,49.17013888888877,7.024305555555539,59.499999999999865,6.197916666666652,75.0980902777776,6.404513888888874,94.82812499999979,5.2682291666666545,96.894097222222,5.2682291666666545,115.48784722222196
6.404513888888874,48.75694444444433,7.024305555555539,57.434027777777644,6.197916666666652,74.73654513888872,6.438946759259244,88.21701388888869,5.2682291666666545,96.48090277777756,5.2682291666666545,115.07465277777752
6.404513888888874,48.343749999999886,7.024305555555539,57.124131944444315,6.197916666666652,73.34201388888872,6.438946759259244,86.97743055555536,5.2682291666666545,96.06770833333312,5.2682291666666545,114.66145833333307
6.645543981481466,55.78124999999987,7.230902777777761,62.80555555555541,6.197916666666652,72.92881944444427,6.3012152777777635,86.66753472222202,5.371527777777765,95.55121527777756,5.2682291666666545,114.24826388888863
6.645543981481466,54.954861111110986,7.230902777777761,62.392361111110965,6.197916666666652,72.56727430555539,6.645543981481466,96.894097222222,5.371527777777765,95.13802083333312,5.2682291666666545,113.83506944444419
6.611111111111096,54.43836805555543,7.230902777777761,61.97916666666652,6.094618055555541,72.10243055555539,6.611111111111096,96.37760416666644,5.371527777777765,94.72482638888867,5.2682291666666545,113.42187499999973
6.611111111111096,54.025173611110986,7.437499999999983,61.56597222222208,6.094618055555541,71.68923611111094,6.645543981481466,94.41493055555533,5.371527777777765,94.31163194444423,5.371527777777765,112.90538194444419
6.611111111111096,53.61197916666654,7.437499999999983,61.15277777777764,6.094618055555541,71.2760416666665,6.611111111111096,93.89843749999979,5.371527777777765,93.89843749999979,5.371527777777765,112.49218749999974
6.611111111111096,53.1987847222221,7.437499999999983,60.739583333333194,6.094618055555541,70.86284722222206,6.611111111111096,93.48524305555534,5.371527777777765,93.48524305555534,5.371527777777765,112.0789930555553
6.611111111111096,52.78559027777766,7.437499999999983,60.32638888888875,6.094618055555541,70.55295138888873,6.611111111111096,93.0720486111109,5.371527777777765,93.0720486111109,5.371527777777765,111.66579861111086
6.611111111111096,52.372395833333215,7.437499999999983,59.91319444444431,6.094618055555541,69.00347222222206,6.611111111111096,92.65885416666646,5.371527777777765,92.65885416666646,5.371527777777765,111.25260416666642
6.611111111111096,51.959201388888765,7.437499999999983,59.499999999999865,6.094618055555541,68.59027777777762,6.611111111111096,92.24565972222202,5.371527777777765,92.24565972222202,5.371527777777765,110.83940972222196
6.611111111111096,51.54600694444432,7.437499999999983,57.434027777777644,6.094618055555541,68.17708333333317,6.611111111111096,91.83246527777756,5.371527777777765,91.83246527777756,5.371527777777765,110.42621527777752
6.611111111111096,51.13281249999988,7.437499999999983,57.124131944444315,6.094618055555541,67.76388888888873,6.611111111111096,91.41927083333312,5.371527777777765,91.41927083333312,5.371527777777765,110.01302083333307
6.611111111111096,50.719618055555436,7.644097222222205,62.80555555555541,6.094618055555541,67.35069444444429,6.611111111111096,91.00607638888867,5.371527777777765,91.00607638888867,5.371527777777765,109.59982638888863
6.611111111111096,50.30642361111099,7.644097222222205,62.392361111110965,6.094618055555541,66.93749999999984,6.611111111111096,90.59288194444423,5.371527777777765,90.59288194444423,5.371527777777765,109.18663194444419
6.611111111111096,49.89322916666655,7.644097222222205,61.97916666666652,6.094618055555541,66.5243055555554,6.611111111111096,90.2829861111109,5.371527777777765,90.23133680555534,5.371527777777765,108.77343749999974
6.645543981481466,47.93055555555544,7.850694444444426,61.56597222222208,6.094618055555541,66.11111111111096,6.611111111111096,87.59722222222202,5.371527777777765,87.9587673611109,5.371527777777765,108.3602430555553
6.817708333333318,56.5559895833332,7.850694444444426,61.15277777777764,6.094618055555541,65.69791666666652,6.611111111111096,86.35763888888869,5.612557870370358,88.4236111111109,5.371527777777765,107.94704861111086
6.817708333333318,49.37673611111099,7.850694444444426,60.739583333333194,6.094618055555541,65.38802083333319,6.817708333333318,95.86111111111089,5.612557870370358,87.59722222222202,5.371527777777765,107.53385416666642
6.817708333333318,48.96354166666655,7.850694444444426,60.32638888888875,6.611111111111096,80.7795138888887,6.817708333333318,95.44791666666644,5.819155092592579,102.88541666666643,5.371527777777765,107.12065972222197
6.817708333333318,48.55034722222211,7.850694444444426,59.91319444444431,6.611111111111096,80.36631944444426,6.817708333333318,95.034722222222,5.819155092592579,102.05902777777754,5.371527777777765,106.70746527777753
6.817708333333318,47.362413194444336,7.850694444444426,59.499999999999865,6.611111111111096,79.95312499999982,6.817708333333318,88.4236111111109,5.784722222222209,101.54253472222199,5.371527777777765,106.29427083333309
7.024305555555539,55.98784722222209,7.850694444444426,57.434027777777644,6.611111111111096,79.53993055555537,6.817708333333318,88.01041666666646,5.784722222222209,101.12934027777754,5.371527777777765,105.9327256944442
7.024305555555539,55.57465277777765,7.850694444444426,57.124131944444315,6.611111111111096,79.12673611111093,6.817708333333318,87.18402777777757,5.784722222222209,100.7161458333331,5.2682291666666545,105.57118055555532
7.024305555555539,55.16145833333321,8.057291666666648,62.80555555555541,6.611111111111096,78.71354166666649,6.817708333333318,86.77083333333313,5.784722222222209,100.30295138888866,5.371527777777765,104.22829861111087
7.024305555555539,54.748263888888765,8.057291666666648,62.28906249999986,6.611111111111096,78.30034722222204,6.817708333333318,85.94444444444424,5.784722222222209,99.88975694444422,5.371527777777765,103.81510416666643
7.024305555555539,54.335069444444315,8.057291666666648,61.875868055555415,6.611111111111096,77.8871527777776,7.058738425925909,97.10069444444422,5.784722222222209,99.47656249999977,5.371527777777765,103.40190972222199
7.024305555555539,53.92187499999987,8.26388888888887,61.35937499999986,6.611111111111096,77.47395833333316,7.024305555555539,96.58420138888866,5.784722222222209,99.06336805555533,5.371527777777765,102.98871527777754
7.024305555555539,53.50868055555543,8.26388888888887,60.946180555555415,6.611111111111096,77.06076388888872,7.024305555555539,96.17100694444422,5.784722222222209,98.65017361111089,5.371527777777765,102.5755208333331
7.024305555555539,53.095486111110986,8.26388888888887,60.53298611111097,6.611111111111096,76.64756944444427,7.058738425925909,94.62152777777756,5.784722222222209,98.23697916666644,5.371527777777765,102.16232638888866
7.024305555555539,52.68229166666654,8.26388888888887,60.11979166666653,6.611111111111096,76.23437499999983,7.024305555555539,94.105034722222,5.784722222222209,97.823784722222,5.371527777777765,101.74913194444422
7.024305555555539,52.2690972222221,8.26388888888887,59.706597222222086,6.611111111111096,75.82118055555539,7.024305555555539,93.69184027777756,5.784722222222209,97.41059027777756,5.371527777777765,101.33593749999976
7.024305555555539,51.85590277777766,8.26388888888887,59.39670138888875,6.611111111111096,75.40798611111093,7.024305555555539,93.27864583333312,5.784722222222209,96.99739583333312,5.371527777777765,100.92274305555532
7.024305555555539,51.442708333333215,8.26388888888887,57.434027777777644,6.611111111111096,74.99479166666649,7.024305555555539,92.86545138888867,5.784722222222209,96.58420138888866,5.371527777777765,100.50954861111087
7.024305555555539,51.02951388888877,8.26388888888887,57.124131944444315,6.611111111111096,74.68489583333316,7.024305555555539,92.45225694444423,5.784722222222209,96.17100694444422,5.371527777777765,100.09635416666643
7.024305555555539,50.61631944444433,8.36718749999998,62.90885416666652,6.611111111111096,73.34201388888872,7.024305555555539,92.03906249999979,5.784722222222209,95.75781249999977,5.371527777777765,99.68315972222199
7.024305555555539,50.203124999999886,8.470486111111091,62.185763888888744,6.611111111111096,73.03211805555539,7.024305555555539,91.62586805555534,5.784722222222209,95.34461805555533,5.371527777777765,99.26996527777754
7.024305555555539,49.78993055555544,8.470486111111091,61.7725694444443,7.024305555555539,80.7795138888887,7.024305555555539,91.2126736111109,5.784722222222209,94.93142361111089,5.371527777777765,98.8567708333331
7.024305555555539,48.137152777777665,8.677083333333313,61.35937499999986,7.024305555555539,80.36631944444426,7.024305555555539,90.79947916666646,5.784722222222209,94.51822916666644,5.371527777777765,98.44357638888866
7.024305555555539,47.72395833333322,8.677083333333313,60.946180555555415,7.024305555555539,79.95312499999982,7.024305555555539,90.38628472222202,5.784722222222209,94.105034722222,5.371527777777765,98.03038194444422
7.230902777777761,56.60763888888876,8.677083333333313,60.53298611111097,7.024305555555539,79.53993055555537,6.921006944444429,90.17968749999979,5.784722222222209,93.69184027777756,5.371527777777765,97.61718749999977
7.230902777777761,49.37673611111099,8.677083333333313,60.11979166666653,7.024305555555539,79.12673611111093,7.024305555555539,87.59722222222202,5.784722222222209,93.27864583333312,5.371527777777765,97.20399305555533
7.230902777777761,48.96354166666655,8.677083333333313,59.706597222222086,7.024305555555539,78.71354166666649,7.024305555555539,86.35763888888869,5.784722222222209,92.86545138888867,5.371527777777765,96.79079861111089
7.230902777777761,48.55034722222211,8.677083333333313,59.39670138888875,7.024305555555539,78.30034722222204,7.230902777777761,95.65451388888867,5.784722222222209,92.45225694444423,5.371527777777765,96.37760416666644
7.230902777777761,47.31076388888878,8.677083333333313,57.434027777777644,7.024305555555539,77.8871527777776,7.230902777777761,95.24131944444423,5.784722222222209,92.03906249999979,5.371527777777765,95.964409722222
7.4719328703703525,55.98784722222209,8.573784722222202,57.124131944444315,7.024305555555539,77.47395833333316,7.230902777777761,88.4236111111109,5.784722222222209,91.62586805555534,5.371527777777765,95.55121527777756
7.437499999999983,55.471354166666536,8.883680555555536,62.08246527777764,7.024305555555539,77.06076388888872,7.230902777777761,88.01041666666646,5.784722222222209,91.26432291666646,5.371527777777765,95.13802083333312
7.437499999999983,55.05815972222209,8.883680555555536,61.669270833333194,7.024305555555539,76.64756944444427,7.230902777777761,87.18402777777757,5.681423611111098,90.90277777777757,5.371527777777765,94.72482638888867
7.437499999999983,54.64496527777765,9.090277777777757,61.15277777777764,7.024305555555539,76.23437499999983,7.230902777777761,86.77083333333313,5.784722222222209,90.38628472222202,5.371527777777765,94.31163194444423
7.437499999999983,54.23177083333321,9.090277777777757,60.739583333333194,7.024305555555539,75.82118055555539,7.230902777777761,85.94444444444424,5.784722222222209,90.02473958333313,5.371527777777765,93.89843749999979
7.437499999999983,53.818576388888765,9.090277777777757,60.32638888888875,7.024305555555539,75.40798611111093,7.4719328703703525,97.72048611111089,5.681423611111098,86.97743055555536,5.371527777777765,93.48524305555534
7.437499999999983,53.40538194444432,9.090277777777757,59.91319444444431,7.024305555555539,74.99479166666649,7.437499999999983,97.20399305555533,5.681423611111098,86.56423611111092,5.371527777777765,93.0720486111109
7.437499999999983,52.99218749999988,9.090277777777757,59.499999999999865,7.024305555555539,74.68489583333316,7.437499999999983,96.79079861111089,5.681423611111098,86.25434027777757,5.371527777777765,92.65885416666646
7.437499999999983,52.578993055555436,9.090277777777757,57.434027777777644,7.024305555555539,73.34201388888872,7.437499999999983,96.37760416666644,5.99131944444443,109.49652777777753,5.371527777777765,92.24565972222202
7.437499999999983,52.16579861111099,9.296874999999979,61.97916666666652,7.437499999999983,80.7795138888887,7.437499999999983,95.964409722222,5.99131944444443,109.08333333333309,5.371527777777765,91.88411458333312
7.437499999999983,51.75260416666654,9.296874999999979,61.56597222222208,7.437499999999983,80.36631944444426,7.4719328703703525,94.82812499999979,5.99131944444443,108.67013888888863,5.2682291666666545,91.52256944444423
7.437499999999983,51.3394097222221,9.5034722222222,61.15277777777764,7.437499999999983,79.95312499999982,7.437499999999983,94.31163194444423,5.99131944444443,108.25694444444419,5.371527777777765,90.59288194444423
7.437499999999983,50.92621527777766,9.5034722222222,60.739583333333194,7.437499999999983,79.53993055555537,7.437499999999983,93.89843749999979,5.99131944444443,107.84374999999974,5.371527777777765,90.17968749999979
7.437499999999983,50.513020833333215,9.5034722222222,60.32638888888875,7.437499999999983,79.12673611111093,7.437499999999983,93.48524305555534,5.99131944444443,107.4305555555553,5.371527777777765,88.83680555555534
7.437499999999983,50.09982638888877,9.5034722222222,59.91319444444431,7.437499999999983,78.71354166666649,7.437499999999983,93.0720486111109,5.99131944444443,107.01736111111086,5.371527777777765,88.4236111111109
7.437499999999983,49.68663194444433,9.5034722222222,59.499999999999865,7.437499999999983,78.30034722222204,7.437499999999983,92.65885416666646,5.99131944444443,106.60416666666642,5.371527777777765,88.06206597222202
7.4719328703703525,48.137152777777665,9.5034722222222,57.434027777777644,7.437499999999983,77.8871527777776,7.437499999999983,92.24565972222202,5.99131944444443,106.19097222222197,5.2682291666666545,87.70052083333313
7.437499999999983,47.620659722222115,9.710069444444422,61.97916666666652,7.437499999999983,77.47395833333316,7.437499999999983,91.83246527777756,5.99131944444443,105.77777777777753,5.371527777777765,85.5312499999998
7.644097222222205,56.5559895833332,9.710069444444422,61.56597222222208,7.437499999999983,77.06076388888872,7.437499999999983,91.41927083333312,5.99131944444443,104.33159722222199,5.474826388888876,85.11805555555536
7.678530092592574,49.17013888888877,9.710069444444422,57.124131944444315,7.437499999999983,76.64756944444427,7.437499999999983,91.00607638888867,5.99131944444443,103.91840277777753,5.474826388888876,84.70486111111092
7.644097222222205,48.65364583333322,9.916666666666643,61.15277777777764,7.437499999999983,76.23437499999983,7.437499999999983,90.59288194444423,5.99131944444443,103.50520833333309,5.474826388888876,84.39496527777759
7.678530092592574,47.17303240740729,9.916666666666643,60.739583333333194,7.437499999999983,75.82118055555539,7.437499999999983,90.23133680555534,5.88802083333332,88.83680555555534,5.819155092592579,112.80208333333307
7.850694444444426,55.88454861111098,9.916666666666643,60.32638888888875,7.437499999999983,75.40798611111093,7.437499999999983,87.59722222222202,5.88802083333332,88.52690972222202,5.784722222222209,112.28559027777752
7.850694444444426,55.471354166666536,9.916666666666643,59.91319444444431,7.437499999999983,74.99479166666649,7.437499999999983,86.35763888888869,6.197916666666652,111.97569444444419,5.784722222222209,111.87239583333307
7.850694444444426,55.05815972222209,9.916666666666643,59.499999999999865,7.437499999999983,74.68489583333316,7.644097222222205,95.44791666666644,6.197916666666652,111.56249999999974,5.784722222222209,111.45920138888863
7.850694444444426,54.64496527777765,9.916666666666643,57.434027777777644,7.437499999999983,73.44531249999983,7.644097222222205,88.4236111111109,6.197916666666652,111.1493055555553,5.784722222222209,111.04600694444419
7.850694444444426,54.23177083333321,10.123263888888866,62.80555555555541,7.850694444444426,80.7795138888887,7.644097222222205,88.01041666666646,6.197916666666652,110.73611111111086,5.784722222222209,110.63281249999974
7.850694444444426,53.818576388888765,10.123263888888866,62.392361111110965,7.850694444444426,80.36631944444426,7.644097222222205,87.18402777777757,6.197916666666652,110.32291666666642,5.784722222222209,110.2196180555553
7.850694444444426,53.40538194444432,10.123263888888866,61.97916666666652,7.850694444444426,79.95312499999982,7.644097222222205,86.77083333333313,6.197916666666652,109.90972222222197,5.784722222222209,109.80642361111086
7.850694444444426,52.99218749999988,10.123263888888866,61.56597222222208,7.850694444444426,79.53993055555537,7.644097222222205,85.94444444444424,6.197916666666652,105.4678819444442,5.784722222222209,109.39322916666642
7.850694444444426,52.578993055555436,10.123263888888866,57.124131944444315,7.850694444444426,79.12673611111093,7.885127314814796,97.9270833333331,6.232349537037023,103.09201388888864,5.784722222222209,108.98003472222197
7.850694444444426,52.16579861111099,10.329861111111088,61.15277777777764,7.850694444444426,78.71354166666649,7.850694444444426,97.41059027777756,6.197916666666652,102.5755208333331,5.784722222222209,108.56684027777753
7.850694444444426,51.75260416666654,10.329861111111088,60.739583333333194,7.850694444444426,78.30034722222204,7.850694444444426,96.99739583333312,6.197916666666652,102.16232638888866,5.784722222222209,108.15364583333309
7.850694444444426,51.3394097222221,10.329861111111088,60.32638888888875,7.850694444444426,77.8871527777776,7.850694444444426,96.58420138888866,6.197916666666652,101.74913194444422,5.784722222222209,107.74045138888864
7.850694444444426,50.92621527777766,10.329861111111088,59.91319444444431,7.850694444444426,77.47395833333316,7.850694444444426,96.17100694444422,6.197916666666652,101.33593749999976,5.784722222222209,107.3272569444442
7.850694444444426,50.513020833333215,10.329861111111088,59.499999999999865,7.850694444444426,77.06076388888872,7.850694444444426,95.75781249999977,6.197916666666652,100.92274305555532,5.784722222222209,106.91406249999976
7.850694444444426,50.09982638888877,10.329861111111088,57.434027777777644,7.850694444444426,76.64756944444427,7.885127314814796,95.034722222222,6.197916666666652,100.50954861111087,5.784722222222209,106.50086805555532
7.850694444444426,49.68663194444433,10.536458333333309,62.80555555555541,7.850694444444426,76.23437499999983,7.850694444444426,94.51822916666644,6.197916666666652,100.09635416666643,5.784722222222209,106.08767361111086
7.885127314814796,48.137152777777665,10.536458333333309,62.392361111110965,7.850694444444426,75.82118055555539,7.850694444444426,94.105034722222,6.197916666666652,99.68315972222199,5.784722222222209,105.67447916666642
7.850694444444426,47.620659722222115,10.536458333333309,61.97916666666652,7.850694444444426,75.40798611111093,7.850694444444426,93.69184027777756,6.094618055555541,99.37326388888866,5.819155092592579,103.91840277777753
8.057291666666648,49.17013888888877,10.536458333333309,61.56597222222208,7.850694444444426,74.99479166666649,7.850694444444426,93.27864583333312,6.197916666666652,98.90842013888866,5.784722222222209,103.40190972222199
8.057291666666648,48.75694444444433,10.536458333333309,57.124131944444315,7.850694444444426,74.68489583333316,7.850694444444426,92.86545138888867,6.197916666666652,89.76649305555534,5.784722222222209,102.98871527777754
8.057291666666648,47.10416666666656,10.74305555555553,61.15277777777764,7.850694444444426,73.44531249999983,7.850694444444426,92.45225694444423,6.438946759259244,109.49652777777753,5.784722222222209,102.5755208333331
8.26388888888887,55.78124999999987,10.74305555555553,60.739583333333194,8.26388888888887,80.7795138888887,7.850694444444426,92.03906249999979,6.404513888888874,108.98003472222197,5.784722222222209,102.16232638888866
8.26388888888887,55.36805555555543,10.74305555555553,60.32638888888875,8.26388888888887,80.36631944444426,7.850694444444426,91.62586805555534,6.404513888888874,108.56684027777753,5.784722222222209,101.74913194444422
8.26388888888887,54.954861111110986,10.74305555555553,59.91319444444431,8.26388888888887,79.95312499999982,7.850694444444426,91.2126736111109,6.404513888888874,108.15364583333309,5.784722222222209,101.33593749999976
8.26388888888887,54.54166666666654,10.74305555555553,59.499999999999865,8.26388888888887,79.53993055555537,7.850694444444426,90.79947916666646,6.404513888888874,107.74045138888864,5.784722222222209,100.92274305555532
8.26388888888887,54.12847222222209,10.74305555555553,57.434027777777644,8.26388888888887,79.12673611111093,7.850694444444426,90.38628472222202,6.404513888888874,107.3272569444442,5.784722222222209,100.50954861111087
8.26388888888887,53.71527777777765,10.949652777777752,62.80555555555541,8.26388888888887,78.71354166666649,7.747395833333315,90.17968749999979,6.404513888888874,106.91406249999976,5.784722222222209,100.09635416666643
8.26388888888887,53.30208333333321,10.949652777777752,62.28906249999986,8.26388888888887,78.30034722222204,7.850694444444426,87.59722222222202,6.404513888888874,106.50086805555532,5.784722222222209,99.73480902777754
8.26388888888887,52.888888888888765,10.949652777777752,61.875868055555415,8.26388888888887,77.8871527777776,7.850694444444426,86.35763888888869,6.404513888888874,106.08767361111086,5.681423611111098,99.37326388888866
8.26388888888887,52.47569444444432,10.949652777777752,61.462673611110965,8.26388888888887,77.47395833333316,8.057291666666648,88.4236111111109,6.404513888888874,105.67447916666642,5.681423611111098,98.96006944444422
8.26388888888887,52.06249999999988,10.949652777777752,57.124131944444315,8.26388888888887,77.06076388888872,8.057291666666648,88.01041666666646,6.404513888888874,104.43489583333309,5.681423611111098,98.54687499999977
8.26388888888887,51.649305555555436,11.156249999999973,60.946180555555415,8.26388888888887,76.64756944444427,8.057291666666648,87.18402777777757,6.404513888888874,104.02170138888864,5.681423611111098,98.13368055555533
8.26388888888887,51.23611111111099,11.156249999999973,60.53298611111097,8.26388888888887,76.23437499999983,8.057291666666648,86.77083333333313,6.404513888888874,103.6085069444442,5.681423611111098,97.72048611111089
8.26388888888887,50.82291666666655,11.156249999999973,60.11979166666653,8.26388888888887,75.82118055555539,8.057291666666648,85.94444444444424,6.404513888888874,89.14670138888869,5.681423611111098,97.30729166666644
8.26388888888887,50.40972222222211,11.156249999999973,59.706597222222086,8.26388888888887,75.40798611111093,8.057291666666648,85.63454861111092,6.645543981481466,112.1822916666664,5.681423611111098,96.894097222222
8.26388888888887,49.996527777777665,11.156249999999973,59.39670138888875,8.26388888888887,74.99479166666649,8.29832175925924,98.13368055555533,6.611111111111096,111.66579861111086,5.681423611111098,96.58420138888866
8.26388888888887,49.583333333333215,11.156249999999973,57.434027777777644,8.26388888888887,74.68489583333316,8.26388888888887,97.61718749999977,6.611111111111096,111.25260416666642,5.681423611111098,95.44791666666644
8.26388888888887,48.343749999999886,11.362847222222197,62.80555555555541,8.160590277777759,73.44531249999983,8.26388888888887,97.20399305555533,6.611111111111096,110.83940972222196,5.681423611111098,95.034722222222
8.26388888888887,47.93055555555544,11.362847222222197,62.185763888888744,8.677083333333313,80.7795138888887,8.26388888888887,96.79079861111089,6.611111111111096,110.42621527777752,5.681423611111098,90.07638888888869
8.26388888888887,47.517361111111,11.362847222222197,61.7725694444443,8.677083333333313,80.36631944444426,8.26388888888887,96.37760416666644,6.611111111111096,110.01302083333307,5.784722222222209,89.04340277777757
8.470486111111091,56.60763888888876,11.362847222222197,61.35937499999986,8.677083333333313,79.95312499999982,8.26388888888887,95.964409722222,6.611111111111096,103.09201388888864,5.99131944444443,120.34288194444416
8.504918981481461,49.17013888888877,11.362847222222197,57.124131944444315,8.677083333333313,79.53993055555537,8.26388888888887,95.55121527777756,6.611111111111096,102.6788194444442,6.025752314814801,118.38020833333306
8.470486111111091,48.65364583333322,11.603877314814788,60.946180555555415,8.677083333333313,79.12673611111093,8.26388888888887,95.13802083333312,6.611111111111096,102.26562499999976,5.99131944444443,117.8637152777775
8.470486111111091,47.25911458333322,11.569444444444418,60.42968749999986,8.677083333333313,78.71354166666649,8.26388888888887,94.72482638888867,6.611111111111096,101.85243055555532,5.99131944444443,117.45052083333306
8.711516203703683,55.98784722222209,11.569444444444418,60.016493055555415,8.677083333333313,78.30034722222204,8.26388888888887,94.31163194444423,6.611111111111096,101.43923611111087,5.99131944444443,117.03732638888862
8.677083333333313,55.471354166666536,11.569444444444418,59.60329861111097,8.677083333333313,77.8871527777776,8.26388888888887,93.89843749999979,6.611111111111096,101.02604166666643,5.99131944444443,116.62413194444417
8.677083333333313,55.05815972222209,11.466145833333307,59.39670138888875,8.677083333333313,77.47395833333316,8.26388888888887,93.48524305555534,6.611111111111096,100.61284722222199,5.99131944444443,116.21093749999973
8.677083333333313,54.64496527777765,11.569444444444418,57.434027777777644,8.677083333333313,77.06076388888872,8.26388888888887,93.0720486111109,6.611111111111096,100.19965277777754,5.99131944444443,115.79774305555529
8.677083333333313,54.23177083333321,11.77604166666664,62.80555555555541,8.677083333333313,76.64756944444427,8.26388888888887,92.65885416666646,6.611111111111096,99.7864583333331,5.99131944444443,115.38454861111084
8.677083333333313,53.818576388888765,11.77604166666664,62.392361111110965,8.677083333333313,76.23437499999983,8.26388888888887,92.24565972222202,6.507812499999985,99.37326388888866,5.99131944444443,114.9713541666664
8.677083333333313,53.40538194444432,11.77604166666664,61.97916666666652,8.677083333333313,75.82118055555539,8.26388888888887,91.83246527777756,6.611111111111096,89.76649305555534,5.99131944444443,114.55815972222196
8.677083333333313,52.99218749999988,11.77604166666664,61.56597222222208,8.677083333333313,75.40798611111093,8.26388888888887,91.41927083333312,6.817708333333318,109.49652777777753,5.99131944444443,114.14496527777752
8.677083333333313,52.578993055555436,11.77604166666664,57.124131944444315,8.677083333333313,74.99479166666649,8.26388888888887,91.00607638888867,6.817708333333318,109.08333333333309,5.99131944444443,113.73177083333307
8.677083333333313,52.16579861111099,11.98263888888886,61.15277777777764,8.677083333333313,74.68489583333316,8.26388888888887,90.59288194444423,6.817708333333318,108.67013888888863,5.99131944444443,113.31857638888863
8.677083333333313,51.75260416666654,11.98263888888886,60.739583333333194,9.090277777777757,80.7795138888887,8.26388888888887,90.23133680555534,6.817708333333318,108.25694444444419,5.99131944444443,105.31293402777753
8.677083333333313,51.3394097222221,11.98263888888886,60.32638888888875,9.090277777777757,80.36631944444426,8.26388888888887,87.59722222222202,6.817708333333318,107.84374999999974,6.025752314814801,104.5381944444442
8.677083333333313,50.92621527777766,11.98263888888886,59.91319444444431,9.090277777777757,79.95312499999982,8.26388888888887,86.35763888888869,6.817708333333318,107.4305555555553,5.99131944444443,89.76649305555534
8.677083333333313,50.513020833333215,11.98263888888886,59.499999999999865,9.090277777777757,79.53993055555537,8.470486111111091,98.75347222222199,6.817708333333318,107.01736111111086,6.232349537037023,112.80208333333307
8.677083333333313,50.09982638888877,11.98263888888886,57.434027777777644,9.090277777777757,79.12673611111093,8.470486111111091,88.4236111111109,6.817708333333318,106.60416666666642,6.197916666666652,112.28559027777752
8.677083333333313,49.68663194444433,12.189236111111082,62.80555555555541,9.090277777777757,78.71354166666649,8.470486111111091,88.01041666666646,6.817708333333318,106.19097222222197,6.197916666666652,111.87239583333307
8.711516203703683,48.137152777777665,12.189236111111082,62.28906249999986,9.090277777777757,78.30034722222204,8.470486111111091,87.18402777777757,6.817708333333318,105.77777777777753,6.197916666666652,111.45920138888863
8.677083333333313,47.620659722222115,12.189236111111082,61.875868055555415,9.090277777777757,77.8871527777776,8.470486111111091,86.77083333333313,6.817708333333318,105.36458333333309,6.197916666666652,111.04600694444419
8.883680555555536,56.60763888888876,12.189236111111082,61.462673611110965,9.090277777777757,77.47395833333316,8.470486111111091,85.94444444444424,6.817708333333318,104.33159722222199,6.197916666666652,110.63281249999974
8.883680555555536,49.17013888888877,12.189236111111082,57.124131944444315,9.090277777777757,77.06076388888872,8.470486111111091,85.63454861111092,6.817708333333318,103.91840277777753,6.197916666666652,110.2196180555553
8.883680555555536,48.75694444444433,12.430266203703674,60.946180555555415,9.090277777777757,76.64756944444427,8.677083333333313,98.34027777777754,6.817708333333318,103.50520833333309,6.197916666666652,109.80642361111086
8.883680555555536,47.10416666666656,12.395833333333304,60.42968749999986,9.090277777777757,76.23437499999983,8.677083333333313,97.9270833333331,6.817708333333318,89.14670138888869,6.197916666666652,109.39322916666642
9.090277777777757,56.194444444444315,12.395833333333304,60.016493055555415,9.090277777777757,75.82118055555539,8.677083333333313,97.51388888888866,7.058738425925909,113.62847222222196,6.197916666666652,108.98003472222197
9.090277777777757,55.78124999999987,12.395833333333304,59.60329861111097,9.090277777777757,75.40798611111093,8.677083333333313,97.10069444444422,7.024305555555539,113.1119791666664,6.197916666666652,108.56684027777753
9.090277777777757,55.36805555555543,12.292534722222193,59.39670138888875,9.090277777777757,74.99479166666649,8.677083333333313,96.68749999999977,7.024305555555539,112.69878472222196,6.197916666666652,108.15364583333309
9.090277777777757,54.954861111110986,12.395833333333304,57.434027777777644,9.090277777777757,74.68489583333316,8.677083333333313,96.27430555555533,7.024305555555539,112.28559027777752,6.197916666666652,107.74045138888864
9.090277777777757,54.54166666666654,12.602430555555527,62.80555555555541,9.5034722222222,80.7795138888887,8.677083333333313,95.86111111111089,7.024305555555539,111.87239583333307,6.197916666666652,107.3272569444442
9.090277777777757,54.12847222222209,12.602430555555527,62.392361111110965,9.5034722222222,80.36631944444426,8.677083333333313,95.44791666666644,7.024305555555539,111.45920138888863,6.197916666666652,106.91406249999976
9.090277777777757,53.71527777777765,12.602430555555527,61.97916666666652,9.5034722222222,79.95312499999982,8.677083333333313,95.034722222222,7.024305555555539,111.04600694444419,6.197916666666652,106.50086805555532
9.090277777777757,53.30208333333321,12.602430555555527,61.56597222222208,9.5034722222222,79.53993055555537,8.677083333333313,94.62152777777756,7.024305555555539,110.63281249999974,6.197916666666652,106.08767361111086
9.090277777777757,52.888888888888765,12.602430555555527,57.124131944444315,9.5034722222222,79.12673611111093,8.677083333333313,94.20833333333312,7.024305555555539,110.2196180555553,6.197916666666652,105.67447916666642
9.090277777777757,52.47569444444432,12.809027777777748,61.15277777777764,9.5034722222222,78.71354166666649,8.677083333333313,93.79513888888867,7.024305555555539,109.80642361111086,6.197916666666652,103.91840277777753
9.090277777777757,52.06249999999988,12.809027777777748,60.739583333333194,9.5034722222222,78.30034722222204,8.677083333333313,93.38194444444423,7.024305555555539,103.09201388888864,6.197916666666652,103.55685763888864
9.090277777777757,51.649305555555436,12.809027777777748,60.32638888888875,9.5034722222222,77.8871527777776,8.677083333333313,92.96874999999979,7.024305555555539,102.6788194444442,6.197916666666652,89.24999999999979
9.090277777777757,51.23611111111099,12.809027777777748,59.91319444444431,9.5034722222222,77.47395833333316,8.677083333333313,92.55555555555534,7.024305555555539,102.26562499999976,6.404513888888874,120.34288194444416
9.090277777777757,50.82291666666655,12.809027777777748,59.499999999999865,9.5034722222222,77.06076388888872,8.677083333333313,92.1423611111109,7.024305555555539,101.85243055555532,6.438946759259244,118.7934027777775
9.090277777777757,50.40972222222211,12.809027777777748,57.434027777777644,9.5034722222222,76.64756944444427,8.677083333333313,91.72916666666646,7.024305555555539,101.43923611111087,6.404513888888874,118.27690972222194
9.090277777777757,49.996527777777665,13.01562499999997,62.80555555555541,9.5034722222222,76.23437499999983,8.677083333333313,91.31597222222202,7.024305555555539,101.02604166666643,6.404513888888874,117.8637152777775
9.090277777777757,49.583333333333215,13.01562499999997,62.392361111110965,9.5034722222222,75.82118055555539,8.677083333333313,90.90277777777757,7.024305555555539,100.61284722222199,6.404513888888874,117.45052083333306
9.090277777777757,48.343749999999886,13.01562499999997,61.97916666666652,9.5034722222222,75.40798611111093,8.677083333333313,90.48958333333313,7.024305555555539,100.19965277777754,6.404513888888874,117.03732638888862
9.090277777777757,47.93055555555544,13.01562499999997,61.56597222222208,9.5034722222222,74.99479166666649,8.677083333333313,90.17968749999979,7.024305555555539,99.88975694444422,6.404513888888874,116.62413194444417
9.090277777777757,47.517361111111,13.01562499999997,57.124131944444315,9.5034722222222,74.68489583333316,8.677083333333313,87.59722222222202,7.230902777777761,109.2899305555553,6.404513888888874,116.21093749999973
9.296874999999979,56.60763888888876,13.222222222222191,61.15277777777764,9.916666666666643,80.7795138888887,8.677083333333313,86.35763888888869,7.230902777777761,108.87673611111086,6.404513888888874,115.79774305555529
9.296874999999979,49.17013888888877,13.222222222222191,60.739583333333194,9.916666666666643,80.36631944444426,8.780381944444423,98.75347222222199,7.230902777777761,108.46354166666642,6.404513888888874,115.38454861111084
9.296874999999979,48.75694444444433,13.222222222222191,60.32638888888875,9.916666666666643,79.95312499999982,8.883680555555536,88.4236111111109,7.230902777777761,108.05034722222197,6.404513888888874,114.9713541666664
9.296874999999979,47.10416666666656,13.222222222222191,59.91319444444431,9.916666666666643,79.53993055555537,8.883680555555536,88.01041666666646,7.230902777777761,107.63715277777753,6.404513888888874,114.55815972222196
9.5034722222222,56.0911458333332,13.222222222222191,59.499999999999865,9.916666666666643,79.12673611111093,8.883680555555536,87.18402777777757,7.230902777777761,107.22395833333309,6.404513888888874,114.14496527777752
9.5034722222222,55.67795138888876,13.222222222222191,57.434027777777644,9.916666666666643,78.71354166666649,8.883680555555536,86.77083333333313,7.230902777777761,106.81076388888864,6.404513888888874,113.73177083333307
9.5034722222222,55.264756944444315,13.325520833333302,62.80555555555541,9.916666666666643,78.30034722222204,8.883680555555536,85.94444444444424,7.230902777777761,106.3975694444442,6.404513888888874,113.31857638888863
9.5034722222222,54.85156249999987,13.428819444444413,62.392361111110965,9.916666666666643,77.8871527777776,8.883680555555536,85.63454861111092,7.230902777777761,105.98437499999976,6.404513888888874,105.31293402777753
9.5034722222222,54.43836805555543,13.428819444444413,61.97916666666652,9.916666666666643,77.47395833333316,9.090277777777757,98.34027777777754,7.230902777777761,105.57118055555532,6.404513888888874,104.64149305555532
9.5034722222222,54.025173611110986,13.428819444444413,61.56597222222208,9.916666666666643,77.06076388888872,9.090277777777757,97.9270833333331,7.230902777777761,105.26128472222197,6.404513888888874,104.22829861111087
9.5034722222222,53.61197916666654,13.463252314814785,57.055266203703574,9.916666666666643,76.64756944444427,9.090277777777757,97.51388888888866,7.230902777777761,104.33159722222199,6.404513888888874,89.76649305555534
9.5034722222222,53.1987847222221,13.635416666666636,61.15277777777764,9.916666666666643,76.23437499999983,9.090277777777757,97.10069444444422,7.230902777777761,103.91840277777753,6.645543981481466,112.80208333333307
9.5034722222222,52.78559027777766,13.635416666666636,60.739583333333194,9.916666666666643,75.82118055555539,9.090277777777757,96.68749999999977,7.230902777777761,103.50520833333309,6.611111111111096,112.28559027777752
9.5034722222222,52.372395833333215,13.635416666666636,60.32638888888875,9.916666666666643,75.40798611111093,9.090277777777757,96.27430555555533,7.230902777777761,89.14670138888869,6.611111111111096,111.87239583333307
9.5034722222222,51.959201388888765,13.635416666666636,59.91319444444431,9.916666666666643,74.99479166666649,9.090277777777757,95.86111111111089,7.4719328703703525,113.83506944444419,6.611111111111096,111.45920138888863
9.5034722222222,51.54600694444432,13.635416666666636,59.551649305555415,9.916666666666643,74.68489583333316,9.090277777777757,95.44791666666644,7.437499999999983,113.31857638888863,6.611111111111096,111.04600694444419
9.5034722222222,51.13281249999988,13.738715277777747,63.21874999999985,10.329861111111088,80.7795138888887,9.090277777777757,95.034722222222,7.437499999999983,112.90538194444419,6.611111111111096,110.63281249999974
9.5034722222222,50.719618055555436,13.842013888888857,62.7022569444443,10.329861111111088,80.36631944444426,9.090277777777757,94.62152777777756,7.437499999999983,112.49218749999974,6.611111111111096,110.2196180555553
9.5034722222222,50.30642361111099,13.842013888888857,62.28906249999986,10.329861111111088,79.95312499999982,9.090277777777757,94.20833333333312,7.437499999999983,112.0789930555553,6.611111111111096,109.80642361111086
9.5034722222222,49.89322916666655,13.842013888888857,61.875868055555415,10.329861111111088,79.53993055555537,9.090277777777757,93.79513888888867,7.437499999999983,111.66579861111086,6.611111111111096,109.39322916666642
9.5034722222222,49.48003472222211,13.842013888888857,61.462673611110965,10.329861111111088,79.12673611111093,9.090277777777757,93.38194444444423,7.437499999999983,111.25260416666642,6.611111111111096,108.98003472222197
9.53790509259257,48.343749999999886,13.842013888888857,57.22743055555542,10.329861111111088,78.71354166666649,9.090277777777757,92.96874999999979,7.437499999999983,110.83940972222196,6.611111111111096,108.56684027777753
9.5034722222222,47.827256944444336,13.842013888888857,56.91753472222209,10.329861111111088,78.30034722222204,9.090277777777757,92.55555555555534,7.437499999999983,110.42621527777752,6.611111111111096,108.15364583333309
9.5034722222222,47.41406249999989,14.048611111111079,60.946180555555415,10.329861111111088,77.8871527777776,9.090277777777757,92.1423611111109,7.437499999999983,110.01302083333307,6.611111111111096,107.74045138888864
9.5034722222222,46.84592013888878,14.048611111111079,60.53298611111097,10.329861111111088,77.47395833333316,9.090277777777757,91.72916666666646,7.437499999999983,109.59982638888863,6.611111111111096,107.3272569444442
9.60677083333331,56.60763888888876,14.048611111111079,60.11979166666653,10.329861111111088,77.06076388888872,9.090277777777757,91.31597222222202,7.437499999999983,103.09201388888864,6.507812499999985,107.01736111111086
9.710069444444422,48.96354166666655,14.048611111111079,59.706597222222086,10.329861111111088,76.64756944444427,9.090277777777757,90.90277777777757,7.437499999999983,102.6788194444442,6.507812499999985,106.60416666666642
9.916666666666643,55.98784722222209,14.15190972222219,62.59895833333319,10.329861111111088,76.23437499999983,9.090277777777757,90.48958333333313,7.437499999999983,102.26562499999976,6.611111111111096,106.08767361111086
9.916666666666643,55.57465277777765,14.15190972222219,62.185763888888744,10.329861111111088,75.82118055555539,9.090277777777757,90.17968749999979,7.437499999999983,101.85243055555532,6.611111111111096,105.67447916666642
9.916666666666643,55.16145833333321,14.15190972222219,61.7725694444443,10.329861111111088,75.40798611111093,9.090277777777757,87.59722222222202,7.437499999999983,101.43923611111087,6.507812499999985,103.71180555555532
9.916666666666643,54.748263888888765,14.2552083333333,61.256076388888744,10.329861111111088,74.99479166666649,9.090277777777757,86.35763888888869,7.437499999999983,101.02604166666643,6.817708333333318,120.23958333333306
9.916666666666643,54.335069444444315,14.2552083333333,57.175781249999865,10.329861111111088,74.68489583333316,9.296874999999979,88.4236111111109,7.437499999999983,100.61284722222199,6.852141203703687,119.20659722222194
9.916666666666643,53.92187499999987,14.461805555555522,60.739583333333194,10.329861111111088,73.44531249999983,9.296874999999979,88.01041666666646,7.437499999999983,100.2513020833331,6.817708333333318,118.69010416666639
9.916666666666643,53.50868055555543,14.461805555555522,60.32638888888875,10.74305555555553,80.7795138888887,9.296874999999979,87.18402777777757,7.644097222222205,114.45486111111084,6.817708333333318,118.27690972222194
9.916666666666643,53.095486111110986,14.461805555555522,59.91319444444431,10.74305555555553,80.36631944444426,9.296874999999979,86.77083333333313,7.644097222222205,109.08333333333309,6.817708333333318,117.8637152777775
9.916666666666643,52.68229166666654,14.358506944444411,59.60329861111097,10.74305555555553,79.95312499999982,9.296874999999979,85.94444444444424,7.644097222222205,108.67013888888863,6.817708333333318,117.45052083333306
9.916666666666643,52.2690972222221,14.358506944444411,56.81423611111098,10.74305555555553,79.53993055555537,9.5034722222222,97.9270833333331,7.644097222222205,108.25694444444419,6.817708333333318,117.03732638888862
9.916666666666643,51.85590277777766,14.565104166666632,61.15277777777764,10.74305555555553,79.12673611111093,9.5034722222222,97.51388888888866,7.644097222222205,107.84374999999974,6.817708333333318,116.62413194444417
9.916666666666643,51.442708333333215,46.17447916666656,70.55295138888873,10.74305555555553,78.71354166666649,9.5034722222222,97.10069444444422,7.644097222222205,107.4305555555553,6.817708333333318,116.21093749999973
9.916666666666643,51.02951388888877,48.96354166666655,85.42795138888869,10.74305555555553,78.30034722222204,9.5034722222222,96.68749999999977,7.644097222222205,107.01736111111086,6.817708333333318,115.79774305555529
9.916666666666643,50.61631944444433,49.37673611111099,85.42795138888869,10.74305555555553,77.8871527777776,9.5034722222222,96.27430555555533,7.644097222222205,106.60416666666642,6.817708333333318,115.38454861111084
9.916666666666643,50.203124999999886,49.78993055555544,85.32465277777759,10.74305555555553,77.47395833333316,9.5034722222222,95.86111111111089,7.644097222222205,106.19097222222197,6.817708333333318,114.9713541666664
9.916666666666643,49.78993055555544,50.203124999999886,85.32465277777759,10.74305555555553,77.06076388888872,9.5034722222222,95.44791666666644,7.644097222222205,105.77777777777753,6.817708333333318,114.55815972222196
9.916666666666643,49.37673611111099,50.40972222222211,86.66753472222202,10.74305555555553,76.64756944444427,9.5034722222222,95.034722222222,7.644097222222205,105.36458333333309,6.817708333333318,114.14496527777752
9.916666666666643,48.55034722222211,50.30642361111099,86.15104166666647,10.74305555555553,76.23437499999983,9.5034722222222,94.62152777777756,7.644097222222205,104.33159722222199,6.817708333333318,113.73177083333307
9.916666666666643,48.137152777777665,50.40972222222211,85.63454861111092,10.74305555555553,75.82118055555539,9.5034722222222,94.20833333333312,7.644097222222205,103.91840277777753,6.817708333333318,113.31857638888863
9.916666666666643,47.72395833333322,50.40972222222211,85.0664062499998,10.74305555555553,75.40798611111093,9.5034722222222,93.79513888888867,7.644097222222205,103.50520833333309,6.817708333333318,105.26128472222197
9.916666666666643,47.31076388888878,50.650752314814696,84.70486111111092,10.74305555555553,74.99479166666649,9.5034722222222,93.38194444444423,7.644097222222205,89.14670138888869,6.817708333333318,104.5381944444442
9.916666666666643,46.94921874999989,50.61631944444433,84.18836805555536,10.74305555555553,74.68489583333316,9.5034722222222,92.96874999999979,7.850694444444426,114.0416666666664,6.817708333333318,104.22829861111087
10.123263888888866,48.96354166666655,50.61631944444433,83.77517361111092,10.74305555555553,73.44531249999983,9.5034722222222,92.55555555555534,7.850694444444426,113.62847222222196,6.817708333333318,89.76649305555534
10.329861111111088,55.98784722222209,50.61631944444433,83.46527777777759,11.156249999999973,80.7795138888887,9.5034722222222,92.1423611111109,7.850694444444426,113.21527777777752,7.024305555555539,112.80208333333307
10.329861111111088,55.57465277777765,50.82291666666655,85.32465277777759,11.156249999999973,80.36631944444426,9.5034722222222,91.72916666666646,7.850694444444426,112.80208333333307,7.024305555555539,112.38888888888863
10.329861111111088,55.16145833333321,51.02951388888877,87.28732638888869,11.156249999999973,79.95312499999982,9.5034722222222,91.31597222222202,7.850694444444426,112.38888888888863,7.024305555555539,111.97569444444419
10.329861111111088,54.748263888888765,51.02951388888877,84.96310763888869,11.156249999999973,79.53993055555537,9.5034722222222,90.90277777777757,7.850694444444426,111.97569444444419,7.024305555555539,111.56249999999974
10.329861111111088,54.335069444444315,51.02951388888877,83.46527777777759,11.156249999999973,79.12673611111093,9.5034722222222,90.48958333333313,7.850694444444426,111.56249999999974,7.024305555555539,111.1493055555553
10.329861111111088,53.92187499999987,51.23611111111099,85.32465277777759,11.156249999999973,78.71354166666649,9.5034722222222,90.17968749999979,7.850694444444426,111.1493055555553,7.024305555555539,110.73611111111086
10.329861111111088,53.50868055555543,51.442708333333215,87.28732638888869,11.156249999999973,78.30034722222204,9.5034722222222,87.59722222222202,7.850694444444426,110.73611111111086,7.024305555555539,110.32291666666642
10.329861111111088,53.095486111110986,51.442708333333215,85.01475694444424,11.156249999999973,77.8871527777776,9.5034722222222,86.35763888888869,7.850694444444426,110.32291666666642,7.024305555555539,109.90972222222197
10.329861111111088,52.68229166666654,51.442708333333215,83.46527777777759,11.156249999999973,77.47395833333316,9.710069444444422,88.4236111111109,7.850694444444426,109.90972222222197,7.024305555555539,109.49652777777753
10.329861111111088,52.2690972222221,51.649305555555436,85.22135416666647,11.156249999999973,77.06076388888872,9.710069444444422,88.01041666666646,7.850694444444426,109.49652777777753,7.024305555555539,109.08333333333309
10.329861111111088,51.85590277777766,51.85590277777766,87.28732638888869,11.156249999999973,76.64756944444427,9.710069444444422,87.18402777777757,7.850694444444426,103.09201388888864,7.024305555555539,108.67013888888863
10.329861111111088,51.442708333333215,51.85590277777766,83.46527777777759,11.156249999999973,76.23437499999983,9.710069444444422,86.77083333333313,7.850694444444426,102.6788194444442,7.024305555555539,108.25694444444419
10.329861111111088,51.02951388888877,52.06249999999988,85.11805555555536,11.156249999999973,75.82118055555539,9.710069444444422,85.94444444444424,7.850694444444426,102.26562499999976,7.024305555555539,107.84374999999974
10.329861111111088,50.61631944444433,52.06249999999988,84.80815972222203,11.156249999999973,75.40798611111093,9.916666666666643,97.9270833333331,7.850694444444426,101.85243055555532,7.024305555555539,107.4305555555553
10.329861111111088,50.203124999999886,52.2690972222221,87.28732638888869,11.156249999999973,74.99479166666649,9.916666666666643,97.51388888888866,7.850694444444426,101.43923611111087,7.024305555555539,105.57118055555532
10.329861111111088,49.78993055555544,52.2690972222221,83.87847222222203,11.156249999999973,74.68489583333316,9.916666666666643,97.10069444444422,7.850694444444426,101.02604166666643,7.230902777777761,120.23958333333306
10.329861111111088,49.37673611111099,52.2690972222221,83.46527777777759,11.052951388888863,73.44531249999983,9.916666666666643,96.68749999999977,7.747395833333315,100.7161458333331,7.230902777777761,119.41319444444417
10.329861111111088,48.55034722222211,52.2690972222221,83.1037326388887,11.569444444444418,80.7795138888887,9.916666666666643,96.27430555555533,7.850694444444426,89.76649305555534,7.230902777777761,118.99999999999973
10.329861111111088,48.137152777777665,52.47569444444432,91.10937499999979,11.569444444444418,80.36631944444426,9.916666666666643,95.86111111111089,8.057291666666648,114.45486111111084,7.230902777777761,118.58680555555529
10.329861111111088,47.72395833333322,52.47569444444432,90.2829861111109,11.569444444444418,79.95312499999982,9.916666666666643,95.44791666666644,8.057291666666648,109.08333333333309,7.230902777777761,118.17361111111083
10.329861111111088,47.31076388888878,52.47569444444432,85.11805555555536,11.569444444444418,79.53993055555537,9.916666666666643,95.034722222222,8.057291666666648,108.67013888888863,7.230902777777761,117.76041666666639
10.329861111111088,47.00086805555544,52.47569444444432,84.70486111111092,11.569444444444418,79.12673611111093,9.916666666666643,94.62152777777756,8.057291666666648,108.25694444444419,7.230902777777761,117.34722222222194
10.536458333333309,48.96354166666655,52.47569444444432,84.29166666666647,11.569444444444418,78.71354166666649,9.916666666666643,94.20833333333312,8.057291666666648,107.84374999999974,7.230902777777761,116.9340277777775
10.7774884259259,55.98784722222209,52.372395833333215,82.6388888888887,11.569444444444418,78.30034722222204,9.916666666666643,93.79513888888867,8.057291666666648,107.4305555555553,7.230902777777761,116.52083333333306
10.74305555555553,55.471354166666536,52.372395833333215,82.22569444444426,11.569444444444418,77.8871527777776,9.916666666666643,93.38194444444423,8.057291666666648,107.01736111111086,7.230902777777761,116.10763888888862
10.74305555555553,55.05815972222209,52.68229166666654,90.69618055555534,11.569444444444418,77.47395833333316,9.916666666666643,92.96874999999979,8.057291666666648,106.60416666666642,7.230902777777761,115.69444444444417
10.74305555555553,54.64496527777765,52.68229166666654,89.86979166666646,11.569444444444418,77.06076388888872,9.916666666666643,92.55555555555534,8.057291666666648,106.19097222222197,7.230902777777761,115.28124999999973
10.74305555555553,54.23177083333321,52.68229166666654,87.23567708333313,11.569444444444418,76.64756944444427,9.916666666666643,92.1423611111109,8.057291666666648,105.77777777777753,7.230902777777761,114.86805555555529
10.74305555555553,53.818576388888765,52.71672453703691,83.87847222222203,11.569444444444418,76.23437499999983,9.916666666666643,91.72916666666646,8.057291666666648,105.4678819444442,7.230902777777761,114.45486111111084
10.74305555555553,53.40538194444432,52.68229166666654,83.36197916666647,11.569444444444418,75.82118055555539,9.916666666666643,91.31597222222202,8.057291666666648,104.33159722222199,7.230902777777761,114.0416666666664
10.74305555555553,52.99218749999988,52.578993055555436,83.05208333333314,11.569444444444418,75.40798611111093,9.916666666666643,90.90277777777757,8.057291666666648,103.91840277777753,7.230902777777761,113.62847222222196
10.74305555555553,52.578993055555436,52.888888888888765,91.2126736111109,11.569444444444418,74.99479166666649,9.916666666666643,90.48958333333313,8.057291666666648,103.50520833333309,7.230902777777761,113.21527777777752
10.74305555555553,52.16579861111099,52.78559027777766,90.2829861111109,11.569444444444418,74.68489583333316,9.916666666666643,90.12803819444423,8.057291666666648,89.14670138888869,7.230902777777761,105.26128472222197
10.74305555555553,51.75260416666654,52.92332175925914,89.52546296296275,11.98263888888886,80.7795138888887,9.916666666666643,87.59722222222202,8.26388888888887,114.76475694444417,7.230902777777761,104.5381944444442
10.74305555555553,51.3394097222221,52.92332175925914,85.32465277777759,11.98263888888886,80.36631944444426,9.916666666666643,86.35763888888869,8.29832175925924,114.0416666666664,7.230902777777761,104.22829861111087
10.74305555555553,50.92621527777766,52.78559027777766,84.91145833333313,11.98263888888886,79.95312499999982,10.123263888888866,88.4236111111109,8.26388888888887,113.52517361111084,7.230902777777761,89.76649305555534
10.74305555555553,50.513020833333215,52.78559027777766,84.49826388888869,11.98263888888886,79.53993055555537,10.123263888888866,88.01041666666646,8.26388888888887,113.1119791666664,7.437499999999983,112.80208333333307
10.74305555555553,50.09982638888877,53.095486111110986,87.08072916666646,11.98263888888886,79.12673611111093,10.123263888888866,87.18402777777757,8.26388888888887,112.69878472222196,7.437499999999983,112.38888888888863
10.74305555555553,49.68663194444433,53.095486111110986,86.66753472222202,11.98263888888886,78.71354166666649,10.123263888888866,86.77083333333313,8.26388888888887,112.28559027777752,7.437499999999983,111.97569444444419
10.74305555555553,49.273437499999886,53.095486111110986,86.25434027777757,11.98263888888886,78.30034722222204,10.123263888888866,85.94444444444424,8.26388888888887,111.87239583333307,7.437499999999983,111.56249999999974
10.7774884259259,48.55034722222211,53.095486111110986,85.84114583333313,11.98263888888886,77.8871527777776,10.329861111111088,97.9270833333331,8.26388888888887,111.45920138888863,7.437499999999983,111.1493055555553
10.74305555555553,48.03385416666656,53.095486111110986,83.46527777777759,11.98263888888886,77.47395833333316,10.329861111111088,97.51388888888866,8.26388888888887,111.04600694444419,7.437499999999983,110.73611111111086
10.74305555555553,47.620659722222115,53.30208333333321,91.72916666666646,11.98263888888886,77.06076388888872,10.329861111111088,97.10069444444422,8.26388888888887,110.63281249999974,7.437499999999983,110.32291666666642
10.74305555555553,47.207465277777665,53.30208333333321,91.41927083333312,11.98263888888886,76.64756944444427,10.329861111111088,96.68749999999977,8.26388888888887,110.2196180555553,7.437499999999983,109.90972222222197
10.63975694444442,47.00086805555544,53.30208333333321,89.45659722222202,11.98263888888886,76.23437499999983,10.329861111111088,96.27430555555533,8.26388888888887,109.80642361111086,7.437499999999983,109.49652777777753
11.156249999999973,56.194444444444315,53.30208333333321,85.32465277777759,11.98263888888886,75.82118055555539,10.329861111111088,95.86111111111089,8.26388888888887,109.39322916666642,7.437499999999983,109.08333333333309
11.156249999999973,55.78124999999987,53.30208333333321,80.98611111111093,11.98263888888886,75.40798611111093,10.329861111111088,95.44791666666644,8.26388888888887,103.09201388888864,7.437499999999983,108.67013888888863
11.156249999999973,55.36805555555543,53.50868055555543,95.29296874999977,11.98263888888886,74.99479166666649,10.329861111111088,95.034722222222,8.26388888888887,102.6788194444442,7.437499999999983,108.25694444444419
11.156249999999973,54.954861111110986,53.5431134259258,86.97743055555536,11.98263888888886,74.68489583333316,10.329861111111088,94.62152777777756,8.26388888888887,102.26562499999976,7.437499999999983,107.84374999999974
11.156249999999973,54.54166666666654,53.50868055555543,86.4609374999998,12.395833333333304,80.7795138888887,10.329861111111088,94.20833333333312,8.26388888888887,101.85243055555532,7.437499999999983,107.48220486111086
11.156249999999973,54.12847222222209,53.50868055555543,86.04774305555536,12.395833333333304,80.36631944444426,10.329861111111088,93.79513888888867,8.26388888888887,101.54253472222199,7.437499999999983,105.57118055555532
11.156249999999973,53.71527777777765,53.50868055555543,85.63454861111092,12.395833333333304,79.95312499999982,10.329861111111088,93.38194444444423,8.26388888888887,89.76649305555534,7.644097222222205,120.23958333333306
11.156249999999973,53.30208333333321,53.50868055555543,83.46527777777759,12.395833333333304,79.53993055555537,10.329861111111088,92.96874999999979,8.504918981481461,108.87673611111086,7.644097222222205,119.41319444444417
11.156249999999973,52.888888888888765,53.50868055555543,80.67621527777759,12.395833333333304,79.12673611111093,10.329861111111088,92.55555555555534,8.470486111111091,108.3602430555553,7.644097222222205,118.99999999999973
11.156249999999973,52.47569444444432,53.71527777777765,91.72916666666646,12.395833333333304,78.71354166666649,10.329861111111088,92.1423611111109,8.470486111111091,107.94704861111086,7.644097222222205,118.58680555555529
11.156249999999973,52.06249999999988,53.71527777777765,91.41927083333312,12.395833333333304,78.30034722222204,10.329861111111088,91.72916666666646,8.470486111111091,107.53385416666642,7.644097222222205,118.17361111111083
11.156249999999973,51.649305555555436,53.71527777777765,89.45659722222202,12.395833333333304,77.8871527777776,10.329861111111088,91.31597222222202,8.470486111111091,107.12065972222197,7.644097222222205,117.76041666666639
11.156249999999973,51.23611111111099,53.71527777777765,85.22135416666647,12.395833333333304,77.47395833333316,10.329861111111088,90.90277777777757,8.470486111111091,106.70746527777753,7.644097222222205,117.34722222222194
11.156249999999973,50.82291666666655,53.71527777777765,80.98611111111093,12.395833333333304,77.06076388888872,10.329861111111088,90.48958333333313,8.470486111111091,106.29427083333309,7.644097222222205,116.9340277777775
11.156249999999973,50.40972222222211,53.749710648148024,79.98755787037018,12.395833333333304,76.64756944444427,10.329861111111088,90.07638888888869,8.470486111111091,105.88107638888864,7.644097222222205,116.52083333333306
11.156249999999973,49.996527777777665,53.92187499999987,95.24131944444423,12.395833333333304,76.23437499999983,10.329861111111088,87.59722222222202,8.470486111111091,105.51953124999976,7.644097222222205,116.10763888888862
11.156249999999973,49.583333333333215,53.92187499999987,89.24999999999979,12.395833333333304,75.82118055555539,10.329861111111088,86.35763888888869,8.470486111111091,104.33159722222199,7.644097222222205,115.69444444444417
11.156249999999973,49.17013888888877,53.92187499999987,87.08072916666646,12.395833333333304,75.40798611111093,10.536458333333309,88.4236111111109,8.470486111111091,103.91840277777753,7.644097222222205,115.28124999999973
11.156249999999973,48.75694444444433,53.92187499999987,86.66753472222202,12.395833333333304,74.99479166666649,10.536458333333309,88.01041666666646,8.470486111111091,103.50520833333309,7.644097222222205,114.86805555555529
11.156249999999973,48.343749999999886,53.92187499999987,86.25434027777757,12.395833333333304,74.68489583333316,10.536458333333309,87.18402777777757,8.470486111111091,89.14670138888869,7.644097222222205,114.45486111111084
11.156249999999973,47.93055555555544,53.92187499999987,85.84114583333313,12.809027777777748,80.7795138888887,10.536458333333309,86.77083333333313,8.711516203703683,114.86805555555529,7.644097222222205,114.0416666666664
11.156249999999973,47.517361111111,53.92187499999987,85.42795138888869,12.809027777777748,80.36631944444426,10.536458333333309,85.94444444444424,8.677083333333313,114.35156249999973,7.644097222222205,113.62847222222196
11.156249999999973,47.10416666666656,53.92187499999987,83.6718749999998,12.809027777777748,79.95312499999982,10.74305555555553,97.9270833333331,8.677083333333313,113.93836805555529,7.644097222222205,113.21527777777752
11.569444444444418,56.194444444444315,53.956307870370246,80.57291666666649,12.809027777777748,79.53993055555537,10.74305555555553,97.51388888888866,8.677083333333313,113.52517361111084,7.644097222222205,105.26128472222197
11.569444444444418,55.78124999999987,54.12847222222209,94.87977430555533,12.809027777777748,79.12673611111093,10.74305555555553,97.10069444444422,8.677083333333313,113.1119791666664,7.644097222222205,104.5381944444442
11.569444444444418,55.36805555555543,54.162905092592474,94.20833333333312,12.809027777777748,78.71354166666649,10.74305555555553,96.68749999999977,8.677083333333313,112.69878472222196,7.644097222222205,104.22829861111087
11.569444444444418,54.954861111110986,54.12847222222209,93.79513888888867,12.809027777777748,78.30034722222204,10.74305555555553,96.27430555555533,8.677083333333313,112.28559027777752,7.644097222222205,89.66319444444423
11.569444444444418,54.54166666666654,54.12847222222209,91.72916666666646,12.809027777777748,77.8871527777776,10.74305555555553,95.86111111111089,8.677083333333313,111.87239583333307,7.850694444444426,112.80208333333307
11.569444444444418,54.12847222222209,54.12847222222209,91.36762152777757,12.809027777777748,77.47395833333316,10.74305555555553,95.44791666666644,8.677083333333313,111.45920138888863,7.850694444444426,112.38888888888863
11.569444444444418,53.71527777777765,54.12847222222209,89.66319444444423,12.809027777777748,77.06076388888872,10.74305555555553,95.034722222222,8.677083333333313,111.04600694444419,7.850694444444426,111.97569444444419
11.569444444444418,53.30208333333321,54.12847222222209,84.91145833333313,12.809027777777748,76.64756944444427,10.74305555555553,94.62152777777756,8.677083333333313,110.63281249999974,7.850694444444426,111.56249999999974
11.569444444444418,52.888888888888765,54.12847222222209,84.49826388888869,12.809027777777748,76.23437499999983,10.74305555555553,94.20833333333312,8.677083333333313,110.2196180555553,7.850694444444426,111.1493055555553
11.569444444444418,52.47569444444432,54.12847222222209,84.08506944444424,12.809027777777748,75.82118055555539,10.74305555555553,93.79513888888867,8.677083333333313,109.80642361111086,7.850694444444426,110.73611111111086
11.569444444444418,52.06249999999988,54.12847222222209,79.95312499999982,12.809027777777748,75.40798611111093,10.74305555555553,93.38194444444423,8.677083333333313,109.39322916666642,7.850694444444426,110.32291666666642
11.569444444444418,51.649305555555436,54.12847222222209,79.53993055555537,12.809027777777748,74.99479166666649,10.74305555555553,92.96874999999979,8.677083333333313,103.09201388888864,7.850694444444426,109.90972222222197
11.569444444444418,51.23611111111099,54.335069444444315,95.24131944444423,12.809027777777748,74.68489583333316,10.74305555555553,92.55555555555534,8.677083333333313,102.6788194444442,7.850694444444426,109.49652777777753
11.569444444444418,50.82291666666655,54.335069444444315,89.3532986111109,13.222222222222191,80.7795138888887,10.74305555555553,92.1423611111109,8.677083333333313,102.26562499999976,7.850694444444426,109.08333333333309
11.569444444444418,50.40972222222211,54.335069444444315,86.97743055555536,13.222222222222191,80.36631944444426,10.74305555555553,91.72916666666646,8.677083333333313,101.85243055555532,7.850694444444426,108.67013888888863
11.569444444444418,49.996527777777665,54.335069444444315,86.56423611111092,13.222222222222191,79.95312499999982,10.74305555555553,91.31597222222202,8.677083333333313,101.54253472222199,7.850694444444426,108.25694444444419
11.569444444444418,49.583333333333215,54.335069444444315,86.15104166666647,13.222222222222191,79.53993055555537,10.74305555555553,90.90277777777757,8.677083333333313,89.76649305555534,7.850694444444426,107.84374999999974
11.569444444444418,49.17013888888877,54.335069444444315,85.73784722222203,13.222222222222191,79.12673611111093,10.74305555555553,90.48958333333313,8.883680555555536,108.87673611111086,7.850694444444426,107.53385416666642
11.569444444444418,48.75694444444433,54.335069444444315,85.32465277777759,13.222222222222191,78.71354166666649,10.74305555555553,90.07638888888869,8.883680555555536,108.46354166666642,7.850694444444426,105.57118055555532
11.569444444444418,48.343749999999886,54.335069444444315,83.72352430555536,13.222222222222191,78.30034722222204,10.74305555555553,87.59722222222202,8.883680555555536,108.05034722222197,8.057291666666648,120.23958333333306
11.569444444444418,47.93055555555544,54.335069444444315,80.67621527777759,13.222222222222191,77.8871527777776,10.74305555555553,86.35763888888869,8.883680555555536,107.63715277777753,8.057291666666648,119.41319444444417
11.569444444444418,47.517361111111,54.335069444444315,80.26302083333314,13.222222222222191,77.47395833333316,10.949652777777752,88.4236111111109,8.883680555555536,107.22395833333309,8.057291666666648,118.99999999999973
11.569444444444418,47.10416666666656,54.335069444444315,79.2816840277776,13.222222222222191,77.06076388888872,10.949652777777752,88.01041666666646,8.883680555555536,106.81076388888864,8.057291666666648,118.58680555555529
11.98263888888886,56.194444444444315,54.43836805555543,94.82812499999979,13.222222222222191,76.64756944444427,10.949652777777752,87.18402777777757,8.883680555555536,106.3975694444442,8.057291666666648,118.17361111111083
11.98263888888886,55.78124999999987,54.43836805555543,94.41493055555533,13.222222222222191,76.23437499999983,10.949652777777752,86.77083333333313,8.883680555555536,105.98437499999976,8.057291666666648,117.76041666666639
11.98263888888886,55.36805555555543,54.54166666666654,93.89843749999979,13.222222222222191,75.82118055555539,10.949652777777752,85.94444444444424,8.883680555555536,105.57118055555532,8.057291666666648,117.34722222222194
11.98263888888886,54.954861111110986,54.54166666666654,93.48524305555534,13.222222222222191,75.40798611111093,11.156249999999973,98.13368055555533,8.883680555555536,104.33159722222199,8.057291666666648,116.9340277777775
11.98263888888886,54.54166666666654,54.54166666666654,91.62586805555534,13.222222222222191,74.99479166666649,11.156249999999973,97.72048611111089,8.883680555555536,103.91840277777753,8.057291666666648,116.52083333333306
11.98263888888886,54.12847222222209,54.54166666666654,91.2126736111109,13.222222222222191,74.68489583333316,11.156249999999973,97.30729166666644,8.883680555555536,103.50520833333309,8.057291666666648,116.10763888888862
11.98263888888886,53.71527777777765,54.43836805555543,91.00607638888867,13.222222222222191,73.44531249999983,11.156249999999973,96.894097222222,8.883680555555536,89.14670138888869,8.057291666666648,115.69444444444417
11.98263888888886,53.30208333333321,54.57609953703692,89.69762731481461,13.635416666666636,80.7795138888887,11.156249999999973,96.48090277777756,9.124710648148126,115.07465277777752,8.057291666666648,115.28124999999973
11.98263888888886,52.888888888888765,54.54166666666654,84.80815972222203,13.635416666666636,80.36631944444426,11.156249999999973,96.06770833333312,9.090277777777757,114.55815972222196,8.057291666666648,114.86805555555529
11.98263888888886,52.47569444444432,54.43836805555543,84.49826388888869,13.635416666666636,79.95312499999982,11.156249999999973,95.65451388888867,9.090277777777757,114.14496527777752,8.057291666666648,114.45486111111084
11.98263888888886,52.06249999999988,54.43836805555543,84.08506944444424,13.635416666666636,79.53993055555537,11.156249999999973,95.24131944444423,9.090277777777757,113.73177083333307,8.057291666666648,114.0416666666664
11.98263888888886,51.649305555555436,54.54166666666654,79.64322916666649,13.635416666666636,79.12673611111093,11.156249999999973,94.82812499999979,9.090277777777757,113.31857638888863,8.057291666666648,113.62847222222196
11.98263888888886,51.23611111111099,54.64496527777765,90.69618055555534,13.635416666666636,78.71354166666649,11.156249999999973,94.41493055555533,9.090277777777757,112.90538194444419,8.057291666666648,113.21527777777752
11.98263888888886,50.82291666666655,54.748263888888765,90.2829861111109,13.635416666666636,78.30034722222204,11.156249999999973,94.00173611111089,9.090277777777757,112.49218749999974,8.057291666666648,105.31293402777753
11.98263888888886,50.40972222222211,54.64496527777765,86.87413194444424,13.635416666666636,77.8871527777776,11.156249999999973,93.58854166666644,9.090277777777757,112.0789930555553,8.057291666666648,104.5381944444442
11.98263888888886,49.996527777777665,54.64496527777765,85.5312499999998,13.635416666666636,77.47395833333316,11.156249999999973,93.175347222222,9.090277777777757,111.66579861111086,8.057291666666648,104.22829861111087
11.98263888888886,49.583333333333215,54.748263888888765,79.2816840277776,13.635416666666636,77.06076388888872,11.156249999999973,92.76215277777756,9.090277777777757,111.25260416666642,8.057291666666648,89.66319444444423
11.98263888888886,49.17013888888877,54.954861111110986,93.58854166666644,13.635416666666636,76.64756944444427,11.156249999999973,92.34895833333312,9.090277777777757,110.83940972222196,8.29832175925924,112.80208333333307
11.98263888888886,48.75694444444433,54.954861111110986,93.175347222222,13.635416666666636,76.23437499999983,11.156249999999973,91.93576388888867,9.090277777777757,110.42621527777752,8.26388888888887,112.28559027777752
11.98263888888886,48.343749999999886,54.98929398148136,92.58998842592571,13.635416666666636,75.82118055555539,11.156249999999973,91.52256944444423,9.090277777777757,110.01302083333307,8.26388888888887,111.87239583333307
11.98263888888886,47.93055555555544,54.85156249999987,89.86979166666646,13.635416666666636,75.40798611111093,11.156249999999973,91.10937499999979,9.090277777777757,109.59982638888863,8.26388888888887,111.45920138888863
11.98263888888886,47.517361111111,55.19589120370358,102.88541666666643,13.635416666666636,74.99479166666649,11.156249999999973,90.69618055555534,9.090277777777757,109.18663194444419,8.26388888888887,111.04600694444419
11.98263888888886,47.10416666666656,55.16145833333321,102.36892361111087,13.635416666666636,74.68489583333316,11.156249999999973,90.2829861111109,9.090277777777757,103.09201388888864,8.26388888888887,110.63281249999974
12.395833333333304,56.194444444444315,55.16145833333321,101.95572916666643,13.635416666666636,73.39366319444427,11.156249999999973,89.97309027777757,9.090277777777757,102.6788194444442,8.26388888888887,110.2196180555553
12.395833333333304,55.78124999999987,55.16145833333321,101.54253472222199,14.048611111111079,80.98611111111093,11.156249999999973,87.59722222222202,9.090277777777757,102.26562499999976,8.26388888888887,109.80642361111086
12.395833333333304,55.36805555555543,55.16145833333321,101.12934027777754,14.048611111111079,80.57291666666649,11.156249999999973,86.35763888888869,9.090277777777757,101.85243055555532,8.26388888888887,109.39322916666642
12.395833333333304,54.954861111110986,55.36805555555543,100.61284722222199,14.048611111111079,80.15972222222203,11.156249999999973,85.63454861111092,9.090277777777757,101.54253472222199,8.26388888888887,108.98003472222197
12.395833333333304,54.54166666666654,55.36805555555543,100.19965277777754,14.048611111111079,79.74652777777759,11.362847222222197,88.4236111111109,9.090277777777757,89.76649305555534,8.26388888888887,108.56684027777753
12.395833333333304,54.12847222222209,55.36805555555543,99.7864583333331,14.048611111111079,79.33333333333314,11.362847222222197,88.01041666666646,9.296874999999979,108.67013888888863,8.26388888888887,108.15364583333309
12.395833333333304,53.71527777777765,55.36805555555543,99.37326388888866,14.048611111111079,78.9201388888887,11.362847222222197,87.18402777777757,9.296874999999979,108.25694444444419,8.26388888888887,107.74045138888864
12.395833333333304,53.30208333333321,55.36805555555543,98.96006944444422,14.048611111111079,78.50694444444426,11.362847222222197,86.77083333333313,9.296874999999979,107.84374999999974,8.26388888888887,107.37890624999974
12.395833333333304,52.888888888888765,55.36805555555543,98.54687499999977,14.048611111111079,78.09374999999982,11.362847222222197,85.94444444444424,9.296874999999979,107.4305555555553,8.470486111111091,120.23958333333306
12.395833333333304,52.47569444444432,55.36805555555543,93.38194444444423,14.048611111111079,77.68055555555537,11.569444444444418,98.13368055555533,9.296874999999979,107.01736111111086,8.504918981481461,119.20659722222194
12.395833333333304,52.06249999999988,55.36805555555543,92.96874999999979,14.048611111111079,77.26736111111093,11.569444444444418,97.72048611111089,9.296874999999979,106.60416666666642,8.470486111111091,118.69010416666639
12.395833333333304,51.649305555555436,55.36805555555543,92.55555555555534,14.048611111111079,76.85416666666649,11.569444444444418,97.30729166666644,9.296874999999979,106.19097222222197,8.470486111111091,118.27690972222194
12.395833333333304,51.23611111111099,55.36805555555543,79.12673611111093,14.048611111111079,76.44097222222204,11.569444444444418,96.894097222222,9.296874999999979,105.77777777777753,8.470486111111091,117.8637152777775
12.395833333333304,50.82291666666655,55.57465277777765,103.09201388888864,14.048611111111079,76.0277777777776,11.569444444444418,96.48090277777756,9.296874999999979,105.4678819444442,8.470486111111091,117.45052083333306
12.395833333333304,50.40972222222211,55.57465277777765,102.6788194444442,14.048611111111079,75.61458333333316,11.569444444444418,96.06770833333312,9.296874999999979,104.33159722222199,8.470486111111091,117.03732638888862
12.395833333333304,49.996527777777665,55.57465277777765,102.26562499999976,14.048611111111079,75.20138888888872,11.569444444444418,95.65451388888867,9.296874999999979,103.91840277777753,8.470486111111091,116.62413194444417
12.395833333333304,49.583333333333215,55.57465277777765,101.85243055555532,14.048611111111079,74.78819444444427,11.569444444444418,95.24131944444423,9.296874999999979,103.50520833333309,8.470486111111091,116.21093749999973
12.395833333333304,49.17013888888877,55.57465277777765,101.43923611111087,14.048611111111079,73.34201388888872,11.569444444444418,94.82812499999979,9.296874999999979,89.14670138888869,8.470486111111091,115.79774305555529
12.395833333333304,48.75694444444433,55.57465277777765,101.02604166666643,14.2552083333333,73.03211805555539,11.569444444444418,94.41493055555533,9.5034722222222,115.28124999999973,8.470486111111091,115.38454861111084
12.395833333333304,48.343749999999886,55.57465277777765,98.23697916666644,14.461805555555522,80.98611111111093,11.569444444444418,94.00173611111089,9.5034722222222,114.86805555555529,8.470486111111091,114.9713541666664
12.395833333333304,47.93055555555544,55.57465277777765,92.1423611111109,14.461805555555522,80.57291666666649,11.569444444444418,93.58854166666644,9.5034722222222,114.45486111111084,8.470486111111091,114.55815972222196
12.395833333333304,47.517361111111,55.57465277777765,91.83246527777756,14.461805555555522,80.15972222222203,11.569444444444418,93.175347222222,9.5034722222222,114.0416666666664,8.470486111111091,114.14496527777752
12.395833333333304,47.10416666666656,55.78124999999987,100.61284722222199,14.461805555555522,79.74652777777759,11.569444444444418,92.76215277777756,9.5034722222222,113.62847222222196,8.470486111111091,113.73177083333307
12.809027777777748,56.194444444444315,55.78124999999987,100.19965277777754,14.461805555555522,79.33333333333314,11.569444444444418,92.34895833333312,9.5034722222222,113.21527777777752,8.470486111111091,113.31857638888863
12.809027777777748,55.78124999999987,55.78124999999987,99.7864583333331,14.461805555555522,78.9201388888887,11.569444444444418,91.93576388888867,9.5034722222222,112.80208333333307,8.470486111111091,105.36458333333309
12.809027777777748,55.36805555555543,55.78124999999987,99.37326388888866,14.461805555555522,78.50694444444426,11.569444444444418,91.52256944444423,9.5034722222222,112.38888888888863,8.470486111111091,104.5381944444442
12.809027777777748,54.954861111110986,55.78124999999987,98.96006944444422,14.461805555555522,78.09374999999982,11.569444444444418,91.10937499999979,9.5034722222222,111.97569444444419,8.470486111111091,104.22829861111087
12.809027777777748,54.54166666666654,55.78124999999987,98.54687499999977,14.461805555555522,77.68055555555537,11.569444444444418,90.69618055555534,9.5034722222222,111.56249999999974,8.470486111111091,89.66319444444423
12.809027777777748,54.12847222222209,55.78124999999987,93.38194444444423,14.461805555555522,77.26736111111093,11.569444444444418,90.2829861111109,9.5034722222222,111.1493055555553,8.677083333333313,112.80208333333307
12.809027777777748,53.71527777777765,55.78124999999987,92.96874999999979,14.461805555555522,76.85416666666649,11.569444444444418,89.97309027777757,9.5034722222222,110.73611111111086,8.677083333333313,112.38888888888863
12.809027777777748,53.30208333333321,55.78124999999987,92.55555555555534,14.461805555555522,76.44097222222204,11.569444444444418,87.59722222222202,9.5034722222222,110.32291666666642,8.677083333333313,111.97569444444419
12.809027777777748,52.888888888888765,55.78124999999987,79.12673611111093,14.461805555555522,76.0277777777776,11.569444444444418,86.35763888888869,9.5034722222222,109.90972222222197,8.677083333333313,111.56249999999974
12.809027777777748,52.47569444444432,56.02228009259247,103.09201388888864,14.461805555555522,75.61458333333316,11.569444444444418,85.63454861111092,9.5034722222222,109.49652777777753,8.677083333333313,111.1493055555553
12.809027777777748,52.06249999999988,55.98784722222209,102.5755208333331,14.461805555555522,75.20138888888872,11.77604166666664,88.4236111111109,9.5034722222222,109.08333333333309,8.677083333333313,110.73611111111086
12.809027777777748,51.649305555555436,55.98784722222209,102.16232638888866,14.461805555555522,74.78819444444427,11.77604166666664,88.01041666666646,9.5034722222222,103.09201388888864,8.677083333333313,110.32291666666642
12.809027777777748,51.23611111111099,55.98784722222209,101.74913194444422,14.461805555555522,73.34201388888872,11.77604166666664,87.18402777777757,9.5034722222222,102.6788194444442,8.677083333333313,109.90972222222197
12.809027777777748,50.82291666666655,55.98784722222209,101.33593749999976,14.668402777777743,72.92881944444427,11.77604166666664,86.77083333333313,9.5034722222222,102.26562499999976,8.677083333333313,109.49652777777753
12.809027777777748,50.40972222222211,55.98784722222209,100.92274305555532,14.565104166666632,68.17708333333317,11.77604166666664,85.94444444444424,9.5034722222222,101.85243055555532,8.677083333333313,109.08333333333309
12.809027777777748,49.996527777777665,55.98784722222209,98.288628472222,14.565104166666632,67.55729166666652,11.98263888888886,98.34027777777754,9.5034722222222,101.43923611111087,8.677083333333313,108.67013888888863
12.809027777777748,49.583333333333215,55.98784722222209,92.1423611111109,14.565104166666632,67.14409722222207,11.98263888888886,97.9270833333331,9.5034722222222,89.76649305555534,8.677083333333313,108.25694444444419
12.809027777777748,49.17013888888877,55.98784722222209,91.72916666666646,14.565104166666632,66.73090277777763,11.98263888888886,97.51388888888866,9.744502314814792,108.67013888888863,8.677083333333313,107.84374999999974
12.809027777777748,48.75694444444433,56.194444444444315,100.40624999999977,14.565104166666632,66.42100694444429,11.98263888888886,97.10069444444422,9.710069444444422,108.15364583333309,8.677083333333313,107.4305555555553
12.809027777777748,48.343749999999886,56.194444444444315,99.99305555555533,14.771701388888854,79.74652777777759,11.98263888888886,96.68749999999977,9.710069444444422,107.74045138888864,8.677083333333313,107.12065972222197
12.809027777777748,47.93055555555544,56.194444444444315,99.63151041666643,14.771701388888854,79.33333333333314,11.98263888888886,96.27430555555533,9.710069444444422,107.3272569444442,8.883680555555536,120.23958333333306
12.809027777777748,47.517361111111,56.194444444444315,98.65017361111089,14.771701388888854,78.9201388888887,11.98263888888886,95.86111111111089,9.710069444444422,106.91406249999976,8.883680555555536,119.41319444444417
12.809027777777748,47.10416666666656,56.194444444444315,93.27864583333312,14.771701388888854,78.50694444444426,11.98263888888886,95.44791666666644,9.710069444444422,106.50086805555532,8.883680555555536,118.99999999999973
13.222222222222191,55.98784722222209,56.194444444444315,92.86545138888867,14.771701388888854,78.09374999999982,11.98263888888886,95.034722222222,9.710069444444422,106.08767361111086,8.883680555555536,118.58680555555529
13.222222222222191,55.57465277777765,56.194444444444315,92.45225694444423,14.771701388888854,77.68055555555537,11.98263888888886,94.62152777777756,9.710069444444422,105.67447916666642,8.883680555555536,118.17361111111083
13.222222222222191,55.16145833333321,56.22887731481469,91.31597222222202,14.771701388888854,77.26736111111093,11.98263888888886,94.20833333333312,9.710069444444422,105.31293402777753,8.883680555555536,117.76041666666639
13.222222222222191,54.748263888888765,56.194444444444315,90.79947916666646,14.771701388888854,76.85416666666649,11.98263888888886,93.79513888888867,9.710069444444422,104.33159722222199,8.883680555555536,117.34722222222194
13.222222222222191,54.335069444444315,56.194444444444315,90.38628472222202,14.771701388888854,76.44097222222204,11.98263888888886,93.38194444444423,9.710069444444422,103.91840277777753,8.883680555555536,116.9340277777775
13.222222222222191,53.92187499999987,56.194444444444315,89.97309027777757,14.771701388888854,76.0277777777776,11.98263888888886,92.96874999999979,9.710069444444422,103.50520833333309,8.883680555555536,116.52083333333306
13.222222222222191,53.50868055555543,56.0911458333332,89.76649305555534,14.771701388888854,75.61458333333316,11.98263888888886,92.55555555555534,9.710069444444422,101.12934027777754,8.883680555555536,116.10763888888862
13.222222222222191,53.095486111110986,56.194444444444315,78.97178819444426,14.771701388888854,75.20138888888872,11.98263888888886,92.1423611111109,9.710069444444422,89.14670138888869,8.883680555555536,115.69444444444417
13.222222222222191,52.68229166666654,56.401041666666536,103.35026041666643,14.771701388888854,74.78819444444427,11.98263888888886,91.72916666666646,9.813368055555532,115.07465277777752,8.883680555555536,115.28124999999973
13.222222222222191,52.2690972222221,56.29774305555542,102.88541666666643,14.771701388888854,73.34201388888872,11.98263888888886,91.31597222222202,9.916666666666643,114.66145833333307,8.883680555555536,114.86805555555529
13.222222222222191,51.85590277777766,56.29774305555542,102.47222222222199,14.771701388888854,72.51562499999983,11.98263888888886,90.90277777777757,9.916666666666643,114.24826388888863,8.883680555555536,114.45486111111084
13.222222222222191,51.442708333333215,56.401041666666536,102.05902777777754,14.771701388888854,72.10243055555539,11.98263888888886,90.48958333333313,9.916666666666643,113.83506944444419,8.883680555555536,114.0416666666664
13.222222222222191,51.02951388888877,56.401041666666536,101.6458333333331,14.771701388888854,71.68923611111094,11.98263888888886,90.07638888888869,9.916666666666643,113.42187499999973,8.883680555555536,113.62847222222196
13.222222222222191,50.61631944444433,56.401041666666536,101.23263888888866,14.771701388888854,71.37934027777762,11.98263888888886,87.59722222222202,9.916666666666643,113.00868055555529,8.883680555555536,113.21527777777752
13.222222222222191,50.203124999999886,56.29774305555542,100.81944444444422,16.217881944444407,73.34201388888872,11.98263888888886,86.35763888888869,9.916666666666643,112.59548611111084,8.883680555555536,105.36458333333309
13.222222222222191,49.78993055555544,56.401041666666536,91.93576388888867,16.217881944444407,73.03211805555539,11.98263888888886,85.63454861111092,9.916666666666643,112.1822916666664,8.883680555555536,104.5381944444442
13.222222222222191,49.37673611111099,56.401041666666536,89.45659722222202,45.451388888888786,76.0277777777776,12.189236111111082,88.4236111111109,9.916666666666643,111.76909722222196,8.883680555555536,104.22829861111087
13.222222222222191,48.96354166666655,56.60763888888876,99.88975694444422,45.65798611111101,76.44097222222204,12.189236111111082,88.01041666666646,9.916666666666643,111.35590277777752,8.883680555555536,89.66319444444423
13.222222222222191,48.55034722222211,56.504340277777644,99.68315972222199,45.65798611111101,75.66623263888872,12.189236111111082,87.18402777777757,9.916666666666643,110.94270833333307,9.090277777777757,112.80208333333307
13.222222222222191,48.137152777777665,56.60763888888876,93.175347222222,45.86458333333323,76.0277777777776,12.189236111111082,86.77083333333313,9.916666666666643,110.52951388888863,9.090277777777757,112.38888888888863
13.222222222222191,47.72395833333322,56.60763888888876,92.76215277777756,46.10561342592582,76.44097222222204,12.189236111111082,85.94444444444424,9.916666666666643,110.11631944444419,9.090277777777757,111.97569444444419
13.222222222222191,47.31076388888878,56.60763888888876,92.34895833333312,46.10561342592582,75.61458333333316,12.395833333333304,98.34027777777754,9.916666666666643,109.70312499999974,9.090277777777757,111.56249999999974
13.11892361111108,47.00086805555544,56.60763888888876,91.52256944444423,46.48437499999989,76.64756944444427,12.395833333333304,97.9270833333331,9.916666666666643,109.2899305555553,9.090277777777757,111.1493055555553
13.635416666666636,55.88454861111098,56.60763888888876,91.16102430555534,46.48437499999989,76.23437499999983,12.395833333333304,97.51388888888866,9.916666666666643,103.09201388888864,9.090277777777757,110.73611111111086
13.635416666666636,55.471354166666536,56.504340277777644,90.69618055555534,46.48437499999989,75.82118055555539,12.395833333333304,97.10069444444422,9.916666666666643,102.6788194444442,9.090277777777757,110.32291666666642
13.635416666666636,55.05815972222209,56.504340277777644,90.2829861111109,46.48437499999989,75.40798611111093,12.395833333333304,96.68749999999977,9.916666666666643,102.26562499999976,9.090277777777757,109.90972222222197
13.635416666666636,54.64496527777765,56.60763888888876,89.76649305555534,46.690972222222115,70.65624999999983,12.395833333333304,96.27430555555533,9.916666666666643,101.85243055555532,9.090277777777757,109.49652777777753
13.635416666666636,54.23177083333321,56.60763888888876,78.8168402777776,46.690972222222115,69.21006944444429,12.395833333333304,95.86111111111089,9.916666666666643,101.43923611111087,9.090277777777757,109.08333333333309
13.635416666666636,53.818576388888765,56.60763888888876,78.30034722222204,46.690972222222115,68.8485243055554,12.395833333333304,95.44791666666644,9.916666666666643,89.76649305555534,9.090277777777757,108.67013888888863
13.635416666666636,53.40538194444432,56.60763888888876,77.8871527777776,46.897569444444336,76.64756944444427,12.395833333333304,95.034722222222,10.123263888888866,108.87673611111086,9.090277777777757,108.25694444444419
13.635416666666636,52.99218749999988,56.81423611111098,91.93576388888867,46.897569444444336,76.23437499999983,12.395833333333304,94.62152777777756,10.123263888888866,108.46354166666642,9.090277777777757,107.84374999999974
13.635416666666636,52.578993055555436,56.84866898148135,89.31886574074053,46.897569444444336,75.82118055555539,12.395833333333304,94.20833333333312,10.123263888888866,108.05034722222197,9.090277777777757,107.4305555555553
13.635416666666636,52.16579861111099,56.81423611111098,77.47395833333316,46.897569444444336,75.40798611111093,12.395833333333304,93.79513888888867,10.123263888888866,107.63715277777753,9.090277777777757,107.12065972222197
13.635416666666636,51.75260416666654,57.0208333333332,99.7864583333331,47.10416666666656,70.65624999999983,12.395833333333304,93.38194444444423,10.123263888888866,107.22395833333309,9.296874999999979,120.23958333333306
13.635416666666636,51.3394097222221,57.0208333333332,93.0720486111109,47.138599537036924,69.21006944444429,12.395833333333304,92.96874999999979,10.123263888888866,106.81076388888864,9.296874999999979,119.41319444444417
13.635416666666636,50.92621527777766,57.0208333333332,92.65885416666646,47.10416666666656,68.74522569444429,12.395833333333304,92.55555555555534,10.123263888888866,106.3975694444442,9.296874999999979,118.99999999999973
13.635416666666636,50.513020833333215,57.0208333333332,92.24565972222202,47.31076388888878,76.44097222222204,12.395833333333304,92.1423611111109,10.123263888888866,105.98437499999976,9.296874999999979,118.58680555555529
13.635416666666636,50.09982638888877,57.0208333333332,78.71354166666649,47.31076388888878,76.0277777777776,12.395833333333304,91.72916666666646,10.123263888888866,105.57118055555532,9.296874999999979,118.17361111111083
13.635416666666636,49.68663194444433,57.0208333333332,78.30034722222204,47.31076388888878,75.61458333333316,12.395833333333304,91.31597222222202,10.123263888888866,105.26128472222197,9.296874999999979,117.76041666666639
13.635416666666636,49.273437499999886,57.261863425925796,91.79803240740719,47.207465277777665,75.30468749999983,12.395833333333304,90.90277777777757,10.123263888888866,104.33159722222199,9.296874999999979,117.34722222222194
13.635416666666636,48.86024305555544,57.22743055555542,89.45659722222202,47.31076388888878,70.29470486111094,12.395833333333304,90.48958333333313,10.123263888888866,103.91840277777753,9.296874999999979,116.9340277777775
13.635416666666636,48.447048611111,57.22743055555542,77.47395833333316,47.55179398148137,84.29166666666647,12.395833333333304,90.07638888888869,10.123263888888866,103.50520833333309,9.296874999999979,116.52083333333306
13.635416666666636,48.03385416666656,57.22743055555542,77.16406249999982,47.517361111111,83.87847222222203,12.395833333333304,87.59722222222202,10.123263888888866,101.02604166666643,9.296874999999979,116.10763888888862
13.635416666666636,47.620659722222115,57.434027777777644,99.7864583333331,47.517361111111,70.65624999999983,12.395833333333304,86.35763888888869,10.123263888888866,100.61284722222199,9.296874999999979,115.69444444444417
13.635416666666636,47.25911458333322,57.434027777777644,92.96874999999979,47.55179398148137,69.62326388888873,12.395833333333304,85.63454861111092,10.123263888888866,89.14670138888869,9.296874999999979,115.28124999999973
13.532118055555523,47.00086805555544,57.434027777777644,92.55555555555534,47.517361111111,69.10677083333317,12.602430555555527,88.4236111111109,10.329861111111088,114.66145833333307,9.296874999999979,114.86805555555529
14.083043981481449,55.78124999999987,57.330729166666536,78.50694444444426,47.41406249999989,68.79687499999984,12.602430555555527,88.01041666666646,10.329861111111088,114.24826388888863,9.296874999999979,114.45486111111084
14.048611111111079,55.264756944444315,57.330729166666536,78.19704861111093,47.72395833333322,84.91145833333313,12.602430555555527,87.18402777777757,10.329861111111088,113.83506944444419,9.296874999999979,114.0416666666664
14.048611111111079,54.85156249999987,57.67505787037024,91.76359953703682,47.620659722222115,76.23437499999983,12.602430555555527,86.77083333333313,10.329861111111088,113.42187499999973,9.296874999999979,113.62847222222196
14.048611111111079,54.43836805555543,57.640624999999865,89.45659722222202,47.72395833333322,75.71788194444427,12.602430555555527,85.94444444444424,10.329861111111088,113.00868055555529,9.296874999999979,113.21527777777752
14.048611111111079,54.025173611110986,57.640624999999865,77.47395833333316,47.620659722222115,75.51128472222204,12.809027777777748,98.34027777777754,10.329861111111088,112.59548611111084,9.296874999999979,105.36458333333309
14.048611111111079,53.61197916666654,57.640624999999865,77.16406249999982,47.75839120370359,70.24305555555539,12.809027777777748,97.9270833333331,10.329861111111088,112.1822916666664,9.296874999999979,104.5381944444442
14.048611111111079,53.1987847222221,57.847222222222086,92.96874999999979,47.93055555555544,84.49826388888869,12.809027777777748,97.51388888888866,10.329861111111088,111.76909722222196,9.296874999999979,104.22829861111087
14.048611111111079,52.78559027777766,57.847222222222086,92.45225694444423,47.93055555555544,84.08506944444424,12.809027777777748,97.10069444444422,10.329861111111088,111.35590277777752,9.296874999999979,89.66319444444423
14.048611111111079,52.372395833333215,58.05381944444431,91.88411458333312,47.93055555555544,83.77517361111092,12.809027777777748,96.68749999999977,10.329861111111088,110.94270833333307,9.5034722222222,112.80208333333307
14.048611111111079,51.959201388888765,58.05381944444431,89.45659722222202,47.93055555555544,69.62326388888873,12.809027777777748,96.27430555555533,10.329861111111088,110.52951388888863,9.5034722222222,112.38888888888863
14.048611111111079,51.54600694444432,58.05381944444431,77.47395833333316,47.93055555555544,69.21006944444429,12.809027777777748,95.86111111111089,10.329861111111088,110.11631944444419,9.5034722222222,111.97569444444419
14.048611111111079,51.13281249999988,58.05381944444431,77.16406249999982,47.93055555555544,68.90017361111096,12.809027777777748,95.44791666666644,10.329861111111088,109.70312499999974,9.5034722222222,111.56249999999974
14.048611111111079,50.719618055555436,58.26041666666653,92.96874999999979,48.137152777777665,84.91145833333313,12.809027777777748,95.034722222222,10.329861111111088,109.2899305555553,9.5034722222222,111.1493055555553
14.048611111111079,50.30642361111099,58.26041666666653,92.34895833333312,48.137152777777665,70.3463541666665,12.809027777777748,94.62152777777756,10.329861111111088,103.09201388888864,9.5034722222222,110.73611111111086
14.048611111111079,49.89322916666655,58.2948495370369,84.49826388888869,48.137152777777665,69.93315972222206,12.809027777777748,94.20833333333312,10.329861111111088,102.6788194444442,9.5034722222222,110.32291666666642
14.048611111111079,49.48003472222211,58.26041666666653,83.98177083333314,48.343749999999886,84.49826388888869,12.809027777777748,93.79513888888867,10.329861111111088,102.26562499999976,9.5034722222222,109.90972222222197
14.048611111111079,49.066840277777665,58.15711805555542,83.77517361111092,48.343749999999886,84.08506944444424,12.809027777777748,93.38194444444423,10.329861111111088,101.85243055555532,9.5034722222222,109.49652777777753
14.048611111111079,48.65364583333322,58.363715277777644,91.93576388888867,48.343749999999886,83.6718749999998,12.809027777777748,92.96874999999979,10.329861111111088,101.43923611111087,9.5034722222222,109.08333333333309
14.048611111111079,48.24045138888878,58.46701388888875,89.66319444444423,48.24045138888878,69.4166666666665,12.809027777777748,92.55555555555534,10.329861111111088,89.76649305555534,9.5034722222222,108.67013888888863
14.048611111111079,47.827256944444336,58.46701388888875,89.30164930555534,48.24045138888878,69.10677083333317,12.809027777777748,92.1423611111109,10.536458333333309,108.87673611111086,9.5034722222222,108.25694444444419
14.048611111111079,47.46571180555544,58.46701388888875,77.47395833333316,48.55034722222211,84.91145833333313,12.809027777777748,91.72916666666646,10.536458333333309,108.46354166666642,9.5034722222222,107.84374999999974
14.461805555555522,55.05815972222209,58.46701388888875,77.16406249999982,48.55034722222211,83.36197916666647,12.809027777777748,91.31597222222202,10.536458333333309,108.05034722222197,9.5034722222222,107.4305555555553
14.461805555555522,54.64496527777765,58.570312499999865,92.96874999999979,48.7913773148147,84.49826388888869,12.809027777777748,90.90277777777757,10.536458333333309,107.63715277777753,9.5034722222222,107.12065972222197
14.461805555555522,54.23177083333321,58.570312499999865,92.55555555555534,48.75694444444433,83.98177083333314,12.809027777777748,90.48958333333313,10.536458333333309,107.22395833333309,9.710069444444422,120.23958333333306
14.461805555555522,53.818576388888765,58.708043981481346,88.83680555555534,48.75694444444433,83.5685763888887,12.809027777777748,90.07638888888869,10.536458333333309,106.81076388888864,9.710069444444422,119.41319444444417
14.461805555555522,53.40538194444432,58.67361111111097,87.3906249999998,48.96354166666655,87.90711805555536,12.809027777777748,87.59722222222202,10.536458333333309,106.3975694444442,9.710069444444422,118.99999999999973
14.461805555555522,52.99218749999988,58.570312499999865,86.97743055555536,48.96354166666655,83.2070312499998,12.809027777777748,86.35763888888869,10.536458333333309,105.98437499999976,9.710069444444422,118.58680555555529
14.461805555555522,52.578993055555436,58.570312499999865,86.56423611111092,49.17013888888877,83.5685763888887,12.809027777777748,85.63454861111092,10.536458333333309,105.57118055555532,9.710069444444422,118.17361111111083
14.461805555555522,52.16579861111099,58.570312499999865,86.15104166666647,49.204571759259146,80.57291666666649,13.01562499999997,88.4236111111109,10.536458333333309,105.26128472222197,9.710069444444422,117.76041666666639
14.461805555555522,51.75260416666654,58.570312499999865,85.73784722222203,49.17013888888877,80.05642361111093,13.01562499999997,88.01041666666646,10.536458333333309,104.33159722222199,9.710069444444422,117.34722222222194
14.461805555555522,51.3394097222221,58.67361111111097,85.32465277777759,49.37673611111099,87.90711805555536,13.01562499999997,87.18402777777757,10.536458333333309,103.91840277777753,9.710069444444422,116.9340277777775
14.461805555555522,50.92621527777766,58.67361111111097,84.91145833333313,49.37673611111099,83.15538194444426,13.01562499999997,86.77083333333313,10.536458333333309,103.50520833333309,9.710069444444422,116.52083333333306
14.461805555555522,50.513020833333215,58.67361111111097,84.49826388888869,49.583333333333215,83.46527777777759,13.01562499999997,85.94444444444424,10.536458333333309,101.02604166666643,9.710069444444422,116.10763888888862
14.461805555555522,50.09982638888877,58.67361111111097,84.08506944444424,49.583333333333215,80.62456597222203,13.11892361111108,98.34027777777754,10.536458333333309,100.61284722222199,9.710069444444422,115.69444444444417
14.461805555555522,49.68663194444433,58.67361111111097,83.6718749999998,49.583333333333215,80.05642361111093,13.222222222222191,97.9270833333331,10.536458333333309,89.14670138888869,9.710069444444422,115.28124999999973
14.461805555555522,49.32508680555544,58.67361111111097,83.31032986111092,49.78993055555544,83.2070312499998,13.222222222222191,97.51388888888866,10.63975694444442,114.66145833333307,9.710069444444422,114.86805555555529
14.358506944444411,48.96354166666655,58.880208333333194,91.10937499999979,49.996527777777665,79.90147569444426,13.222222222222191,97.10069444444422,10.74305555555553,114.24826388888863,9.710069444444422,114.45486111111084
14.358506944444411,48.55034722222211,58.880208333333194,90.69618055555534,50.203124999999886,83.1037326388887,13.222222222222191,96.68749999999977,10.74305555555553,113.83506944444419,9.710069444444422,114.0416666666664
14.358506944444411,48.137152777777665,58.880208333333194,90.2829861111109,50.23755787037025,80.57291666666649,13.222222222222191,96.27430555555533,10.74305555555553,113.42187499999973,9.710069444444422,113.62847222222196
14.358506944444411,47.72395833333322,58.880208333333194,89.86979166666646,50.444155092592474,82.6388888888887,13.222222222222191,95.86111111111089,10.74305555555553,113.00868055555529,9.710069444444422,113.21527777777752
14.771701388888854,54.748263888888765,58.880208333333194,89.45659722222202,50.40972222222211,82.12239583333314,13.222222222222191,95.44791666666644,10.74305555555553,112.59548611111084,9.710069444444422,105.36458333333309
14.771701388888854,54.335069444444315,58.880208333333194,88.21701388888869,50.30642361111099,81.91579861111092,13.222222222222191,95.034722222222,10.74305555555553,112.1822916666664,9.710069444444422,104.5381944444442
14.771701388888854,53.92187499999987,58.880208333333194,87.80381944444424,50.40972222222211,81.19270833333314,13.222222222222191,94.62152777777756,10.74305555555553,111.76909722222196,9.710069444444422,104.22829861111087
14.771701388888854,53.50868055555543,58.880208333333194,82.84548611111092,50.40972222222211,79.95312499999982,13.222222222222191,94.20833333333312,10.74305555555553,111.35590277777752,9.710069444444422,89.66319444444423
14.771701388888854,53.095486111110986,58.880208333333194,82.48394097222203,50.513020833333215,81.60590277777759,13.222222222222191,93.79513888888867,10.74305555555553,110.94270833333307,9.916666666666643,112.80208333333307
14.771701388888854,52.68229166666654,58.914641203703574,81.81249999999982,50.61631944444433,80.7795138888887,13.222222222222191,93.38194444444423,10.74305555555553,110.52951388888863,9.916666666666643,112.38888888888863
14.771701388888854,52.2690972222221,58.880208333333194,81.29600694444426,50.61631944444433,80.36631944444426,13.222222222222191,92.96874999999979,10.74305555555553,110.11631944444419,9.916666666666643,111.97569444444419
14.771701388888854,51.85590277777766,58.880208333333194,80.88281249999982,50.719618055555436,82.43229166666647,13.222222222222191,92.55555555555534,10.74305555555553,109.70312499999974,9.916666666666643,111.56249999999974
14.771701388888854,51.442708333333215,58.880208333333194,80.46961805555537,50.719618055555436,82.01909722222203,13.222222222222191,92.1423611111109,10.74305555555553,109.2899305555553,9.916666666666643,111.1493055555553
14.771701388888854,51.13281249999988,58.880208333333194,80.05642361111093,50.82291666666655,81.19270833333314,13.222222222222191,91.72916666666646,10.74305555555553,103.09201388888864,9.916666666666643,110.73611111111086
44.65943287037027,70.24305555555539,58.880208333333194,79.64322916666649,50.82291666666655,79.95312499999982,13.222222222222191,91.31597222222202,10.74305555555553,102.6788194444442,9.916666666666643,110.32291666666642
44.62499999999989,69.72656249999984,58.880208333333194,79.23003472222204,51.06394675925914,86.56423611111092,13.222222222222191,90.90277777777757,10.74305555555553,102.26562499999976,9.916666666666643,109.90972222222197
45.03819444444434,70.44965277777762,58.880208333333194,77.16406249999982,51.02951388888877,86.04774305555536,13.222222222222191,90.48958333333313,10.74305555555553,101.85243055555532,9.916666666666643,109.49652777777753
45.03819444444434,70.03645833333317,58.880208333333194,76.85416666666649,50.92621527777766,85.84114583333313,13.222222222222191,90.17968749999979,10.74305555555553,101.43923611111087,9.916666666666643,109.08333333333309
45.03819444444434,69.62326388888873,58.914641203703574,75.82118055555539,51.06394675925914,80.7795138888887,13.222222222222191,87.59722222222202,10.74305555555553,89.76649305555534,9.916666666666643,108.67013888888863
45.451388888888786,70.44965277777762,58.776909722222086,75.51128472222204,51.02951388888877,80.26302083333314,13.222222222222191,86.35763888888869,10.949652777777752,108.87673611111086,9.916666666666643,108.25694444444419
45.451388888888786,70.03645833333317,59.086805555555415,89.04340277777757,51.23611111111099,79.74652777777759,13.428819444444413,88.4236111111109,10.949652777777752,108.46354166666642,9.916666666666643,107.84374999999974
45.451388888888786,69.62326388888873,59.086805555555415,88.63020833333313,51.442708333333215,86.77083333333313,13.428819444444413,88.01041666666646,10.949652777777752,108.05034722222197,9.916666666666643,107.4305555555553
45.86458333333323,70.3463541666665,59.086805555555415,87.4939236111109,51.442708333333215,86.35763888888869,13.428819444444413,87.18402777777757,10.949652777777752,107.63715277777753,9.916666666666643,107.12065972222197
45.86458333333323,69.93315972222206,59.121238425925796,83.25868055555536,51.442708333333215,85.94444444444424,13.428819444444413,86.77083333333313,10.949652777777752,107.22395833333309,10.123263888888866,120.29123263888862
45.761284722222115,69.62326388888873,59.32783564814802,91.10937499999979,51.442708333333215,80.98611111111093,13.428819444444413,85.94444444444424,10.949652777777752,106.81076388888864,10.123263888888866,119.41319444444417
48.7913773148147,86.56423611111092,59.293402777777644,90.59288194444423,51.442708333333215,80.57291666666649,13.635416666666636,97.10069444444422,10.949652777777752,106.3975694444442,10.123263888888866,118.99999999999973
48.65364583333322,86.25434027777757,59.293402777777644,90.17968749999979,51.442708333333215,80.05642361111093,13.635416666666636,96.68749999999977,10.949652777777752,105.98437499999976,10.123263888888866,118.58680555555529
48.997974537036924,85.94444444444424,59.293402777777644,89.76649305555534,51.649305555555436,97.72048611111089,13.635416666666636,96.27430555555533,10.949652777777752,105.57118055555532,10.123263888888866,118.17361111111083
49.17013888888877,86.97743055555536,59.293402777777644,89.3532986111109,51.649305555555436,97.30729166666644,13.635416666666636,95.86111111111089,10.949652777777752,105.26128472222197,10.123263888888866,117.76041666666639
49.17013888888877,86.56423611111092,59.293402777777644,88.3203124999998,51.649305555555436,96.94574652777756,13.635416666666636,95.44791666666644,10.949652777777752,104.33159722222199,10.123263888888866,117.34722222222194
49.37673611111099,86.15104166666647,59.19010416666653,87.80381944444424,51.649305555555436,79.69487847222204,13.635416666666636,95.034722222222,10.949652777777752,103.91840277777753,10.123263888888866,116.9340277777775
49.37673611111099,85.73784722222203,59.293402777777644,82.6388888888887,51.890335648148024,96.48090277777756,13.635416666666636,94.62152777777756,10.949652777777752,103.50520833333309,10.123263888888866,116.52083333333306
49.583333333333215,86.97743055555536,59.293402777777644,82.22569444444426,51.85590277777766,95.964409722222,13.635416666666636,94.20833333333312,10.949652777777752,101.02604166666643,10.123263888888866,116.10763888888862
49.583333333333215,86.56423611111092,59.293402777777644,81.81249999999982,51.85590277777766,95.65451388888867,13.635416666666636,93.79513888888867,10.949652777777752,100.66449652777754,10.123263888888866,115.69444444444417
49.78993055555544,86.15104166666647,59.293402777777644,81.39930555555537,51.85590277777766,86.77083333333313,13.635416666666636,93.38194444444423,10.949652777777752,89.14670138888869,10.123263888888866,115.28124999999973
49.78993055555544,85.84114583333313,59.293402777777644,80.98611111111093,51.85590277777766,86.35763888888869,13.635416666666636,92.96874999999979,11.156249999999973,114.24826388888863,10.123263888888866,114.86805555555529
49.996527777777665,86.87413194444424,59.293402777777644,80.57291666666649,51.85590277777766,85.9960937499998,13.635416666666636,92.55555555555534,11.156249999999973,113.83506944444419,10.123263888888866,114.45486111111084
49.996527777777665,86.4609374999998,59.293402777777644,80.15972222222203,51.85590277777766,80.98611111111093,13.635416666666636,92.1423611111109,11.156249999999973,113.42187499999973,10.123263888888866,114.0416666666664
50.09982638888877,85.94444444444424,59.293402777777644,79.74652777777759,51.85590277777766,80.57291666666649,13.635416666666636,91.72916666666646,11.156249999999973,113.00868055555529,10.123263888888866,113.62847222222196
50.85734953703692,90.69618055555534,59.293402777777644,79.33333333333314,52.06249999999988,97.9270833333331,13.635416666666636,91.31597222222202,11.156249999999973,112.59548611111084,10.123263888888866,113.21527777777752
50.82291666666655,90.17968749999979,59.293402777777644,79.02343749999982,52.06249999999988,97.51388888888866,13.635416666666636,90.90277777777757,11.156249999999973,112.1822916666664,10.123263888888866,105.36458333333309
50.82291666666655,89.76649305555534,59.293402777777644,76.9574652777776,52.06249999999988,97.10069444444422,13.635416666666636,90.48958333333313,11.156249999999973,111.76909722222196,10.123263888888866,104.5381944444442
50.82291666666655,89.3532986111109,59.293402777777644,76.54427083333316,52.06249999999988,79.74652777777759,13.635416666666636,90.17968749999979,11.156249999999973,111.35590277777752,10.123263888888866,104.22829861111087
50.82291666666655,88.94010416666646,59.293402777777644,76.13107638888872,52.2690972222221,96.68749999999977,13.635416666666636,87.59722222222202,11.156249999999973,110.94270833333307,10.123263888888866,89.76649305555534
50.82291666666655,88.52690972222202,59.293402777777644,75.71788194444427,52.2690972222221,96.27430555555533,13.635416666666636,86.35763888888869,11.156249999999973,110.52951388888863,10.329861111111088,112.80208333333307
50.82291666666655,88.11371527777757,59.293402777777644,75.35633680555539,52.2690972222221,95.86111111111089,13.876446759259228,97.51388888888866,11.156249999999973,110.11631944444419,10.329861111111088,112.38888888888863
51.23611111111099,90.90277777777757,59.39670138888875,88.83680555555534,52.2690972222221,95.55121527777756,13.842013888888857,88.4236111111109,11.156249999999973,109.70312499999974,10.329861111111088,111.97569444444419
51.23611111111099,90.48958333333313,59.499999999999865,83.05208333333314,52.16579861111099,86.35763888888869,13.842013888888857,88.01041666666646,11.156249999999973,109.2899305555553,10.329861111111088,111.56249999999974
51.23611111111099,90.07638888888869,59.706597222222086,91.2126736111109,52.16579861111099,80.7795138888887,13.842013888888857,87.18402777777757,11.156249999999973,103.09201388888864,10.329861111111088,111.1493055555553
51.23611111111099,89.66319444444423,59.706597222222086,90.79947916666646,52.30353009259247,79.36776620370352,13.842013888888857,86.77083333333313,11.156249999999973,102.6788194444442,10.329861111111088,110.73611111111086
51.23611111111099,89.24999999999979,59.706597222222086,90.38628472222202,52.47569444444432,97.823784722222,13.842013888888857,85.9960937499998,11.156249999999973,102.26562499999976,10.329861111111088,110.32291666666642
51.23611111111099,88.83680555555534,59.706597222222086,89.97309027777757,52.47569444444432,97.41059027777756,14.048611111111079,96.79079861111089,11.156249999999973,101.85243055555532,10.329861111111088,109.90972222222197
51.23611111111099,88.4236111111109,59.706597222222086,89.55989583333313,52.47569444444432,96.99739583333312,14.048611111111079,96.37760416666644,11.156249999999973,101.43923611111087,10.329861111111088,109.49652777777753
51.23611111111099,88.01041666666646,59.60329861111097,89.24999999999979,52.68229166666654,96.48090277777756,14.048611111111079,95.964409722222,11.156249999999973,89.76649305555534,10.329861111111088,109.08333333333309
51.23611111111099,87.70052083333313,59.706597222222086,82.6388888888887,52.68229166666654,96.06770833333312,14.048611111111079,95.55121527777756,11.397280092592565,108.87673611111086,10.329861111111088,108.67013888888863
51.27054398148136,84.29166666666647,59.706597222222086,82.22569444444426,52.68229166666654,95.70616319444422,14.048611111111079,95.13802083333312,11.362847222222197,108.3602430555553,10.329861111111088,108.25694444444419
51.23611111111099,83.82682291666647,59.706597222222086,81.81249999999982,52.68229166666654,79.33333333333314,14.048611111111079,94.72482638888867,11.362847222222197,107.94704861111086,10.329861111111088,107.84374999999974
51.649305555555436,90.90277777777757,59.706597222222086,81.39930555555537,52.888888888888765,97.72048611111089,14.048611111111079,94.31163194444423,11.362847222222197,107.53385416666642,10.329861111111088,107.4305555555553
51.649305555555436,90.48958333333313,59.706597222222086,80.98611111111093,52.888888888888765,97.30729166666644,14.048611111111079,93.89843749999979,11.362847222222197,107.12065972222197,10.329861111111088,107.01736111111086
51.649305555555436,90.07638888888869,59.706597222222086,80.57291666666649,52.888888888888765,96.894097222222,14.048611111111079,93.48524305555534,11.362847222222197,106.70746527777753,10.536458333333309,120.34288194444416
51.649305555555436,89.66319444444423,59.706597222222086,80.15972222222203,52.888888888888765,79.07508680555537,14.048611111111079,93.0720486111109,11.362847222222197,106.29427083333309,10.536458333333309,119.41319444444417
51.649305555555436,89.24999999999979,59.706597222222086,79.74652777777759,53.095486111110986,96.48090277777756,14.048611111111079,92.65885416666646,11.362847222222197,105.88107638888864,10.536458333333309,118.99999999999973
51.649305555555436,88.83680555555534,59.706597222222086,79.33333333333314,53.095486111110986,96.06770833333312,14.048611111111079,92.24565972222202,11.362847222222197,105.4678819444442,10.536458333333309,118.58680555555529
51.649305555555436,88.4236111111109,59.706597222222086,79.02343749999982,53.095486111110986,95.75781249999977,14.048611111111079,91.83246527777756,11.259548611111086,105.26128472222197,10.536458333333309,118.17361111111083
51.649305555555436,88.01041666666646,59.706597222222086,76.85416666666649,53.12991898148136,78.71354166666649,14.048611111111079,91.41927083333312,11.362847222222197,104.33159722222199,10.536458333333309,117.76041666666639
51.649305555555436,87.70052083333313,59.706597222222086,76.44097222222204,53.095486111110986,78.19704861111093,14.048611111111079,91.00607638888867,11.362847222222197,103.91840277777753,10.536458333333309,117.34722222222194
51.649305555555436,84.49826388888869,59.706597222222086,76.0277777777776,53.095486111110986,77.78385416666649,14.048611111111079,90.59288194444423,11.362847222222197,103.50520833333309,10.536458333333309,116.9340277777775
51.649305555555436,84.08506944444424,59.706597222222086,75.61458333333316,52.99218749999988,77.57725694444426,14.048611111111079,90.23133680555534,11.362847222222197,101.02604166666643,10.536458333333309,116.52083333333306
51.54600694444432,83.77517361111092,59.706597222222086,75.20138888888872,53.12991898148136,77.06076388888872,14.048611111111079,87.59722222222202,11.362847222222197,100.7161458333331,10.536458333333309,116.10763888888862
52.06249999999988,90.90277777777757,59.91319444444431,82.94878472222203,53.095486111110986,76.54427083333316,14.048611111111079,86.35763888888869,11.362847222222197,89.14670138888869,10.536458333333309,115.69444444444417
52.06249999999988,90.48958333333313,60.016493055555415,90.90277777777757,53.095486111110986,76.13107638888872,14.2552083333333,88.4236111111109,11.569444444444418,114.0416666666664,10.536458333333309,115.28124999999973
52.06249999999988,90.07638888888869,60.11979166666653,90.38628472222202,53.095486111110986,75.71788194444427,14.2552083333333,88.01041666666646,11.569444444444418,113.62847222222196,10.536458333333309,114.86805555555529
52.06249999999988,89.66319444444423,60.11979166666653,90.02473958333313,53.095486111110986,75.35633680555539,14.2552083333333,87.18402777777757,11.569444444444418,113.21527777777752,10.536458333333309,114.45486111111084
52.06249999999988,89.24999999999979,60.016493055555415,89.66319444444423,53.30208333333321,97.72048611111089,14.2552083333333,86.77083333333313,11.569444444444418,112.80208333333307,10.536458333333309,114.0416666666664
52.06249999999988,88.83680555555534,60.11979166666653,82.43229166666647,53.30208333333321,97.30729166666644,14.15190972222219,86.04774305555536,11.569444444444418,112.38888888888863,10.536458333333309,113.62847222222196
52.06249999999988,88.4236111111109,60.11979166666653,82.01909722222203,53.30208333333321,96.894097222222,14.358506944444411,96.894097222222,11.569444444444418,111.97569444444419,10.536458333333309,113.21527777777752
52.06249999999988,88.01041666666646,60.11979166666653,81.60590277777759,53.50868055555543,103.45355902777754,14.358506944444411,96.48090277777756,11.569444444444418,111.56249999999974,10.536458333333309,105.36458333333309
52.06249999999988,87.70052083333313,60.11979166666653,81.19270833333314,53.50868055555543,96.48090277777756,14.358506944444411,96.06770833333312,11.569444444444418,111.1493055555553,10.536458333333309,104.5381944444442
51.959201388888765,84.29166666666647,60.11979166666653,80.7795138888887,53.50868055555543,96.06770833333312,14.358506944444411,95.65451388888867,11.569444444444418,110.73611111111086,10.536458333333309,104.22829861111087
52.47569444444432,89.3532986111109,60.11979166666653,80.36631944444426,53.50868055555543,95.75781249999977,14.461805555555522,95.24131944444423,11.569444444444418,110.32291666666642,10.536458333333309,89.76649305555534
52.47569444444432,88.94010416666646,60.11979166666653,79.95312499999982,53.50868055555543,78.9201388888887,14.461805555555522,94.82812499999979,11.569444444444418,109.90972222222197,10.74305555555553,112.80208333333307
52.47569444444432,88.52690972222202,60.11979166666653,79.53993055555537,53.50868055555543,78.50694444444426,14.461805555555522,94.41493055555533,11.569444444444418,109.49652777777753,10.74305555555553,112.38888888888863
52.47569444444432,88.11371527777757,60.11979166666653,79.12673611111093,53.40538194444432,78.09374999999982,14.461805555555522,94.00173611111089,11.569444444444418,103.09201388888864,10.74305555555553,111.97569444444419
52.47569444444432,87.75217013888869,60.016493055555415,76.64756944444427,53.50868055555543,77.73220486111093,14.461805555555522,93.58854166666644,11.569444444444418,102.6788194444442,10.74305555555553,111.56249999999974
52.888888888888765,89.04340277777757,60.11979166666653,76.13107638888872,53.50868055555543,77.26736111111093,14.461805555555522,93.175347222222,11.569444444444418,102.26562499999976,10.74305555555553,111.1493055555553
52.888888888888765,88.63020833333313,60.11979166666653,75.71788194444427,53.50868055555543,76.85416666666649,14.461805555555522,92.76215277777756,11.569444444444418,101.85243055555532,10.74305555555553,110.73611111111086
52.888888888888765,88.21701388888869,60.11979166666653,75.30468749999983,53.50868055555543,76.44097222222204,14.461805555555522,92.34895833333312,11.569444444444418,101.43923611111087,10.74305555555553,110.32291666666642
52.888888888888765,87.80381944444424,60.016493055555415,75.0980902777776,53.50868055555543,76.0277777777776,14.461805555555522,91.93576388888867,11.569444444444418,89.76649305555534,10.74305555555553,109.90972222222197
53.095486111110986,92.09071180555534,60.32638888888875,82.7421874999998,53.50868055555543,75.61458333333316,14.461805555555522,91.52256944444423,11.77604166666664,109.08333333333309,10.74305555555553,109.49652777777753
53.095486111110986,82.84548611111092,60.53298611111097,82.22569444444426,53.50868055555543,75.30468749999983,14.461805555555522,91.10937499999979,11.77604166666664,108.67013888888863,10.74305555555553,109.08333333333309
53.095486111110986,82.43229166666647,60.53298611111097,81.81249999999982,53.749710648148024,103.09201388888864,14.461805555555522,90.69618055555534,11.77604166666664,108.25694444444419,10.74305555555553,108.67013888888863
53.095486111110986,82.01909722222203,60.53298611111097,81.39930555555537,53.749710648148024,97.72048611111089,14.461805555555522,90.33463541666646,11.77604166666664,107.84374999999974,10.74305555555553,108.25694444444419
53.095486111110986,81.65755208333314,60.53298611111097,80.98611111111093,53.71527777777765,97.20399305555533,14.461805555555522,87.59722222222202,11.77604166666664,107.4305555555553,10.74305555555553,107.84374999999974
53.30208333333321,94.82812499999979,60.53298611111097,80.57291666666649,53.71527777777765,96.79079861111089,14.358506944444411,86.4609374999998,11.77604166666664,107.01736111111086,10.74305555555553,107.4305555555553
53.30208333333321,94.41493055555533,60.53298611111097,80.15972222222203,53.92187499999987,103.71180555555532,14.565104166666632,88.01041666666646,11.77604166666664,106.60416666666642,10.74305555555553,107.01736111111086
53.33651620370358,93.58854166666644,60.53298611111097,79.74652777777759,53.92187499999987,102.47222222222199,14.565104166666632,87.18402777777757,11.77604166666664,106.19097222222197,10.949652777777752,120.34288194444416
53.30208333333321,93.0720486111109,60.53298611111097,79.33333333333314,53.92187499999987,102.1106770833331,14.565104166666632,86.87413194444424,11.77604166666664,105.77777777777753,10.949652777777752,119.41319444444417
53.30208333333321,88.83680555555534,60.42968749999986,75.20138888888872,53.956307870370246,96.27430555555533,14.771701388888854,91.52256944444423,11.77604166666664,105.36458333333309,10.949652777777752,118.99999999999973
53.30208333333321,88.4236111111109,60.53298611111097,74.78819444444427,53.92187499999987,95.80946180555533,14.771701388888854,91.2126736111109,11.77604166666664,104.33159722222199,10.949652777777752,118.58680555555529
53.30208333333321,88.01041666666646,60.53298611111097,74.37499999999983,53.92187499999987,78.66189236111093,44.831597222222115,66.11111111111096,11.77604166666664,103.91840277777753,10.949652777777752,118.17361111111083
53.30208333333321,87.59722222222202,60.53298611111097,73.96180555555539,53.92187499999987,77.26736111111093,44.86603009259249,60.11979166666653,11.77604166666664,103.50520833333309,10.949652777777752,117.76041666666639
53.50868055555543,92.1423611111109,60.53298611111097,73.54861111111094,53.92187499999987,76.85416666666649,44.831597222222115,59.60329861111097,11.77604166666664,101.12934027777754,10.949652777777752,117.34722222222194
53.50868055555543,83.05208333333314,60.739583333333194,82.53559027777759,53.92187499999987,76.44097222222204,44.831597222222115,59.19010416666653,11.77604166666664,89.14670138888869,10.949652777777752,116.9340277777775
53.50868055555543,82.6388888888887,60.63628472222208,73.2387152777776,53.92187499999987,76.0277777777776,44.72829861111101,58.98350694444431,11.98263888888886,113.93836805555529,10.949652777777752,116.52083333333306
53.50868055555543,82.22569444444426,60.946180555555415,82.01909722222203,53.92187499999987,75.61458333333316,45.03819444444434,67.97048611111096,11.98263888888886,113.52517361111084,10.949652777777752,116.10763888888862
53.50868055555543,81.81249999999982,60.946180555555415,81.60590277777759,53.92187499999987,75.30468749999983,45.03819444444434,67.60894097222207,11.98263888888886,113.1119791666664,10.949652777777752,115.69444444444417
53.50868055555543,81.50260416666647,60.946180555555415,81.19270833333314,54.162905092592474,103.29861111111087,45.03819444444434,66.5243055555554,11.98263888888886,112.69878472222196,10.949652777777752,115.28124999999973
53.61197916666654,94.62152777777756,60.946180555555415,80.7795138888887,54.12847222222209,102.78211805555532,45.03819444444434,65.69791666666652,11.98263888888886,112.28559027777752,10.949652777777752,114.86805555555529
53.71527777777765,93.48524305555534,60.946180555555415,80.36631944444426,54.162905092592474,101.6458333333331,45.03819444444434,65.28472222222207,11.98263888888886,111.87239583333307,10.949652777777752,114.45486111111084
53.71527777777765,93.0720486111109,60.946180555555415,79.95312499999982,54.12847222222209,98.13368055555533,45.244791666666565,66.11111111111096,11.98263888888886,111.45920138888863,10.949652777777752,114.0416666666664
53.61197916666654,92.86545138888867,60.946180555555415,79.53993055555537,54.12847222222209,97.72048611111089,45.244791666666565,64.87152777777763,11.98263888888886,111.04600694444419,10.949652777777752,113.62847222222196
53.71527777777765,88.83680555555534,60.946180555555415,79.23003472222204,54.12847222222209,97.30729166666644,45.244791666666565,60.53298611111097,11.98263888888886,110.63281249999974,10.949652777777752,113.21527777777752
53.71527777777765,88.4236111111109,61.15277777777764,82.43229166666647,54.025173611110986,96.894097222222,45.244791666666565,60.11979166666653,11.98263888888886,110.2196180555553,10.949652777777752,105.36458333333309
53.71527777777765,88.01041666666646,61.35937499999986,81.91579861111092,54.335069444444315,103.91840277777753,45.244791666666565,59.706597222222086,11.98263888888886,109.80642361111086,10.949652777777752,104.5381944444442
53.71527777777765,87.59722222222202,61.35937499999986,81.50260416666647,54.335069444444315,102.26562499999976,45.244791666666565,59.293402777777644,11.98263888888886,109.39322916666642,10.949652777777752,104.22829861111087
53.92187499999987,92.34895833333312,61.35937499999986,81.08940972222203,54.335069444444315,101.02604166666643,45.244791666666565,58.880208333333194,11.98263888888886,103.09201388888864,10.949652777777752,89.76649305555534
53.92187499999987,92.03906249999979,61.35937499999986,80.67621527777759,54.335069444444315,100.66449652777754,45.451388888888786,67.97048611111096,11.98263888888886,102.6788194444442,11.156249999999973,112.80208333333307
53.92187499999987,83.05208333333314,61.35937499999986,80.26302083333314,54.335069444444315,99.37326388888866,45.451388888888786,67.55729166666652,11.98263888888886,102.26562499999976,11.156249999999973,112.38888888888863
53.92187499999987,82.6388888888887,61.35937499999986,79.8498263888887,54.335069444444315,99.01171874999977,45.48582175925915,66.5243055555554,11.98263888888886,101.85243055555532,11.156249999999973,111.97569444444419
53.92187499999987,82.22569444444426,61.35937499999986,79.43663194444426,54.335069444444315,98.54687499999977,45.48582175925915,65.69791666666652,11.98263888888886,101.43923611111087,11.156249999999973,111.56249999999974
53.92187499999987,81.81249999999982,61.256076388888744,79.23003472222204,54.23177083333321,95.964409722222,45.451388888888786,65.18142361111096,11.98263888888886,89.76649305555534,11.156249999999973,111.1493055555553
53.92187499999987,81.39930555555537,61.669270833333194,81.39930555555537,54.23177083333321,77.06076388888872,45.65798611111101,64.6649305555554,12.189236111111082,108.87673611111086,11.156249999999973,110.73611111111086
54.12847222222209,93.0720486111109,61.7725694444443,80.98611111111093,54.335069444444315,76.64756944444427,45.65798611111101,60.53298611111097,12.189236111111082,108.46354166666642,11.156249999999973,110.32291666666642
54.12847222222209,92.65885416666646,61.7725694444443,80.57291666666649,54.23177083333321,76.23437499999983,45.65798611111101,60.11979166666653,12.189236111111082,108.05034722222197,11.156249999999973,109.90972222222197
54.12847222222209,88.83680555555534,61.7725694444443,80.15972222222203,54.335069444444315,75.82118055555539,45.65798611111101,59.706597222222086,12.189236111111082,107.63715277777753,11.156249999999973,109.49652777777753
54.12847222222209,88.4236111111109,61.7725694444443,79.74652777777759,54.335069444444315,75.40798611111093,45.65798611111101,59.293402777777644,12.189236111111082,107.22395833333309,11.156249999999973,109.08333333333309
54.12847222222209,88.01041666666646,61.7725694444443,79.33333333333314,54.57609953703692,103.53964120370345,45.65798611111101,58.880208333333194,12.189236111111082,106.81076388888864,11.156249999999973,108.67013888888863
54.12847222222209,87.59722222222202,61.7725694444443,79.02343749999982,54.43836805555543,103.09201388888864,45.86458333333323,67.97048611111096,12.189236111111082,106.3975694444442,11.156249999999973,108.25694444444419
54.335069444444315,92.09071180555534,62.08246527777764,80.7795138888887,54.43836805555543,102.6788194444442,45.86458333333323,67.55729166666652,12.189236111111082,105.98437499999976,11.156249999999973,107.84374999999974
54.335069444444315,87.28732638888869,62.185763888888744,80.36631944444426,54.57609953703692,101.85243055555532,45.86458333333323,67.24739583333317,12.189236111111082,105.57118055555532,11.156249999999973,107.4305555555553
54.335069444444315,83.25868055555536,62.185763888888744,79.95312499999982,54.54166666666654,101.33593749999976,45.86458333333323,66.73090277777763,12.189236111111082,105.26128472222197,11.156249999999973,107.01736111111086
54.335069444444315,82.84548611111092,62.185763888888744,79.53993055555537,54.57609953703692,100.19965277777754,45.86458333333323,66.31770833333319,12.189236111111082,104.33159722222199,11.362847222222197,120.34288194444416
54.335069444444315,82.43229166666647,62.185763888888744,79.12673611111093,54.54166666666654,99.68315972222199,45.86458333333323,65.90451388888873,12.189236111111082,103.91840277777753,11.362847222222197,119.41319444444417
54.335069444444315,82.01909722222203,62.49565972222208,79.33333333333314,54.57609953703692,98.13368055555533,45.86458333333323,65.49131944444429,12.189236111111082,103.50520833333309,11.362847222222197,118.99999999999973
54.335069444444315,81.60590277777759,62.59895833333319,78.8168402777776,54.54166666666654,97.66883680555533,45.86458333333323,65.07812499999984,12.189236111111082,101.12934027777754,11.362847222222197,118.58680555555529
54.335069444444315,81.19270833333314,62.59895833333319,78.40364583333316,54.43836805555543,97.41059027777756,46.10561342592582,64.6649305555554,12.189236111111082,89.14670138888869,11.362847222222197,118.17361111111083
54.43836805555543,92.86545138888867,62.59895833333319,77.9904513888887,54.748263888888765,104.12499999999976,46.07118055555545,60.53298611111097,12.395833333333304,113.83506944444419,11.362847222222197,117.76041666666639
54.57609953703692,88.83680555555534,62.59895833333319,77.57725694444426,54.64496527777765,100.81944444444422,46.07118055555545,60.11979166666653,12.395833333333304,113.42187499999973,11.362847222222197,117.34722222222194
54.54166666666654,88.3203124999998,62.59895833333319,77.26736111111093,54.64496527777765,99.16666666666643,46.07118055555545,59.706597222222086,12.395833333333304,113.00868055555529,11.362847222222197,116.9340277777775
54.54166666666654,87.90711805555536,62.90885416666652,77.26736111111093,54.64496527777765,98.75347222222199,46.07118055555545,59.293402777777644,12.395833333333304,112.59548611111084,11.362847222222197,116.52083333333306
54.54166666666654,87.54557291666646,63.42534722222207,76.9574652777776,54.64496527777765,76.23437499999983,46.07118055555545,58.880208333333194,12.395833333333304,112.1822916666664,11.362847222222197,116.10763888888862
54.78269675925914,83.46527777777759,63.838541666666515,76.9574652777776,54.748263888888765,75.82118055555539,46.27777777777767,66.42100694444429,12.395833333333304,111.76909722222196,11.362847222222197,115.69444444444417
54.748263888888765,82.94878472222203,64.49276620370355,76.09664351851833,54.748263888888765,75.40798611111093,46.27777777777767,66.00781249999984,12.395833333333304,111.35590277777752,11.362847222222197,115.28124999999973
54.748263888888765,82.53559027777759,64.45833333333319,71.48263888888873,54.954861111110986,103.76345486111087,46.27777777777767,65.5946180555554,12.395833333333304,110.94270833333307,11.362847222222197,114.86805555555529
54.748263888888765,82.12239583333314,64.6649305555554,76.54427083333316,54.85156249999987,97.9270833333331,46.27777777777767,65.23307291666652,12.395833333333304,110.52951388888863,11.362847222222197,114.45486111111084
54.748263888888765,81.7092013888887,64.6649305555554,75.30468749999983,54.954861111110986,95.55121527777756,46.48437499999989,60.32638888888875,12.395833333333304,110.11631944444419,11.362847222222197,114.0416666666664
54.748263888888765,81.29600694444426,64.69936342592578,72.30902777777762,55.16145833333321,104.12499999999976,46.48437499999989,59.91319444444431,12.395833333333304,109.70312499999974,11.362847222222197,113.62847222222196
54.748263888888765,80.88281249999982,64.6649305555554,71.79253472222206,55.16145833333321,75.61458333333316,46.48437499999989,59.499999999999865,12.395833333333304,109.2899305555553,11.362847222222197,113.21527777777752
54.748263888888765,79.95312499999982,64.87152777777763,74.78819444444427,55.16145833333321,75.30468749999983,46.48437499999989,59.086805555555415,12.395833333333304,103.09201388888864,11.362847222222197,105.36458333333309
54.954861111110986,89.24999999999979,64.905960648148,73.34201388888872,55.36805555555543,103.81510416666643,46.48437499999989,58.776909722222086,12.395833333333304,102.6788194444442,11.362847222222197,104.5381944444442
54.954861111110986,88.83680555555534,64.87152777777763,72.82552083333316,55.36805555555543,95.44791666666644,46.72540509259248,78.50694444444426,12.395833333333304,102.26562499999976,11.362847222222197,104.22829861111087
54.954861111110986,88.4236111111109,64.87152777777763,71.43098958333317,55.36805555555543,76.64756944444427,46.690972222222115,77.9904513888887,12.395833333333304,101.85243055555532,11.362847222222197,89.76649305555534
54.954861111110986,88.01041666666646,64.97482638888874,74.37499999999983,55.57465277777765,104.12499999999976,46.690972222222115,77.68055555555537,12.395833333333304,101.43923611111087,11.569444444444418,112.80208333333307
54.954861111110986,87.59722222222202,64.97482638888874,73.96180555555539,55.57465277777765,76.28602430555537,46.587673611111,65.80121527777763,12.395833333333304,89.76649305555534,11.569444444444418,112.38888888888863
54.954861111110986,87.28732638888869,65.07812499999984,72.30902777777762,55.609085648148024,75.64901620370354,46.897569444444336,60.32638888888875,12.602430555555527,108.87673611111086,11.569444444444418,111.97569444444419
54.98929398148136,85.32465277777759,65.07812499999984,71.89583333333317,55.471354166666536,75.30468749999983,46.897569444444336,59.91319444444431,12.602430555555527,108.46354166666642,11.569444444444418,111.56249999999974
54.954861111110986,84.80815972222203,65.28472222222207,72.61892361111094,55.67795138888876,103.81510416666643,46.897569444444336,59.499999999999865,12.602430555555527,108.05034722222197,11.569444444444418,111.1493055555553
54.954861111110986,84.39496527777759,65.31915509259244,71.5170717592591,55.78124999999987,95.44791666666644,46.897569444444336,59.086805555555415,12.602430555555527,107.63715277777753,11.569444444444418,110.73611111111086
54.954861111110986,83.98177083333314,65.52575231481467,72.10243055555539,55.78124999999987,95.13802083333312,47.138599537036924,78.9201388888887,12.602430555555527,107.22395833333309,11.569444444444418,110.32291666666642
54.98929398148136,80.36631944444426,65.69791666666652,71.58593749999983,55.78124999999987,76.64756944444427,47.10416666666656,78.40364583333316,12.602430555555527,106.81076388888864,11.569444444444418,109.90972222222197
54.954861111110986,79.69487847222204,65.90451388888873,72.2057291666665,55.98784722222209,104.12499999999976,47.10416666666656,77.9904513888887,12.602430555555527,106.3975694444442,11.569444444444418,109.49652777777753
55.16145833333321,89.66319444444423,65.90451388888873,71.79253472222206,56.02228009259247,76.23437499999983,47.10416666666656,77.62890624999982,12.602430555555527,105.98437499999976,11.569444444444418,109.08333333333309
55.19589120370358,83.46527777777759,66.35214120370355,72.10243055555539,55.98784722222209,75.71788194444427,47.31076388888878,60.11979166666653,12.602430555555527,105.57118055555532,11.569444444444418,108.67013888888863
55.16145833333321,82.94878472222203,66.31770833333319,71.58593749999983,55.88454861111098,75.51128472222204,47.31076388888878,59.706597222222086,12.602430555555527,105.26128472222197,11.569444444444418,108.25694444444419
55.16145833333321,82.53559027777759,66.765335648148,72.30902777777762,56.194444444444315,95.44791666666644,47.31076388888878,59.293402777777644,12.602430555555527,104.33159722222199,11.569444444444418,107.84374999999974
55.16145833333321,82.12239583333314,66.73090277777763,71.79253472222206,56.194444444444315,95.034722222222,47.31076388888878,58.98350694444431,12.602430555555527,103.91840277777753,11.569444444444418,107.4305555555553
55.16145833333321,81.7092013888887,66.73090277777763,71.43098958333317,56.401041666666536,104.33159722222199,47.517361111111,79.02343749999982,12.602430555555527,103.50520833333309,11.569444444444418,107.01736111111086
55.16145833333321,81.29600694444426,67.14409722222207,72.72222222222206,56.401041666666536,104.02170138888864,47.517361111111,78.61024305555537,12.602430555555527,101.12934027777754,11.77604166666664,119.41319444444417
55.16145833333321,80.88281249999982,67.14409722222207,72.30902777777762,56.401041666666536,97.823784722222,47.517361111111,78.19704861111093,12.602430555555527,89.14670138888869,11.77604166666664,118.99999999999973
55.36805555555543,89.24999999999979,67.14409722222207,71.89583333333317,56.43547453703691,94.62152777777756,47.517361111111,77.78385416666649,12.809027777777748,113.83506944444419,11.77604166666664,118.58680555555529
55.36805555555543,88.83680555555534,67.14409722222207,71.48263888888873,56.401041666666536,94.105034722222,47.517361111111,77.4223090277776,12.809027777777748,113.42187499999973,11.77604166666664,118.17361111111083
55.36805555555543,88.4236111111109,67.55729166666652,72.82552083333316,56.29774305555542,93.79513888888867,47.72395833333322,60.11979166666653,12.809027777777748,113.00868055555529,11.77604166666664,117.76041666666639
55.36805555555543,88.01041666666646,67.55729166666652,72.41232638888872,56.401041666666536,76.85416666666649,47.72395833333322,59.706597222222086,12.809027777777748,112.59548611111084,11.77604166666664,117.34722222222194
55.36805555555543,87.59722222222202,67.55729166666652,71.99913194444427,56.401041666666536,76.44097222222204,47.72395833333322,59.293402777777644,12.809027777777748,112.1822916666664,11.77604166666664,116.9340277777775
55.36805555555543,87.28732638888869,67.55729166666652,71.58593749999983,56.401041666666536,76.13107638888872,47.620659722222115,58.98350694444431,12.809027777777748,111.76909722222196,11.77604166666664,116.52083333333306
55.4024884259258,85.32465277777759,67.4539930555554,71.37934027777762,56.401041666666536,75.61458333333316,47.93055555555544,79.02343749999982,12.809027777777748,111.35590277777752,11.77604166666664,116.10763888888862
55.36805555555543,84.80815972222203,161.5590277777774,74.22005208333316,56.60763888888876,105.51953124999976,47.93055555555544,78.61024305555537,12.809027777777748,110.94270833333307,11.77604166666664,115.69444444444417
55.36805555555543,84.39496527777759,161.80005787036998,74.58159722222204,56.504340277777644,105.26128472222197,47.93055555555544,78.19704861111093,12.809027777777748,110.52951388888863,11.77604166666664,115.28124999999973
55.36805555555543,83.98177083333314,161.80005787036998,73.8240740740739,56.504340277777644,95.24131944444423,47.93055555555544,77.78385416666649,12.809027777777748,110.11631944444419,11.77604166666664,114.86805555555529
55.4024884259258,80.36631944444426,162.17881944444406,74.78819444444427,56.710937499999865,104.22829861111087,47.93055555555544,77.4223090277776,12.809027777777748,109.70312499999974,11.77604166666664,114.45486111111084
55.36805555555543,79.8498263888887,162.17881944444406,74.37499999999983,56.81423611111098,97.9270833333331,48.137152777777665,63.838541666666515,12.809027777777748,109.2899305555553,11.77604166666664,114.0416666666664
55.36805555555543,79.53993055555537,162.17881944444406,73.96180555555539,56.81423611111098,76.64756944444427,48.03385416666656,59.91319444444431,12.809027777777748,103.09201388888864,11.77604166666664,113.62847222222196
55.57465277777765,89.66319444444423,162.17881944444406,73.65190972222206,56.84866898148135,76.0277777777776,48.03385416666656,59.499999999999865,12.809027777777748,102.6788194444442,11.77604166666664,113.21527777777752
55.57465277777765,83.46527777777759,162.59201388888852,74.78819444444427,56.81423611111098,75.51128472222204,48.343749999999886,78.9201388888887,12.809027777777748,102.26562499999976,11.77604166666664,105.36458333333309
55.57465277777765,83.05208333333314,162.59201388888852,74.37499999999983,57.0208333333332,90.48958333333313,48.343749999999886,78.50694444444426,12.809027777777748,101.85243055555532,11.77604166666664,104.5381944444442
55.57465277777765,82.6388888888887,162.59201388888852,73.96180555555539,57.0208333333332,90.12803819444423,48.343749999999886,78.09374999999982,12.809027777777748,101.43923611111087,11.77604166666664,104.22829861111087
55.57465277777765,82.22569444444426,162.59201388888852,73.65190972222206,57.22743055555542,97.823784722222,48.343749999999886,77.68055555555537,12.809027777777748,89.76649305555534,11.77604166666664,89.76649305555534
55.57465277777765,81.81249999999982,162.90190972222183,74.78819444444427,57.22743055555542,90.90277777777757,48.343749999999886,77.26736111111093,13.01562499999997,108.87673611111086,11.98263888888886,112.80208333333307
55.57465277777765,81.39930555555537,162.90190972222183,74.37499999999983,57.22743055555542,76.64756944444427,48.343749999999886,74.1684027777776,13.01562499999997,108.46354166666642,11.98263888888886,112.38888888888863
55.57465277777765,80.98611111111093,162.90190972222183,73.96180555555539,57.22743055555542,76.23437499999983,48.343749999999886,73.75520833333316,13.01562499999997,108.05034722222197,11.98263888888886,111.97569444444419
55.78124999999987,89.24999999999979,162.90190972222183,73.65190972222206,57.22743055555542,75.82118055555539,48.37818287037025,63.49421296296281,13.01562499999997,107.63715277777753,11.98263888888886,111.56249999999974
55.78124999999987,88.83680555555534,167.75694444444406,80.57291666666649,57.22743055555542,75.40798611111093,48.584780092592474,73.34201388888872,13.01562499999997,107.22395833333309,11.98263888888886,111.1493055555553
55.78124999999987,88.4236111111109,167.75694444444406,80.15972222222203,57.124131944444315,75.0980902777776,48.584780092592474,72.10243055555539,13.01562499999997,106.81076388888864,11.98263888888886,110.73611111111086
55.78124999999987,88.01041666666646,167.75694444444406,79.74652777777759,57.46846064814802,90.48958333333313,48.55034722222211,71.68923611111094,13.01562499999997,106.3975694444442,11.98263888888886,110.32291666666642
55.78124999999987,87.59722222222202,167.99797453703664,82.22569444444426,57.434027777777644,90.02473958333313,48.584780092592474,64.04513888888874,13.01562499999997,105.98437499999976,11.98263888888886,109.90972222222197
55.78124999999987,87.28732638888869,167.9635416666663,81.7092013888887,57.434027777777644,74.22005208333316,48.75694444444433,78.9201388888887,13.01562499999997,105.57118055555532,11.98263888888886,109.49652777777753
55.815682870370246,85.5312499999998,167.9635416666663,81.29600694444426,57.640624999999865,97.9270833333331,48.75694444444433,78.50694444444426,13.01562499999997,105.26128472222197,11.98263888888886,109.08333333333309
55.78124999999987,85.01475694444424,167.9635416666663,80.88281249999982,57.640624999999865,76.64756944444427,48.75694444444433,78.09374999999982,13.01562499999997,104.33159722222199,11.98263888888886,108.67013888888863
55.78124999999987,84.6015624999998,167.9635416666663,79.48828124999982,57.640624999999865,76.23437499999983,48.75694444444433,77.68055555555537,13.01562499999997,103.91840277777753,11.98263888888886,108.25694444444419
55.78124999999987,84.18836805555536,168.20457175925887,82.84548611111092,57.640624999999865,75.82118055555539,48.75694444444433,77.26736111111093,13.01562499999997,103.50520833333309,11.98263888888886,107.84374999999974
55.78124999999987,83.77517361111092,168.20457175925887,80.36631944444426,57.640624999999865,75.40798611111093,48.7913773148147,74.37499999999983,13.01562499999997,101.12934027777754,11.98263888888886,107.4305555555553
55.815682870370246,80.57291666666649,168.1701388888885,79.8498263888887,57.53732638888876,73.75520833333316,48.75694444444433,73.85850694444427,13.01562499999997,89.14670138888869,11.98263888888886,107.01736111111086
55.78124999999987,80.05642361111093,168.37673611111072,105.15798611111087,57.847222222222086,90.79947916666646,48.7913773148147,72.72222222222206,13.222222222222191,113.83506944444419,12.189236111111082,119.41319444444417
55.78124999999987,79.69487847222204,168.37673611111072,104.79644097222197,57.847222222222086,90.38628472222202,48.75694444444433,63.42534722222207,13.222222222222191,113.42187499999973,12.189236111111082,118.99999999999973
55.67795138888876,79.43663194444426,168.37673611111072,82.22569444444426,57.847222222222086,90.02473958333313,48.96354166666655,77.00911458333316,13.222222222222191,113.00868055555529,12.189236111111082,118.58680555555529
55.88454861111098,89.66319444444423,168.37673611111072,81.81249999999982,57.847222222222086,74.32335069444427,48.96354166666655,73.34201388888872,13.222222222222191,112.59548611111084,12.189236111111082,118.17361111111083
55.98784722222209,83.25868055555536,168.37673611111072,81.39930555555537,58.08825231481468,99.23553240740719,48.96354166666655,72.10243055555539,13.222222222222191,112.1822916666664,12.189236111111082,117.76041666666639
55.98784722222209,82.84548611111092,168.37673611111072,80.98611111111093,58.05381944444431,97.9270833333331,48.96354166666655,71.68923611111094,13.222222222222191,111.76909722222196,12.189236111111082,117.34722222222194
55.98784722222209,82.43229166666647,168.37673611111072,79.43663194444426,58.05381944444431,76.64756944444427,48.96354166666655,71.32769097222206,13.222222222222191,111.35590277777752,12.189236111111082,116.9340277777775
55.98784722222209,82.01909722222203,168.6177662037033,104.40046296296273,57.9505208333332,76.23437499999983,48.96354166666655,64.25173611111096,13.222222222222191,110.94270833333307,12.189236111111082,116.52083333333306
55.98784722222209,81.60590277777759,168.58333333333294,83.05208333333314,58.05381944444431,75.71788194444427,48.96354166666655,63.838541666666515,13.222222222222191,110.52951388888863,12.189236111111082,116.10763888888862
55.98784722222209,81.19270833333314,168.58333333333294,82.6388888888887,58.05381944444431,75.30468749999983,49.17013888888877,78.71354166666649,13.222222222222191,110.11631944444419,12.189236111111082,115.69444444444417
56.194444444444315,89.14670138888869,168.58333333333294,80.57291666666649,58.05381944444431,74.89149305555539,49.17013888888877,78.30034722222204,13.222222222222191,109.70312499999974,12.189236111111082,115.28124999999973
56.194444444444315,88.73350694444424,168.58333333333294,80.15972222222203,58.2948495370369,98.34027777777754,49.17013888888877,77.8871527777776,13.222222222222191,109.2899305555553,12.189236111111082,114.86805555555529
56.194444444444315,88.3203124999998,168.58333333333294,79.74652777777759,58.26041666666653,90.59288194444423,49.17013888888877,77.47395833333316,13.222222222222191,103.09201388888864,12.189236111111082,114.45486111111084
56.194444444444315,87.90711805555536,168.78993055555517,105.36458333333309,58.26041666666653,90.23133680555534,49.17013888888877,76.64756944444427,13.222222222222191,102.6788194444442,12.189236111111082,114.0416666666664
56.194444444444315,87.4939236111109,168.78993055555517,104.95138888888864,58.15711805555542,89.97309027777757,49.17013888888877,76.23437499999983,13.222222222222191,102.26562499999976,12.189236111111082,113.62847222222196
56.194444444444315,87.13237847222202,168.82436342592553,82.22569444444426,58.46701388888875,99.26996527777754,49.17013888888877,75.82118055555539,13.222222222222191,101.85243055555532,12.189236111111082,113.21527777777752
56.194444444444315,85.73784722222203,168.78993055555517,81.7092013888887,58.46701388888875,98.8567708333331,49.17013888888877,75.40798611111093,13.222222222222191,101.43923611111087,12.189236111111082,105.36458333333309
56.194444444444315,85.32465277777759,168.78993055555517,81.29600694444426,58.46701388888875,97.87543402777754,49.17013888888877,74.99479166666649,13.222222222222191,89.76649305555534,12.189236111111082,104.5381944444442
56.194444444444315,84.91145833333313,168.78993055555517,80.88281249999982,58.363715277777644,76.54427083333316,49.17013888888877,74.58159722222204,13.428819444444413,108.87673611111086,12.189236111111082,104.22829861111087
56.194444444444315,84.49826388888869,168.78993055555517,79.53993055555537,58.46701388888875,74.89149305555539,49.17013888888877,74.1684027777776,13.428819444444413,108.46354166666642,12.189236111111082,89.76649305555534
56.194444444444315,84.08506944444424,169.03096064814775,104.5381944444442,58.46701388888875,74.47829861111094,49.17013888888877,73.75520833333316,13.428819444444413,108.05034722222197,12.395833333333304,112.80208333333307
56.194444444444315,83.6718749999998,168.8932291666663,104.22829861111087,58.67361111111097,104.69314236111087,49.17013888888877,72.92881944444427,13.428819444444413,107.63715277777753,12.395833333333304,112.38888888888863
56.194444444444315,80.7795138888887,168.99652777777737,82.84548611111092,58.67361111111097,104.27994791666643,49.17013888888877,72.51562499999983,13.428819444444413,107.22395833333309,12.395833333333304,111.97569444444419
56.194444444444315,80.36631944444426,168.99652777777737,80.26302083333314,58.570312499999865,98.34027777777754,49.17013888888877,63.42534722222207,13.428819444444413,106.81076388888864,12.395833333333304,111.56249999999974
56.194444444444315,79.95312499999982,168.99652777777737,79.90147569444426,58.880208333333194,93.38194444444423,49.37673611111099,77.06076388888872,13.428819444444413,106.3975694444442,12.395833333333304,111.1493055555553
56.194444444444315,79.53993055555537,169.2031249999996,105.15798611111087,58.880208333333194,74.58159722222204,49.37673611111099,73.34201388888872,13.428819444444413,105.98437499999976,12.395833333333304,110.73611111111086
56.401041666666536,86.15104166666647,169.2031249999996,82.43229166666647,58.880208333333194,74.27170138888872,49.37673611111099,72.10243055555539,13.428819444444413,105.57118055555532,12.395833333333304,110.32291666666642
56.401041666666536,83.25868055555536,169.2031249999996,82.01909722222203,58.880208333333194,73.34201388888872,49.37673611111099,71.68923611111094,13.428819444444413,104.33159722222199,12.395833333333304,109.90972222222197
56.401041666666536,82.84548611111092,169.2031249999996,81.60590277777759,59.086805555555415,96.63585069444422,49.37673611111099,71.2760416666665,13.428819444444413,103.91840277777753,12.395833333333304,109.49652777777753
56.401041666666536,82.43229166666647,169.2031249999996,81.19270833333314,59.086805555555415,73.08376736111094,49.37673611111099,64.25173611111096,13.428819444444413,103.50520833333309,12.395833333333304,109.08333333333309
56.401041666666536,82.01909722222203,169.0998263888885,80.88281249999982,59.293402777777644,93.38194444444423,49.37673611111099,63.838541666666515,13.428819444444413,101.02604166666643,12.395833333333304,108.67013888888863
56.401041666666536,81.60590277777759,169.40972222222183,104.74479166666643,59.19010416666653,74.58159722222204,49.583333333333215,78.71354166666649,13.428819444444413,100.66449652777754,12.395833333333304,108.25694444444419
56.401041666666536,81.19270833333314,169.40972222222183,104.33159722222199,59.499999999999865,96.894097222222,49.583333333333215,78.30034722222204,13.428819444444413,89.14670138888869,12.395833333333304,107.84374999999974
56.401041666666536,79.23003472222204,169.40972222222183,82.7421874999998,59.499999999999865,96.48090277777756,49.583333333333215,77.8871527777776,13.635416666666636,114.14496527777752,12.395833333333304,107.4305555555553
56.60763888888876,89.04340277777757,169.61631944444406,105.15798611111087,59.499999999999865,96.17100694444422,49.583333333333215,77.47395833333316,13.635416666666636,113.73177083333307,12.395833333333304,107.01736111111086
56.60763888888876,88.63020833333313,169.6507523148144,82.22569444444426,59.499999999999865,73.18706597222206,49.583333333333215,76.64756944444427,13.635416666666636,113.31857638888863,12.602430555555527,119.41319444444417
56.60763888888876,88.21701388888869,169.61631944444406,81.7092013888887,59.706597222222086,97.358940972222,49.583333333333215,76.23437499999983,13.635416666666636,112.90538194444419,12.602430555555527,118.99999999999973
56.60763888888876,87.80381944444424,169.51302083333294,81.39930555555537,59.706597222222086,93.38194444444423,49.583333333333215,75.82118055555539,13.635416666666636,112.49218749999974,12.602430555555527,118.58680555555529
56.60763888888876,87.3906249999998,169.82291666666626,104.74479166666643,59.706597222222086,93.0720486111109,49.583333333333215,75.40798611111093,13.635416666666636,112.0789930555553,12.602430555555527,118.17361111111083
56.60763888888876,86.97743055555536,169.82291666666626,104.43489583333309,59.94762731481468,96.894097222222,49.583333333333215,74.99479166666649,13.635416666666636,111.66579861111086,12.602430555555527,117.76041666666639
56.60763888888876,86.56423611111092,170.0295138888885,105.15798611111087,59.91319444444431,96.37760416666644,49.583333333333215,74.58159722222204,13.635416666666636,111.25260416666642,12.602430555555527,117.34722222222194
56.60763888888876,85.73784722222203,170.23611111111072,104.74479166666643,59.809895833333194,96.17100694444422,49.583333333333215,74.1684027777776,13.635416666666636,110.83940972222196,12.602430555555527,116.9340277777775
56.60763888888876,85.32465277777759,170.23611111111072,104.43489583333309,59.91319444444431,73.1354166666665,49.583333333333215,73.75520833333316,13.635416666666636,110.42621527777752,12.602430555555527,116.52083333333306
56.60763888888876,84.91145833333313,170.4771412037033,105.15798611111087,60.11979166666653,93.38194444444423,49.583333333333215,72.92881944444427,13.635416666666636,110.01302083333307,12.602430555555527,116.10763888888862
56.60763888888876,84.49826388888869,170.64930555555517,104.5381944444442,60.11979166666653,92.96874999999979,49.583333333333215,72.51562499999983,13.635416666666636,109.59982638888863,12.602430555555527,115.69444444444417
56.60763888888876,84.08506944444424,170.85590277777737,105.36458333333309,60.11979166666653,87.18402777777757,49.583333333333215,70.91449652777762,13.635416666666636,109.18663194444419,12.602430555555527,115.28124999999973
56.60763888888876,83.6718749999998,170.85590277777737,104.95138888888864,60.11979166666653,86.77083333333313,49.583333333333215,63.42534722222207,13.635416666666636,103.09201388888864,12.602430555555527,114.86805555555529
56.60763888888876,80.7795138888887,170.9592013888885,104.64149305555532,60.11979166666653,86.35763888888869,49.78993055555544,77.06076388888872,13.635416666666636,102.6788194444442,12.602430555555527,114.45486111111084
56.60763888888876,80.36631944444426,171.26909722222183,86.35763888888869,60.1542245370369,72.79108796296279,49.78993055555544,73.34201388888872,13.635416666666636,102.26562499999976,12.602430555555527,114.0416666666664
56.60763888888876,79.95312499999982,171.47569444444406,90.69618055555534,60.360821759259125,92.55555555555534,49.78993055555544,72.10243055555539,13.635416666666636,101.85243055555532,12.602430555555527,113.62847222222196
56.60763888888876,79.53993055555537,171.47569444444406,86.77083333333313,60.32638888888875,92.03906249999979,49.78993055555544,71.68923611111094,13.635416666666636,101.43923611111087,12.602430555555527,113.21527777777752
56.84866898148135,103.09201388888864,171.47569444444406,85.94444444444424,60.32638888888875,91.62586805555534,49.78993055555544,71.2760416666665,13.635416666666636,89.76649305555534,12.602430555555527,105.36458333333309
56.81423611111098,102.5755208333331,171.71672453703664,91.10937499999979,60.32638888888875,88.83680555555534,49.78993055555544,70.44965277777762,13.842013888888857,108.67013888888863,12.602430555555527,104.5381944444442
56.81423611111098,102.16232638888866,171.71672453703664,90.2829861111109,60.32638888888875,88.4236111111109,49.78993055555544,64.25173611111096,13.842013888888857,108.25694444444419,12.602430555555527,104.22829861111087
56.81423611111098,101.74913194444422,171.68229166666626,89.76649305555534,60.32638888888875,88.01041666666646,49.78993055555544,63.838541666666515,13.842013888888857,107.84374999999974,12.602430555555527,89.66319444444423
56.81423611111098,101.33593749999976,171.68229166666626,87.18402777777757,60.32638888888875,87.59722222222202,49.996527777777665,78.61024305555537,13.842013888888857,107.4305555555553,12.809027777777748,112.80208333333307
56.81423611111098,100.92274305555532,171.68229166666626,86.35763888888869,60.32638888888875,85.94444444444424,49.996527777777665,78.19704861111093,13.842013888888857,107.01736111111086,12.809027777777748,112.38888888888863
56.81423611111098,100.50954861111087,171.68229166666626,85.5312499999998,60.32638888888875,85.5312499999998,49.996527777777665,77.78385416666649,13.842013888888857,106.60416666666642,12.809027777777748,111.97569444444419
56.81423611111098,100.19965277777754,171.68229166666626,85.11805555555536,60.32638888888875,85.16970486111092,49.996527777777665,77.37065972222204,13.842013888888857,106.19097222222197,12.809027777777748,111.56249999999974
56.84866898148135,86.15104166666647,171.68229166666626,84.70486111111092,60.42968749999986,93.175347222222,50.03096064814803,76.64756944444427,13.842013888888857,105.77777777777753,12.809027777777748,111.1493055555553
56.84866898148135,83.25868055555536,171.68229166666626,84.29166666666647,60.42968749999986,87.18402777777757,49.996527777777665,76.13107638888872,13.842013888888857,105.4678819444442,12.809027777777748,110.73611111111086
56.81423611111098,82.7421874999998,171.68229166666626,83.87847222222203,60.42968749999986,86.77083333333313,49.996527777777665,75.71788194444427,13.842013888888857,104.33159722222199,12.809027777777748,110.32291666666642
56.81423611111098,82.32899305555536,171.8888888888885,87.4939236111109,60.42968749999986,86.35763888888869,49.996527777777665,75.30468749999983,13.842013888888857,103.91840277777753,12.809027777777748,109.90972222222197
56.81423611111098,81.91579861111092,171.92332175925884,86.77083333333313,60.53298611111097,84.70486111111092,49.996527777777665,74.94314236111094,13.842013888888857,103.50520833333309,12.809027777777748,109.49652777777753
56.81423611111098,81.50260416666647,171.92332175925884,85.94444444444424,60.63628472222208,91.52256944444423,49.89322916666655,74.68489583333316,13.842013888888857,101.02604166666643,12.809027777777748,109.08333333333309
56.81423611111098,81.08940972222203,171.8888888888885,83.51692708333314,60.63628472222208,85.11805555555536,49.89322916666655,73.75520833333316,13.842013888888857,100.61284722222199,12.809027777777748,108.67013888888863
56.81423611111098,79.2816840277776,172.09548611111072,91.36762152777757,60.739583333333194,84.39496527777759,49.996527777777665,72.92881944444427,13.842013888888857,100.19965277777754,12.809027777777748,108.25694444444419
57.0208333333332,88.83680555555534,172.09548611111072,88.63020833333313,60.8428819444443,91.00607638888867,49.996527777777665,72.51562499999983,13.842013888888857,89.14670138888869,12.809027777777748,107.84374999999974
57.0208333333332,88.4236111111109,172.09548611111072,88.26866319444424,60.8428819444443,84.70486111111092,49.996527777777665,70.86284722222206,13.945312499999968,113.21527777777752,12.809027777777748,107.4305555555553
57.0208333333332,88.01041666666646,172.09548611111072,85.47960069444424,61.04947916666652,90.2829861111109,49.996527777777665,70.03645833333317,14.048611111111079,112.80208333333307,12.809027777777748,107.01736111111086
57.0208333333332,87.59722222222202,172.30208333333294,87.9587673611109,61.39380787037023,94.62152777777756,49.996527777777665,69.62326388888873,14.048611111111079,112.38888888888863,13.01562499999997,119.41319444444417
57.0208333333332,87.18402777777757,172.30208333333294,87.18402777777757,61.35937499999986,94.15668402777756,49.996527777777665,69.3133680555554,14.048611111111079,111.97569444444419,13.01562499999997,118.99999999999973
57.0208333333332,86.77083333333313,172.30208333333294,86.77083333333313,61.56597222222208,83.31032986111092,49.89322916666655,63.42534722222207,14.048611111111079,111.56249999999974,13.01562499999997,118.58680555555529
57.0208333333332,85.5312499999998,172.30208333333294,86.35763888888869,61.7725694444443,94.82812499999979,50.203124999999886,73.2387152777776,14.048611111111079,111.1493055555553,13.01562499999997,118.17361111111083
57.0208333333332,85.11805555555536,172.30208333333294,85.94444444444424,61.7725694444443,94.41493055555533,50.23755787037025,72.10243055555539,14.048611111111079,110.73611111111086,13.01562499999997,117.76041666666639
57.0208333333332,84.70486111111092,172.30208333333294,83.46527777777759,61.7725694444443,94.05338541666644,50.203124999999886,71.58593749999983,14.048611111111079,110.32291666666642,13.01562499999997,117.34722222222194
57.0208333333332,84.29166666666647,172.50868055555515,91.47092013888867,61.97916666666652,83.25868055555536,50.203124999999886,71.17274305555539,14.048611111111079,109.90972222222197,13.01562499999997,116.9340277777775
57.0208333333332,83.87847222222203,172.50868055555515,88.4236111111109,61.97916666666652,82.94878472222203,50.23755787037025,70.44965277777762,14.048611111111079,109.49652777777753,13.01562499999997,116.52083333333306
57.0208333333332,80.57291666666649,172.50868055555515,87.59722222222202,62.185763888888744,94.72482638888867,50.30642361111099,78.30034722222204,14.048611111111079,109.08333333333309,13.01562499999997,116.10763888888862
57.0208333333332,80.15972222222203,172.50868055555515,85.73784722222203,62.185763888888744,94.31163194444423,50.40972222222211,77.83550347222204,14.048611111111079,103.09201388888864,13.01562499999997,115.69444444444417
57.0208333333332,79.74652777777759,172.71527777777737,88.83680555555534,62.08246527777764,94.00173611111089,50.30642361111099,77.47395833333316,14.048611111111079,102.6788194444442,13.01562499999997,115.28124999999973
57.22743055555542,103.29861111111087,172.71527777777737,88.01041666666646,62.392361111110965,83.00043402777759,50.30642361111099,77.06076388888872,14.048611111111079,102.26562499999976,13.01562499999997,114.86805555555529
57.22743055555542,102.88541666666643,172.71527777777737,87.18402777777757,62.28906249999986,82.7421874999998,50.30642361111099,76.64756944444427,14.048611111111079,101.85243055555532,13.01562499999997,114.45486111111084
57.22743055555542,102.47222222222199,172.71527777777737,86.82248263888869,62.7022569444443,81.81249999999982,50.30642361111099,76.23437499999983,14.048611111111079,101.43923611111087,13.01562499999997,114.0416666666664
57.22743055555542,102.05902777777754,172.74971064814773,86.15104166666647,62.7022569444443,81.50260416666647,50.40972222222211,75.82118055555539,14.048611111111079,99.7864583333331,13.01562499999997,113.62847222222196
57.22743055555542,101.6458333333331,172.71527777777737,83.46527777777759,63.01215277777763,80.57291666666649,50.40972222222211,75.45963541666649,14.048611111111079,99.47656249999977,13.01562499999997,113.21527777777752
57.22743055555542,101.23263888888866,172.95630787036995,98.96006944444422,63.01215277777763,80.21137152777759,50.40972222222211,72.72222222222206,14.048611111111079,89.76649305555534,13.01562499999997,105.36458333333309
57.22743055555542,100.81944444444422,172.9218749999996,98.44357638888866,63.21874999999985,79.74652777777759,50.40972222222211,69.82986111111094,14.289641203703672,108.67013888888863,13.01562499999997,104.5381944444442
57.22743055555542,100.40624999999977,172.8185763888885,98.23697916666644,63.21874999999985,79.3849826388887,50.40972222222211,69.4166666666665,14.2552083333333,108.15364583333309,13.01562499999997,104.22829861111087
57.22743055555542,100.09635416666643,172.9218749999996,91.72916666666646,63.459780092592446,92.76215277777756,50.61631944444433,72.30902777777762,14.2552083333333,107.74045138888864,13.01562499999997,89.66319444444423
57.22743055555542,86.35763888888869,172.9218749999996,91.41927083333312,63.42534722222207,92.24565972222202,50.61631944444433,71.89583333333317,14.2552083333333,107.3272569444442,13.222222222222191,120.29123263888862
57.22743055555542,85.94444444444424,172.9218749999996,88.4236111111109,63.459780092592446,80.57291666666649,50.61631944444433,71.48263888888873,14.2552083333333,106.91406249999976,13.222222222222191,112.80208333333307
57.22743055555542,83.46527777777759,172.9218749999996,87.59722222222202,63.42534722222207,80.05642361111093,50.61631944444433,71.06944444444429,14.2552083333333,106.50086805555532,13.222222222222191,112.38888888888863
57.22743055555542,83.05208333333314,173.02517361111072,88.83680555555534,63.631944444444294,79.53993055555537,50.61631944444433,70.65624999999983,14.2552083333333,106.08767361111086,13.222222222222191,111.97569444444419
57.22743055555542,82.6388888888887,173.12847222222183,88.01041666666646,63.52864583333319,79.23003472222204,50.61631944444433,70.24305555555539,14.2552083333333,105.67447916666642,13.222222222222191,111.56249999999974
57.22743055555542,82.22569444444426,173.12847222222183,87.23567708333313,63.838541666666515,92.96874999999979,50.82291666666655,72.61892361111094,14.15190972222219,105.4678819444442,13.222222222222191,111.1493055555553
57.22743055555542,81.81249999999982,173.02517361111072,86.35763888888869,63.838541666666515,92.55555555555534,50.85734953703692,69.82986111111094,14.2552083333333,104.33159722222199,13.222222222222191,110.73611111111086
57.22743055555542,81.39930555555537,173.12847222222183,85.94444444444424,63.838541666666515,92.1423611111109,50.719618055555436,69.51996527777762,14.2552083333333,103.91840277777753,13.222222222222191,110.32291666666642
57.22743055555542,80.98611111111093,173.02517361111072,85.63454861111092,63.838541666666515,80.67621527777759,51.02951388888877,72.10243055555539,14.2552083333333,103.50520833333309,13.222222222222191,109.90972222222197
57.22743055555542,79.33333333333314,173.12847222222183,83.46527777777759,63.838541666666515,80.26302083333314,51.02951388888877,71.68923611111094,14.2552083333333,101.02604166666643,13.222222222222191,109.49652777777753
57.22743055555542,79.02343749999982,173.23177083333294,98.96006944444422,63.73524305555541,80.05642361111093,51.02951388888877,71.2760416666665,14.2552083333333,100.61284722222199,13.222222222222191,109.08333333333309
57.434027777777644,88.83680555555534,173.23177083333294,98.54687499999977,64.04513888888874,79.43663194444426,51.02951388888877,70.86284722222206,14.2552083333333,100.19965277777754,13.222222222222191,108.67013888888863
57.434027777777644,88.4236111111109,173.33506944444403,91.72916666666646,63.94184027777763,79.23003472222204,51.02951388888877,70.50130208333317,14.2552083333333,89.14670138888869,13.222222222222191,108.25694444444419
57.434027777777644,88.01041666666646,173.33506944444403,91.41927083333312,64.25173611111096,92.91710069444423,51.27054398148136,72.51562499999983,14.358506944444411,112.59548611111084,13.222222222222191,107.84374999999974
57.434027777777644,87.59722222222202,173.33506944444403,88.4236111111109,64.25173611111096,92.24565972222202,51.23611111111099,69.7782118055554,14.358506944444411,112.1822916666664,13.222222222222191,107.4305555555553
57.434027777777644,87.18402777777757,173.33506944444403,87.70052083333313,64.14843749999986,92.03906249999979,51.13281249999988,69.51996527777762,14.461805555555522,111.66579861111086,13.222222222222191,107.06901041666642
57.434027777777644,86.77083333333313,173.57609953703664,88.04484953703684,64.14843749999986,80.57291666666649,51.442708333333215,71.89583333333317,14.461805555555522,111.25260416666642,13.428819444444413,119.41319444444417
57.434027777777644,85.5312499999998,173.54166666666626,83.36197916666647,64.45833333333319,79.12673611111093,51.442708333333215,71.48263888888873,14.461805555555522,110.83940972222196,13.428819444444413,118.99999999999973
57.434027777777644,85.11805555555536,173.78269675925884,92.96874999999979,64.45833333333319,78.71354166666649,51.442708333333215,71.06944444444429,14.461805555555522,110.42621527777752,13.428819444444413,118.58680555555529
57.434027777777644,84.70486111111092,173.7482638888885,92.45225694444423,64.35503472222207,77.16406249999982,51.442708333333215,70.65624999999983,14.461805555555522,110.01302083333307,13.428819444444413,118.17361111111083
57.434027777777644,84.29166666666647,173.7482638888885,91.93576388888867,64.5616319444443,92.1423611111109,51.649305555555436,72.72222222222206,14.461805555555522,109.59982638888863,13.428819444444413,117.76041666666639
57.434027777777644,83.87847222222203,173.7482638888885,91.52256944444423,64.6649305555554,78.30034722222204,51.649305555555436,72.30902777777762,14.461805555555522,109.18663194444419,13.428819444444413,117.34722222222194
57.434027777777644,80.57291666666649,173.7482638888885,91.10937499999979,64.6649305555554,77.8871527777776,51.890335648148024,71.89583333333317,14.461805555555522,103.09201388888864,13.428819444444413,116.9340277777775
57.434027777777644,80.15972222222203,173.78269675925884,90.07638888888869,64.6649305555554,77.57725694444426,51.85590277777766,71.37934027777762,14.461805555555522,102.6788194444442,13.428819444444413,116.52083333333306
57.434027777777644,79.74652777777759,173.7482638888885,89.55989583333313,64.87152777777763,78.66189236111093,51.85590277777766,70.96614583333317,14.461805555555522,102.26562499999976,13.428819444444413,116.10763888888862
57.640624999999865,103.29861111111087,173.7482638888885,89.19835069444424,65.28472222222207,76.90581597222204,51.75260416666654,70.75954861111094,14.461805555555522,101.85243055555532,13.428819444444413,115.69444444444417
57.640624999999865,102.88541666666643,173.7482638888885,82.84548611111092,65.69791666666652,76.85416666666649,52.06249999999988,72.51562499999983,14.461805555555522,101.43923611111087,13.428819444444413,115.28124999999973
57.640624999999865,102.47222222222199,173.7482638888885,82.43229166666647,66.11111111111096,76.85416666666649,52.2690972222221,72.10243055555539,14.461805555555522,99.7864583333331,13.428819444444413,114.86805555555529
57.640624999999865,102.05902777777754,173.7482638888885,82.01909722222203,66.00781249999984,70.75954861111094,52.2690972222221,71.68923611111094,14.461805555555522,99.37326388888866,13.428819444444413,114.45486111111084
57.640624999999865,101.6458333333331,173.98929398148107,94.41493055555533,66.5243055555554,76.85416666666649,52.2690972222221,71.2760416666665,14.461805555555522,89.76649305555534,13.428819444444413,114.0416666666664
57.640624999999865,101.23263888888866,173.95486111111072,93.89843749999979,66.73090277777763,76.54427083333316,52.2690972222221,70.96614583333317,14.702835648148115,108.67013888888863,13.428819444444413,113.62847222222196
57.640624999999865,100.81944444444422,173.95486111111072,93.48524305555534,66.93749999999984,76.80251736111093,52.47569444444432,72.51562499999983,14.668402777777743,108.15364583333309,13.428819444444413,113.21527777777752
57.640624999999865,100.40624999999977,173.98929398148107,90.69618055555534,67.38512731481467,70.48408564814798,52.68229166666654,72.10243055555539,14.668402777777743,107.74045138888864,13.428819444444413,105.57118055555532
57.53732638888876,100.09635416666643,173.95486111111072,88.21701388888869,67.4539930555554,69.82986111111094,52.68229166666654,71.68923611111094,14.668402777777743,107.3272569444442,13.428819444444413,105.26128472222197
57.640624999999865,86.35763888888869,173.95486111111072,87.90711805555536,67.76388888888873,75.20138888888872,52.68229166666654,71.2760416666665,14.668402777777743,106.91406249999976,13.463252314814785,104.5381944444442
57.640624999999865,85.94444444444424,173.95486111111072,83.25868055555536,67.76388888888873,74.78819444444427,52.68229166666654,70.96614583333317,14.668402777777743,106.50086805555532,13.428819444444413,104.0733506944442
57.640624999999865,83.46527777777759,173.8515624999996,81.7092013888887,67.79832175925911,70.65624999999983,52.888888888888765,72.51562499999983,14.668402777777743,106.08767361111086,13.428819444444413,89.66319444444423
57.640624999999865,83.05208333333314,174.16145833333292,92.96874999999979,67.66059027777762,70.3463541666665,53.095486111110986,72.10243055555539,14.668402777777743,105.67447916666642,13.428819444444413,89.3532986111109
57.640624999999865,82.6388888888887,174.16145833333292,92.55555555555534,67.86718749999984,75.61458333333316,53.095486111110986,71.68923611111094,14.565104166666632,105.4678819444442,13.635416666666636,120.23958333333306
57.640624999999865,82.22569444444426,174.16145833333292,92.1423611111109,67.97048611111096,74.5299479166665,53.095486111110986,71.2760416666665,14.668402777777743,104.22829861111087,13.669849537037006,112.80208333333307
57.640624999999865,81.81249999999982,174.16145833333292,91.72916666666646,68.17708333333317,74.99479166666649,53.30208333333321,72.51562499999983,14.668402777777743,103.81510416666643,13.635416666666636,112.28559027777752
57.640624999999865,81.39930555555537,174.16145833333292,91.31597222222202,68.17708333333317,74.1684027777776,53.50868055555543,72.10243055555539,14.668402777777743,103.40190972222199,13.635416666666636,111.87239583333307
57.640624999999865,80.98611111111093,174.16145833333292,90.07638888888869,68.17708333333317,73.75520833333316,53.50868055555543,71.68923611111094,14.702835648148115,101.02604166666643,13.635416666666636,111.45920138888863
57.640624999999865,79.33333333333314,174.16145833333292,89.66319444444423,68.17708333333317,73.34201388888872,53.50868055555543,71.2760416666665,14.668402777777743,100.50954861111087,13.635416666666636,111.04600694444419
57.640624999999865,78.97178819444426,174.16145833333292,89.24999999999979,68.17708333333317,70.91449652777762,53.71527777777765,72.51562499999983,14.668402777777743,100.09635416666643,13.635416666666636,110.63281249999974
57.847222222222086,88.83680555555534,174.16145833333292,83.05208333333314,68.07378472222206,70.55295138888873,53.92187499999987,72.10243055555539,14.702835648148115,98.96006944444422,13.635416666666636,110.2196180555553
57.847222222222086,88.4236111111109,174.05815972222183,82.01909722222203,68.41811342592577,74.58159722222204,53.92187499999987,71.68923611111094,14.565104166666632,98.65017361111089,13.635416666666636,109.80642361111086
57.847222222222086,88.01041666666646,174.40248842592553,106.81076388888864,68.41811342592577,72.997685185185,53.92187499999987,71.2760416666665,14.668402777777743,89.09505208333313,13.635416666666636,109.39322916666642
57.847222222222086,87.59722222222202,174.36805555555515,95.034722222222,68.624710648148,73.96180555555539,54.162905092592474,72.51562499999983,14.771701388888854,110.52951388888863,13.635416666666636,108.98003472222197
57.847222222222086,87.18402777777757,174.36805555555515,94.62152777777756,68.59027777777762,73.44531249999983,54.335069444444315,71.89583333333317,14.771701388888854,110.11631944444419,13.635416666666636,108.56684027777753
57.74392361111098,86.77083333333313,174.36805555555515,94.20833333333312,68.69357638888873,74.58159722222204,54.335069444444315,71.48263888888873,14.771701388888854,109.70312499999974,13.635416666666636,108.15364583333309
57.74392361111098,85.5312499999998,174.36805555555515,93.79513888888867,68.69357638888873,73.03211805555539,54.335069444444315,71.17274305555539,14.771701388888854,109.2899305555553,13.635416666666636,107.74045138888864
57.74392361111098,85.11805555555536,174.36805555555515,93.38194444444423,159.6996527777774,74.78819444444427,54.54166666666654,72.72222222222206,14.909432870370336,102.88541666666643,13.635416666666636,107.37890624999974
57.74392361111098,84.70486111111092,174.36805555555515,90.90277777777757,159.6996527777774,74.37499999999983,54.54166666666654,72.30902777777762,14.874999999999966,102.36892361111087,13.842013888888857,119.20659722222194
57.74392361111098,84.29166666666647,174.36805555555515,90.48958333333313,159.6996527777774,73.96180555555539,54.748263888888765,71.89583333333317,14.874999999999966,101.95572916666643,13.842013888888857,118.7934027777775
57.74392361111098,83.87847222222203,174.36805555555515,88.21701388888869,159.6996527777774,73.54861111111094,54.748263888888765,71.48263888888873,14.874999999999966,101.54253472222199,13.842013888888857,118.38020833333306
57.847222222222086,80.57291666666649,174.36805555555515,87.8554687499998,159.90624999999963,73.29036458333316,54.748263888888765,71.17274305555539,14.909432870370336,99.57986111111089,13.842013888888857,117.96701388888862
57.847222222222086,80.15972222222203,174.57465277777737,92.96874999999979,160.11284722222186,74.99479166666649,54.954861111110986,72.72222222222206,14.909432870370336,98.34027777777754,13.842013888888857,117.55381944444417
57.847222222222086,79.74652777777759,174.57465277777737,92.55555555555534,160.11284722222186,74.6332465277776,54.954861111110986,72.30902777777762,14.874999999999966,97.823784722222,13.842013888888857,117.14062499999973
57.9505208333332,103.09201388888864,174.57465277777737,92.1423611111109,160.00954861111074,74.27170138888872,55.16145833333321,71.89583333333317,14.874999999999966,97.41059027777756,13.842013888888857,116.72743055555529
57.9505208333332,102.6788194444442,174.57465277777737,91.72916666666646,160.00954861111074,73.75520833333316,55.16145833333321,71.48263888888873,14.874999999999966,96.99739583333312,13.842013888888857,116.31423611111084
57.9505208333332,102.26562499999976,174.57465277777737,91.31597222222202,160.31944444444406,73.34201388888872,55.16145833333321,71.17274305555539,14.874999999999966,96.58420138888866,13.842013888888857,115.9010416666664
57.9505208333332,101.85243055555532,174.57465277777737,90.07638888888869,160.5260416666663,74.89149305555539,55.36805555555543,72.72222222222206,14.874999999999966,96.17100694444422,13.842013888888857,115.48784722222196
57.9505208333332,101.43923611111087,174.57465277777737,89.66319444444423,160.73263888888852,73.34201388888872,55.36805555555543,72.30902777777762,14.874999999999966,95.75781249999977,13.842013888888857,115.07465277777752
57.9505208333332,101.02604166666643,174.57465277777737,89.24999999999979,160.83593749999963,74.89149305555539,55.57465277777765,71.89583333333317,14.874999999999966,95.34461805555533,13.842013888888857,114.66145833333307
57.9505208333332,100.61284722222199,174.47135416666626,82.94878472222203,161.14583333333297,73.34201388888872,55.57465277777765,71.48263888888873,14.874999999999966,94.93142361111089,13.842013888888857,114.24826388888863
58.05381944444431,83.36197916666647,174.7812499999996,107.01736111111086,161.59346064814775,76.64756944444427,55.57465277777765,71.17274305555539,14.771701388888854,94.72482638888867,13.842013888888857,113.83506944444419
58.05381944444431,82.94878472222203,174.7812499999996,106.60416666666642,161.5590277777774,76.13107638888872,55.78124999999987,72.72222222222206,14.874999999999966,88.7851562499998,13.842013888888857,113.42187499999973
58.05381944444431,82.53559027777759,174.7812499999996,106.29427083333309,161.5590277777774,75.71788194444427,55.78124999999987,72.30902777777762,14.978298611111077,107.4305555555553,13.876446759259228,105.57118055555532
58.05381944444431,82.12239583333314,174.7812499999996,95.034722222222,161.4557291666663,75.51128472222204,55.98784722222209,71.89583333333317,14.978298611111077,107.01736111111086,13.738715277777747,105.26128472222197
58.05381944444431,81.7092013888887,174.7812499999996,94.62152777777756,161.4557291666663,73.2387152777776,55.98784722222209,71.48263888888873,14.978298611111077,106.60416666666642,13.842013888888857,104.64149305555532
58.05381944444431,81.29600694444426,174.7812499999996,94.20833333333312,161.97222222222186,76.85416666666649,55.98784722222209,71.17274305555539,14.978298611111077,106.29427083333309,13.842013888888857,104.22829861111087
58.05381944444431,80.88281249999982,174.7812499999996,93.79513888888867,161.86892361111074,76.44097222222204,56.194444444444315,72.72222222222206,14.978298611111077,103.50520833333309,13.738715277777747,104.02170138888864
58.08825231481468,79.33333333333314,174.7812499999996,93.38194444444423,161.86892361111074,76.0277777777776,56.194444444444315,72.30902777777762,15.081597222222188,101.02604166666643,13.842013888888857,89.66319444444423
58.05381944444431,78.86848958333314,174.81568287036995,90.90277777777757,162.3854166666663,76.85416666666649,56.43547453703691,71.89583333333317,15.081597222222188,100.61284722222199,13.842013888888857,89.24999999999979
58.26041666666653,88.83680555555534,174.7812499999996,90.38628472222202,162.79861111111074,76.85416666666649,56.401041666666536,71.37934027777762,15.081597222222188,100.19965277777754,14.048611111111079,120.23958333333306
58.26041666666653,88.4236111111109,174.81568287036995,88.21701388888869,163.21180555555517,76.85416666666649,56.401041666666536,71.06944444444429,15.081597222222188,98.96006944444422,14.048611111111079,113.00868055555529
58.26041666666653,88.01041666666646,174.6779513888885,87.80381944444424,163.62499999999963,76.85416666666649,56.64207175925913,72.51562499999983,15.081597222222188,94.41493055555533,14.048611111111079,112.59548611111084
58.26041666666653,87.59722222222202,174.9878472222218,93.0720486111109,163.62499999999963,74.11675347222204,56.84866898148135,71.89583333333317,15.081597222222188,94.00173611111089,14.048611111111079,112.1822916666664
58.15711805555542,87.18402777777757,174.9878472222218,92.34895833333312,163.62499999999963,73.44531249999983,56.81423611111098,71.37934027777762,15.081597222222188,93.58854166666644,14.048611111111079,111.76909722222196
58.26041666666653,80.36631944444426,174.9878472222218,91.93576388888867,163.8660300925922,74.58159722222204,56.81423611111098,71.01779513888873,15.081597222222188,93.175347222222,14.048611111111079,111.35590277777752
58.26041666666653,79.95312499999982,174.9878472222218,91.52256944444423,163.8660300925922,73.78964120370354,56.84866898148135,59.91319444444431,15.081597222222188,92.76215277777756,14.048611111111079,110.94270833333307
58.363715277777644,83.25868055555536,174.9878472222218,89.86979166666646,164.03819444444406,76.90581597222204,56.81423611111098,59.39670138888875,15.081597222222188,92.34895833333312,14.048611111111079,110.52951388888863
58.46701388888875,82.84548611111092,174.9878472222218,89.45659722222202,164.2447916666663,78.50694444444426,56.81423611111098,58.98350694444431,15.081597222222188,91.93576388888867,14.048611111111079,110.11631944444419
58.46701388888875,82.43229166666647,174.9878472222218,89.09505208333313,164.2447916666663,78.09374999999982,57.0208333333332,72.51562499999983,15.081597222222188,91.52256944444423,14.048611111111079,109.70312499999974
58.46701388888875,82.01909722222203,175.09114583333292,107.01736111111086,164.2447916666663,77.68055555555537,57.22743055555542,72.10243055555539,15.081597222222188,91.10937499999979,14.048611111111079,109.2899305555553
58.46701388888875,81.60590277777759,175.09114583333292,106.70746527777753,164.2447916666663,77.31901041666649,57.22743055555542,71.68923611111094,15.081597222222188,90.69618055555534,14.048611111111079,108.87673611111086
58.46701388888875,81.2443576388887,175.19444444444403,94.72482638888867,164.27922453703664,74.78819444444427,57.22743055555542,71.2760416666665,15.081597222222188,90.33463541666646,14.048611111111079,108.46354166666642
58.363715277777644,80.7795138888887,175.19444444444403,94.31163194444423,164.2447916666663,74.32335069444427,57.22743055555542,70.86284722222206,15.081597222222188,89.97309027777757,14.048611111111079,108.05034722222197
58.363715277777644,79.53993055555537,175.19444444444403,93.89843749999979,164.2447916666663,73.91015624999983,57.22743055555542,60.32638888888875,15.081597222222188,88.3203124999998,14.048611111111079,107.63715277777753
58.363715277777644,79.12673611111093,175.19444444444403,93.48524305555534,164.55468749999963,78.61024305555537,57.22743055555542,59.91319444444431,15.081597222222188,87.90711805555536,14.048611111111079,107.22395833333309
58.363715277777644,78.8168402777776,175.2288773148144,91.10937499999979,164.55468749999963,77.68055555555537,57.22743055555542,59.499999999999865,15.081597222222188,87.4939236111109,14.048611111111079,106.8624131944442
58.880208333333194,77.8871527777776,175.19444444444403,90.59288194444423,164.6924189814811,75.82118055555539,57.22743055555542,59.086805555555415,15.081597222222188,87.08072916666646,14.2552083333333,119.20659722222194
59.293402777777644,78.09374999999982,175.19444444444403,90.17968749999979,164.65798611111072,75.30468749999983,57.22743055555542,58.67361111111097,14.978298611111077,86.77083333333313,14.2552083333333,118.7934027777775
59.293402777777644,77.73220486111093,175.2288773148144,88.63020833333313,164.65798611111072,74.94314236111094,57.434027777777644,72.41232638888872,14.978298611111077,86.35763888888869,14.2552083333333,118.38020833333306
59.499999999999865,78.55859374999982,175.19444444444403,88.11371527777757,164.55468749999963,74.68489583333316,57.640624999999865,71.89583333333317,14.978298611111077,85.94444444444424,14.2552083333333,117.96701388888862
59.706597222222086,78.09374999999982,175.19444444444403,87.70052083333313,165.07118055555517,78.61024305555537,57.640624999999865,71.48263888888873,15.184895833333298,101.85243055555532,14.2552083333333,117.55381944444417
59.706597222222086,77.68055555555537,175.40104166666626,92.86545138888867,165.07118055555517,76.0277777777776,57.640624999999865,71.06944444444429,15.184895833333298,101.43923611111087,14.2552083333333,117.14062499999973
59.91319444444431,78.50694444444426,175.40104166666626,92.45225694444423,165.07118055555517,75.61458333333316,57.640624999999865,70.75954861111094,15.184895833333298,99.7864583333331,14.2552083333333,116.72743055555529
60.1542245370369,78.09374999999982,175.40104166666626,92.03906249999979,165.07118055555517,75.20138888888872,57.67505787037024,60.32638888888875,15.184895833333298,99.37326388888866,14.2552083333333,116.31423611111084
60.11979166666653,77.62890624999982,175.40104166666626,91.62586805555534,165.07118055555517,74.89149305555539,57.640624999999865,59.809895833333194,15.322627314814781,98.54687499999977,14.2552083333333,115.9010416666664
60.32638888888875,78.71354166666649,175.4354745370366,89.66319444444423,165.51880787036998,79.33333333333314,57.640624999999865,59.39670138888875,15.28819444444441,98.03038194444422,14.2552083333333,115.48784722222196
60.53298611111097,78.30034722222204,175.40104166666626,89.14670138888869,165.4843749999996,78.8168402777776,57.640624999999865,58.98350694444431,15.28819444444441,97.61718749999977,14.2552083333333,115.07465277777752
60.53298611111097,77.8871527777776,175.50434027777737,94.41493055555533,165.4843749999996,78.40364583333316,57.640624999999865,58.570312499999865,15.28819444444441,97.20399305555533,14.2552083333333,114.66145833333307
60.53298611111097,77.47395833333316,175.50434027777737,94.00173611111089,165.38107638888852,78.19704861111093,57.53732638888876,58.363715277777644,15.28819444444441,96.79079861111089,14.2552083333333,114.24826388888863
60.53298611111097,77.11241319444427,175.50434027777737,93.58854166666644,165.38107638888852,77.47395833333316,57.847222222222086,72.30902777777762,15.28819444444441,96.37760416666644,14.2552083333333,113.83506944444419
60.739583333333194,78.71354166666649,175.50434027777737,93.27864583333312,165.4843749999996,76.9574652777776,57.9505208333332,71.89583333333317,15.28819444444441,95.964409722222,14.2552083333333,113.42187499999973
60.739583333333194,76.64756944444427,175.64207175925884,91.10937499999979,165.4843749999996,76.44097222222204,58.05381944444431,71.48263888888873,15.28819444444441,95.55121527777756,14.2552083333333,106.3975694444442
60.739583333333194,76.23437499999983,175.6076388888885,90.59288194444423,165.4843749999996,76.0277777777776,58.05381944444431,71.06944444444429,15.28819444444441,95.13802083333312,14.2552083333333,105.98437499999976
60.739583333333194,75.82118055555539,175.6076388888885,90.17968749999979,165.4843749999996,75.30468749999983,57.9505208333332,70.65624999999983,15.28819444444441,94.72482638888867,14.2552083333333,105.57118055555532
60.739583333333194,75.40798611111093,175.6076388888885,88.7851562499998,165.38107638888852,75.0980902777776,58.05381944444431,60.53298611111097,15.39149305555552,94.20833333333312,14.2552083333333,105.20963541666642
60.946180555555415,78.30034722222204,175.64207175925884,88.21701388888869,165.69097222222183,83.25868055555536,58.05381944444431,60.11979166666653,15.39149305555552,93.79513888888867,14.289641203703672,104.5381944444442
60.946180555555415,77.8871527777776,175.6076388888885,87.70052083333313,165.69097222222183,82.84548611111092,58.05381944444431,59.706597222222086,15.39149305555552,93.38194444444423,14.2552083333333,104.0733506944442
60.946180555555415,77.47395833333316,175.6076388888885,87.28732638888869,165.69097222222183,82.43229166666647,58.05381944444431,59.293402777777644,15.39149305555552,92.96874999999979,14.2552083333333,89.66319444444423
60.946180555555415,77.06076388888872,175.50434027777737,87.08072916666646,165.69097222222183,82.01909722222203,58.05381944444431,58.880208333333194,15.39149305555552,92.55555555555534,14.2552083333333,89.24999999999979
60.946180555555415,74.99479166666649,175.64207175925884,86.56423611111092,165.69097222222183,81.60590277777759,58.05381944444431,58.46701388888875,15.39149305555552,92.1423611111109,14.461805555555522,120.29123263888862
60.946180555555415,74.58159722222204,175.50434027777737,86.25434027777757,165.69097222222183,81.19270833333314,58.26041666666653,58.105468749999865,15.39149305555552,91.72916666666646,14.461805555555522,113.00868055555529
60.946180555555415,74.1684027777776,175.6076388888885,85.11805555555536,165.69097222222183,80.7795138888887,58.46701388888875,70.86284722222206,15.39149305555552,91.31597222222202,14.461805555555522,112.59548611111084
60.946180555555415,73.75520833333316,175.6076388888885,84.70486111111092,165.69097222222183,80.36631944444426,58.46701388888875,70.44965277777762,15.39149305555552,90.90277777777757,14.461805555555522,112.1822916666664
60.946180555555415,73.39366319444427,175.6076388888885,84.29166666666647,165.69097222222183,79.95312499999982,58.501446759259125,69.82986111111094,15.39149305555552,90.48958333333313,14.461805555555522,111.76909722222196
61.15277777777764,78.71354166666649,175.6076388888885,83.87847222222203,165.89756944444406,79.53993055555537,58.46701388888875,69.4166666666665,15.39149305555552,88.21701388888869,14.461805555555522,111.35590277777752
61.15277777777764,76.64756944444427,175.6076388888885,83.46527777777759,165.89756944444406,79.17838541666649,58.46701388888875,60.53298611111097,15.39149305555552,87.80381944444424,14.461805555555522,110.94270833333307
61.15277777777764,76.23437499999983,175.6076388888885,83.1037326388887,165.79427083333294,78.71354166666649,58.46701388888875,60.11979166666653,15.39149305555552,87.3906249999998,14.461805555555522,110.52951388888863
61.15277777777764,75.82118055555539,175.50434027777737,81.91579861111092,165.79427083333294,76.44097222222204,58.46701388888875,59.706597222222086,15.39149305555552,86.97743055555536,14.461805555555522,110.11631944444419
61.15277777777764,75.40798611111093,175.81423611111072,91.72916666666646,165.89756944444406,75.97612847222204,58.46701388888875,59.293402777777644,15.39149305555552,86.66753472222202,14.461805555555522,109.70312499999974
61.35937499999986,78.30034722222204,175.81423611111072,89.66319444444423,165.89756944444406,75.40798611111093,58.46701388888875,58.880208333333194,44.831597222222115,62.59895833333319,14.461805555555522,109.2899305555553
61.35937499999986,77.8871527777776,175.81423611111072,89.24999999999979,165.79427083333294,75.0980902777776,58.46701388888875,58.46701388888875,44.831597222222115,62.185763888888744,14.461805555555522,108.87673611111086
61.35937499999986,77.47395833333316,175.81423611111072,85.94444444444424,166.13859953703664,86.56423611111092,58.46701388888875,57.69227430555542,44.831597222222115,61.7725694444443,14.461805555555522,108.46354166666642
61.35937499999986,77.06076388888872,175.81423611111072,85.5312499999998,166.1041666666663,86.04774305555536,58.708043981481346,58.05381944444431,44.831597222222115,61.35937499999986,14.461805555555522,108.05034722222197
61.35937499999986,74.99479166666649,176.0552662037033,91.31597222222202,166.1041666666663,85.63454861111092,58.708043981481346,57.22743055555542,44.831597222222115,61.04947916666652,14.461805555555522,107.63715277777753
61.35937499999986,74.58159722222204,176.02083333333292,90.79947916666646,166.1041666666663,85.22135416666647,58.570312499999865,56.91753472222209,44.831597222222115,58.26041666666653,14.461805555555522,107.22395833333309
61.35937499999986,74.1684027777776,176.02083333333292,90.38628472222202,166.1041666666663,84.80815972222203,58.880208333333194,70.65624999999983,44.831597222222115,57.847222222222086,14.461805555555522,106.81076388888864
61.35937499999986,73.75520833333316,176.02083333333292,89.97309027777757,166.1041666666663,84.39496527777759,58.880208333333194,70.24305555555539,44.831597222222115,57.434027777777644,14.668402777777743,119.10329861111083
61.35937499999986,73.34201388888872,176.0552662037033,88.83680555555534,166.1041666666663,83.98177083333314,58.880208333333194,69.82986111111094,44.831597222222115,57.0208333333332,14.668402777777743,118.69010416666639
61.35937499999986,72.98046874999983,176.02083333333292,88.3203124999998,166.1041666666663,83.5685763888887,58.880208333333194,69.4166666666665,44.831597222222115,56.60763888888876,14.668402777777743,118.27690972222194
61.56597222222208,78.71354166666649,176.02083333333292,87.90711805555536,166.1041666666663,83.15538194444426,58.880208333333194,60.739583333333194,44.831597222222115,56.194444444444315,14.668402777777743,117.8637152777775
61.56597222222208,76.64756944444427,176.02083333333292,87.4939236111109,166.1041666666663,82.7421874999998,58.880208333333194,60.32638888888875,44.831597222222115,55.78124999999987,14.668402777777743,117.45052083333306
61.56597222222208,76.23437499999983,176.02083333333292,87.08072916666646,166.00086805555517,82.43229166666647,58.880208333333194,59.91319444444431,44.831597222222115,55.36805555555543,14.668402777777743,117.03732638888862
61.56597222222208,75.82118055555539,176.02083333333292,86.66753472222202,166.00086805555517,82.01909722222203,58.880208333333194,59.499999999999865,45.03819444444434,55.05815972222209,14.668402777777743,116.62413194444417
61.56597222222208,75.40798611111093,176.02083333333292,86.25434027777757,166.1041666666663,81.60590277777759,58.880208333333194,59.086805555555415,45.244791666666565,62.392361111110965,14.668402777777743,116.21093749999973
61.56597222222208,72.51562499999983,176.0552662037033,85.11805555555536,166.1041666666663,81.19270833333314,58.880208333333194,58.67361111111097,45.244791666666565,61.97916666666652,14.668402777777743,115.79774305555529
61.60040509259245,71.89583333333317,176.02083333333292,84.6015624999998,166.1041666666663,80.7795138888887,58.880208333333194,56.60763888888876,45.244791666666565,61.56597222222208,14.668402777777743,115.38454861111084
61.7725694444443,78.30034722222204,176.02083333333292,84.18836805555536,166.1041666666663,80.36631944444426,58.880208333333194,54.12847222222209,45.244791666666565,61.15277777777764,14.668402777777743,114.9713541666664
61.7725694444443,77.8871527777776,176.02083333333292,83.77517361111092,166.1041666666663,79.95312499999982,58.880208333333194,53.71527777777765,45.244791666666565,58.26041666666653,14.668402777777743,114.55815972222196
61.7725694444443,77.47395833333316,175.9175347222218,83.46527777777759,166.2074652777774,79.53993055555537,58.880208333333194,53.353732638888765,45.244791666666565,57.847222222222086,14.668402777777743,114.14496527777752
61.7725694444443,77.06076388888872,176.22743055555515,89.45659722222202,166.31076388888852,75.87282986111093,59.086805555555415,58.26041666666653,45.244791666666565,57.434027777777644,14.668402777777743,113.73177083333307
61.7725694444443,74.99479166666649,176.22743055555515,85.73784722222203,166.31076388888852,75.40798611111093,59.086805555555415,57.847222222222086,45.244791666666565,57.0208333333332,14.668402777777743,113.31857638888863
61.7725694444443,74.58159722222204,176.43402777777737,91.52256944444423,166.51736111111072,86.97743055555536,59.086805555555415,57.434027777777644,45.244791666666565,56.60763888888876,14.702835648148115,106.3975694444442
61.7725694444443,74.1684027777776,176.43402777777737,91.16102430555534,166.51736111111072,86.56423611111092,59.086805555555415,57.0208333333332,45.244791666666565,56.194444444444315,14.668402777777743,105.88107638888864
61.7725694444443,73.75520833333316,176.43402777777737,90.17968749999979,166.51736111111072,86.15104166666647,59.086805555555415,54.54166666666654,45.244791666666565,55.78124999999987,14.668402777777743,105.4678819444442
61.7725694444443,73.34201388888872,176.43402777777737,89.76649305555534,166.51736111111072,85.73784722222203,59.086805555555415,52.99218749999988,45.244791666666565,55.36805555555543,14.565104166666632,105.26128472222197
61.7725694444443,72.92881944444427,176.46846064814773,89.04340277777757,166.51736111111072,85.32465277777759,59.293402777777644,70.65624999999983,45.48582175925915,54.98929398148136,14.668402777777743,104.64149305555532
61.875868055555415,78.71354166666649,176.43402777777737,88.52690972222202,166.51736111111072,84.91145833333313,59.293402777777644,70.24305555555539,45.65798611111101,62.392361111110965,14.668402777777743,104.22829861111087
62.013599537036896,76.64756944444427,176.43402777777737,88.11371527777757,166.51736111111072,84.49826388888869,59.293402777777644,69.82986111111094,45.65798611111101,61.97916666666652,14.668402777777743,103.81510416666643
61.97916666666652,76.13107638888872,176.43402777777737,87.70052083333313,166.51736111111072,84.08506944444424,59.293402777777644,69.4166666666665,45.65798611111101,61.56597222222208,14.668402777777743,89.66319444444423
61.97916666666652,75.71788194444427,176.43402777777737,87.28732638888869,166.51736111111072,83.6718749999998,59.293402777777644,60.739583333333194,45.65798611111101,61.15277777777764,14.668402777777743,89.24999999999979
61.97916666666652,75.30468749999983,176.43402777777737,86.87413194444424,166.51736111111072,83.31032986111092,59.293402777777644,60.32638888888875,45.65798611111101,58.05381944444431,14.874999999999966,120.34288194444416
62.013599537036896,72.51562499999983,176.43402777777737,86.4609374999998,166.51736111111072,76.23437499999983,59.293402777777644,59.91319444444431,45.65798611111101,57.640624999999865,14.874999999999966,112.80208333333307
61.97916666666652,71.99913194444427,176.43402777777737,86.04774305555536,166.72395833333294,76.64756944444427,59.293402777777644,59.499999999999865,45.65798611111101,57.22743055555542,14.874999999999966,112.38888888888863
61.97916666666652,71.63758680555539,176.46846064814773,85.32465277777759,166.72395833333294,75.82118055555539,59.293402777777644,59.086805555555415,45.65798611111101,56.81423611111098,14.874999999999966,111.97569444444419
62.08246527777764,77.68055555555537,176.43402777777737,84.80815972222203,166.72395833333294,75.40798611111093,59.293402777777644,58.67361111111097,45.65798611111101,56.401041666666536,14.874999999999966,111.56249999999974
62.185763888888744,77.26736111111093,176.43402777777737,84.39496527777759,166.93055555555517,86.97743055555536,59.293402777777644,56.60763888888876,45.65798611111101,55.98784722222209,14.874999999999966,111.1493055555553
62.185763888888744,74.78819444444427,176.43402777777737,83.98177083333314,166.93055555555517,86.56423611111092,59.293402777777644,54.12847222222209,45.65798611111101,55.57465277777765,14.874999999999966,110.73611111111086
62.185763888888744,74.37499999999983,176.33072916666626,83.77517361111092,166.93055555555517,86.15104166666647,59.293402777777644,53.71527777777765,45.899016203703596,55.16145833333321,14.874999999999966,110.32291666666642
62.185763888888744,73.96180555555539,176.8472222222218,91.52256944444423,166.82725694444406,85.73784722222203,59.293402777777644,53.30208333333321,45.761284722222115,54.85156249999987,14.874999999999966,109.90972222222197
62.185763888888744,73.54861111111094,176.8472222222218,91.2126736111109,166.82725694444406,85.32465277777759,59.499999999999865,69.10677083333317,46.07118055555545,62.59895833333319,14.874999999999966,109.49652777777753
62.185763888888744,73.1354166666665,176.8472222222218,89.76649305555534,166.82725694444406,83.87847222222203,59.53443287037024,58.26041666666653,46.07118055555545,62.185763888888744,14.874999999999966,109.08333333333309
62.392361111110965,76.85416666666649,176.8472222222218,89.3532986111109,166.82725694444406,83.5685763888887,59.499999999999865,57.74392361111098,46.07118055555545,61.7725694444443,14.874999999999966,108.67013888888863
62.392361111110965,76.44097222222204,176.8472222222218,88.94010416666646,166.96498842592553,77.06076388888872,59.499999999999865,57.330729166666536,46.07118055555545,61.35937499999986,14.874999999999966,108.25694444444419
62.392361111110965,76.0277777777776,176.8472222222218,88.52690972222202,166.96498842592553,76.23437499999983,59.499999999999865,56.91753472222209,46.07118055555545,61.04947916666652,14.874999999999966,107.84374999999974
62.392361111110965,75.61458333333316,176.8472222222218,88.11371527777757,167.1371527777774,75.71788194444427,59.499999999999865,56.34939236111098,46.07118055555545,58.26041666666653,14.874999999999966,107.4305555555553
62.392361111110965,75.20138888888872,176.8472222222218,87.70052083333313,167.0338541666663,75.30468749999983,59.499999999999865,54.54166666666654,46.07118055555545,57.847222222222086,14.874999999999966,107.01736111111086
62.392361111110965,72.72222222222206,176.8472222222218,87.28732638888869,167.3437499999996,86.97743055555536,59.499999999999865,52.888888888888765,46.07118055555545,57.434027777777644,14.909432870370336,103.29861111111087
62.392361111110965,72.30902777777762,176.8472222222218,86.87413194444424,167.2404513888885,86.56423611111092,59.706597222222086,70.65624999999983,46.07118055555545,57.0208333333332,14.874999999999966,102.78211805555532
62.392361111110965,71.89583333333317,176.8472222222218,86.4609374999998,167.3437499999996,86.09939236111092,59.706597222222086,70.24305555555539,46.07118055555545,56.60763888888876,14.874999999999966,102.36892361111087
62.392361111110965,71.58593749999983,176.8472222222218,86.04774305555536,167.3437499999996,77.47395833333316,59.706597222222086,69.82986111111094,46.07118055555545,56.194444444444315,14.874999999999966,101.95572916666643
62.59895833333319,74.78819444444427,176.8472222222218,85.63454861111092,167.3437499999996,77.11241319444427,59.706597222222086,69.4166666666665,46.07118055555545,55.78124999999987,14.874999999999966,101.54253472222199
62.59895833333319,74.37499999999983,176.8472222222218,85.22135416666647,167.2404513888885,76.64756944444427,59.706597222222086,60.946180555555415,46.27777777777767,55.36805555555543,15.081597222222188,115.28124999999973
62.59895833333319,73.96180555555539,176.8472222222218,84.80815972222203,167.2404513888885,76.23437499999983,59.706597222222086,60.53298611111097,46.27777777777767,54.954861111110986,15.081597222222188,114.86805555555529
62.59895833333319,73.54861111111094,176.8472222222218,84.39496527777759,167.58478009259218,88.83680555555534,59.706597222222086,60.11979166666653,46.51880787037026,62.59895833333319,15.081597222222188,114.45486111111084
62.59895833333319,73.1354166666665,176.7439236111107,84.08506944444424,167.55034722222183,87.80381944444424,59.706597222222086,59.706597222222086,46.48437499999989,62.08246527777764,15.081597222222188,114.0416666666664
62.80555555555541,76.85416666666649,176.7439236111107,83.77517361111092,167.55034722222183,87.3906249999998,59.706597222222086,59.293402777777644,46.48437499999989,61.669270833333194,15.081597222222188,113.62847222222196
62.80555555555541,76.44097222222204,177.2948495370366,91.55700231481461,167.55034722222183,77.8871527777776,59.706597222222086,58.880208333333194,46.48437499999989,61.256076388888744,15.081597222222188,113.21527777777752
62.80555555555541,76.0277777777776,177.15711805555515,91.2126736111109,167.75694444444406,88.21701388888869,59.706597222222086,54.12847222222209,46.38107638888878,61.04947916666652,15.081597222222188,106.60416666666642
62.80555555555541,75.61458333333316,177.15711805555515,89.66319444444423,167.65364583333294,78.71354166666649,59.706597222222086,53.71527777777765,46.48437499999989,58.26041666666653,15.081597222222188,106.19097222222197
62.80555555555541,75.20138888888872,177.26041666666626,89.24999999999979,167.65364583333294,78.30034722222204,59.706597222222086,53.30208333333321,46.48437499999989,57.847222222222086,15.081597222222188,105.82942708333309
62.80555555555541,72.72222222222206,177.26041666666626,88.73350694444424,167.65364583333294,77.47395833333316,59.94762731481468,69.03790509259244,46.48437499999989,57.434027777777644,14.978298611111077,105.4678819444442
62.80555555555541,72.30902777777762,177.26041666666626,88.3203124999998,167.65364583333294,77.16406249999982,59.94762731481468,58.46701388888875,46.48437499999989,57.0208333333332,14.978298611111077,105.05468749999976
62.80555555555541,71.89583333333317,177.26041666666626,87.90711805555536,167.99797453703664,89.07783564814794,59.91319444444431,57.9505208333332,46.48437499999989,56.60763888888876,15.081597222222188,104.38324652777753
62.80555555555541,71.58593749999983,177.26041666666626,87.4939236111109,167.86024305555517,88.63020833333313,59.91319444444431,57.53732638888876,46.48437499999989,56.194444444444315,15.081597222222188,103.91840277777753
63.046585648148,74.78819444444427,177.26041666666626,87.08072916666646,167.86024305555517,87.90711805555536,59.91319444444431,57.124131944444315,46.48437499999989,55.78124999999987,15.081597222222188,101.02604166666643
63.01215277777763,74.27170138888872,177.26041666666626,86.66753472222202,168.1701388888885,105.98437499999976,59.91319444444431,56.710937499999865,46.690972222222115,82.22569444444426,15.081597222222188,100.61284722222199
63.01215277777763,73.85850694444427,177.26041666666626,86.25434027777757,168.1701388888885,103.81510416666643,59.91319444444431,56.34939236111098,46.690972222222115,81.81249999999982,15.081597222222188,100.19965277777754
63.01215277777763,73.44531249999983,177.26041666666626,85.84114583333313,168.1701388888885,103.40190972222199,59.91319444444431,54.54166666666654,46.690972222222115,81.45095486111092,15.081597222222188,99.7864583333331
63.01215277777763,73.03211805555539,177.26041666666626,85.42795138888869,168.1701388888885,102.98871527777754,59.91319444444431,52.888888888888765,46.690972222222115,80.00477430555537,15.081597222222188,99.37326388888866
63.21874999999985,76.64756944444427,177.15711805555515,85.11805555555536,168.1701388888885,102.5755208333331,60.11979166666653,70.44965277777762,46.72540509259248,55.36805555555543,15.081597222222188,98.96006944444422
63.21874999999985,76.23437499999983,177.4670138888885,92.710503472222,168.1701388888885,102.2139756944442,60.11979166666653,70.03645833333317,46.690972222222115,54.85156249999987,15.081597222222188,98.54687499999977
63.21874999999985,75.82118055555539,177.6736111111107,101.23263888888866,168.2734374999996,89.45659722222202,60.11979166666653,69.62326388888873,46.587673611111,54.64496527777765,15.081597222222188,98.13368055555533
63.21874999999985,75.40798611111093,177.6736111111107,100.81944444444422,168.2734374999996,89.04340277777757,60.11979166666653,60.739583333333194,46.72540509259248,54.12847222222209,15.081597222222188,97.72048611111089
63.21874999999985,72.51562499999983,177.6736111111107,100.40624999999977,168.58333333333294,106.08767361111086,60.11979166666653,60.32638888888875,46.587673611111,53.818576388888765,15.081597222222188,97.358940972222
63.21874999999985,72.10243055555539,177.6736111111107,99.99305555555533,168.48003472222183,105.88107638888864,60.11979166666653,59.91319444444431,46.72540509259248,53.30208333333321,15.081597222222188,89.86979166666646
63.21874999999985,71.68923611111094,177.6736111111107,99.57986111111089,168.58333333333294,103.6085069444442,60.11979166666653,59.499999999999865,46.690972222222115,52.78559027777766,15.081597222222188,89.55989583333313
63.42534722222207,74.99479166666649,177.6736111111107,98.34027777777754,168.58333333333294,103.19531249999976,60.11979166666653,59.086805555555415,46.690972222222115,50.203124999999886,15.081597222222188,89.09505208333313
63.42534722222207,74.58159722222204,177.6736111111107,97.9270833333331,168.58333333333294,102.78211805555532,60.11979166666653,54.12847222222209,46.690972222222115,49.78993055555544,15.184895833333298,120.34288194444416
63.42534722222207,74.1684027777776,177.6736111111107,97.51388888888866,168.58333333333294,102.42057291666643,60.11979166666653,53.71527777777765,46.690972222222115,49.37673611111099,15.28819444444441,112.80208333333307
63.42534722222207,73.75520833333316,177.6736111111107,97.15234374999977,168.48003472222183,102.16232638888866,60.11979166666653,53.30208333333321,46.897569444444336,82.69053819444426,15.28819444444441,112.38888888888863
63.42534722222207,73.34201388888872,177.6736111111107,96.27430555555533,168.99652777777737,105.98437499999976,60.32638888888875,69.21006944444429,46.897569444444336,66.31770833333319,15.28819444444441,111.97569444444419
63.42534722222207,72.92881944444427,177.6736111111107,95.86111111111089,168.8932291666663,103.09201388888864,60.32638888888875,68.90017361111096,46.897569444444336,65.95616319444429,15.28819444444441,111.56249999999974
63.631944444444294,76.54427083333316,177.6736111111107,95.499565972222,168.99652777777737,102.6788194444442,60.32638888888875,58.67361111111097,46.897569444444336,65.07812499999984,15.28819444444441,111.1493055555553
63.631944444444294,76.13107638888872,177.6736111111107,95.034722222222,168.99652777777737,102.36892361111087,60.32638888888875,58.26041666666653,46.897569444444336,64.6649305555554,15.28819444444441,110.73611111111086
63.631944444444294,75.71788194444427,177.70804398148107,94.41493055555533,169.40972222222183,105.98437499999976,60.32638888888875,57.847222222222086,46.897569444444336,64.25173611111096,15.28819444444441,110.32291666666642
63.631944444444294,75.30468749999983,177.6736111111107,93.89843749999979,169.40972222222183,102.2139756944442,60.32638888888875,57.434027777777644,46.897569444444336,63.94184027777763,15.28819444444441,109.90972222222197
63.666377314814675,72.51562499999983,177.6736111111107,93.48524305555534,169.44415509259218,95.24131944444423,60.32638888888875,57.0208333333332,46.897569444444336,63.115451388888744,15.28819444444441,109.49652777777753
63.631944444444294,71.99913194444427,177.6736111111107,93.0720486111109,169.30642361111072,94.93142361111089,60.32638888888875,56.659288194444315,46.897569444444336,62.7022569444443,15.28819444444441,109.08333333333309
63.52864583333319,71.79253472222206,177.70804398148107,92.34895833333312,169.40972222222183,93.84678819444423,60.22309027777764,54.54166666666654,46.897569444444336,62.28906249999986,15.28819444444441,108.67013888888863
63.838541666666515,74.78819444444427,177.6736111111107,91.88411458333312,169.44415509259218,89.90422453703684,60.32638888888875,52.94053819444432,46.897569444444336,61.875868055555415,15.28819444444441,108.25694444444419
63.838541666666515,74.37499999999983,177.5703124999996,91.62586805555534,169.61631944444406,93.38194444444423,60.53298611111097,70.3463541666665,46.897569444444336,61.462673611110965,15.28819444444441,107.84374999999974
63.838541666666515,73.96180555555539,177.5703124999996,88.21701388888869,169.61631944444406,90.48958333333313,60.53298611111097,69.93315972222206,46.897569444444336,61.10112847222208,15.28819444444441,107.4305555555553
63.838541666666515,73.54861111111094,177.6736111111107,87.80381944444424,169.82291666666626,105.98437499999976,60.53298611111097,69.51996527777762,46.79427083333322,60.8428819444443,15.28819444444441,107.01736111111086
63.838541666666515,73.1354166666665,177.6736111111107,87.3906249999998,169.82291666666626,102.1106770833331,60.42968749999986,60.739583333333194,46.897569444444336,58.46701388888875,15.28819444444441,103.50520833333309
63.94184027777763,76.44097222222204,177.6736111111107,87.02907986111092,169.82291666666626,96.894097222222,60.42968749999986,60.32638888888875,46.897569444444336,58.05381944444431,15.28819444444441,103.09201388888864
63.94184027777763,76.0277777777776,177.5703124999996,86.04774305555536,169.82291666666626,96.48090277777756,60.42968749999986,59.91319444444431,46.897569444444336,57.640624999999865,15.28819444444441,102.6788194444442
63.94184027777763,75.61458333333316,177.88020833333292,99.16666666666643,169.82291666666626,96.06770833333312,60.42968749999986,59.499999999999865,46.897569444444336,57.22743055555542,15.28819444444441,102.26562499999976
64.04513888888874,75.20138888888872,177.88020833333292,98.75347222222199,169.82291666666626,95.65451388888867,60.42968749999986,59.086805555555415,46.897569444444336,56.81423611111098,15.28819444444441,101.85243055555532
64.04513888888874,72.72222222222206,177.88020833333292,96.68749999999977,169.82291666666626,95.29296874999977,60.42968749999986,54.12847222222209,46.897569444444336,56.401041666666536,15.28819444444441,101.43923611111087
64.04513888888874,72.30902777777762,177.98350694444403,101.23263888888866,169.82291666666626,93.69184027777756,60.42968749999986,53.71527777777765,46.897569444444336,55.98784722222209,15.28819444444441,96.894097222222
64.04513888888874,71.89583333333317,177.98350694444403,100.81944444444422,169.85734953703664,92.96874999999979,60.42968749999986,53.30208333333321,46.9320023148147,52.2690972222221,15.28819444444441,96.48090277777756
63.94184027777763,71.58593749999983,177.98350694444403,100.40624999999977,169.82291666666626,92.45225694444423,60.739583333333194,69.10677083333317,46.897569444444336,51.75260416666654,15.28819444444441,96.06770833333312
64.25173611111096,74.78819444444427,177.98350694444403,99.99305555555533,169.82291666666626,92.03906249999979,60.98061342592579,101.02604166666643,46.79427083333322,51.442708333333215,15.28819444444441,95.65451388888867
64.25173611111096,74.37499999999983,177.98350694444403,99.57986111111089,169.82291666666626,91.6775173611109,60.946180555555415,100.50954861111087,46.79427083333322,51.13281249999988,15.28819444444441,95.24131944444423
64.25173611111096,74.01345486111094,177.98350694444403,98.34027777777754,169.85734953703664,90.11082175925905,60.946180555555415,100.19965277777754,46.9320023148147,50.61631944444433,15.28819444444441,94.82812499999979
64.14843749999986,73.54861111111094,177.98350694444403,97.9270833333331,169.71961805555517,89.76649305555534,60.946180555555415,70.24305555555539,46.9320023148147,48.997974537036924,15.28819444444441,94.41493055555533
64.25173611111096,73.18706597222206,177.98350694444403,97.51388888888866,170.0295138888885,97.30729166666644,60.946180555555415,69.82986111111094,47.138599537036924,80.36631944444426,15.28819444444441,94.00173611111089
64.35503472222207,72.61892361111094,177.98350694444403,97.10069444444422,170.23611111111072,105.98437499999976,60.946180555555415,69.4166666666665,47.10416666666656,79.90147569444426,15.28819444444441,93.640190972222
172.09548611111072,90.90277777777757,177.98350694444403,96.27430555555533,170.23611111111072,102.05902777777754,61.15277777777764,69.10677083333317,47.10416666666656,65.49131944444429,15.322627314814781,92.1423611111109
172.09548611111072,90.48958333333313,177.98350694444403,95.65451388888867,170.23611111111072,96.894097222222,61.35937499999986,101.23263888888866,47.10416666666656,55.57465277777765,15.322627314814781,90.90277777777757
172.09548611111072,90.12803819444423,177.98350694444403,95.24131944444423,170.23611111111072,96.48090277777756,61.35937499999986,100.81944444444422,47.10416666666656,55.16145833333321,15.39149305555552,116.9340277777775
172.3365162037033,84.29166666666647,177.98350694444403,94.82812499999979,170.1328124999996,96.06770833333312,61.35937499999986,100.40624999999977,47.10416666666656,54.748263888888765,15.39149305555552,116.52083333333306
172.50868055555515,90.90277777777757,177.98350694444403,94.41493055555533,170.1328124999996,95.75781249999977,61.35937499999986,100.09635416666643,47.10416666666656,54.38671874999987,15.39149305555552,116.10763888888862
172.50868055555515,90.48958333333313,177.98350694444403,94.00173611111089,170.1328124999996,93.58854166666644,61.35937499999986,70.24305555555539,47.138599537036924,53.71527777777765,15.39149305555552,115.69444444444417
172.50868055555515,90.07638888888869,177.98350694444403,93.58854166666644,170.1328124999996,93.175347222222,61.35937499999986,69.82986111111094,47.10416666666656,53.1987847222221,15.39149305555552,115.28124999999973
172.50868055555515,89.76649305555534,177.98350694444403,93.175347222222,170.1328124999996,92.76215277777756,61.35937499999986,69.4166666666665,47.10416666666656,52.78559027777766,15.39149305555552,114.86805555555529
172.71527777777737,84.49826388888869,177.98350694444403,92.76215277777756,170.1328124999996,92.34895833333312,61.56597222222208,97.04904513888866,47.138599537036924,49.996527777777665,15.39149305555552,114.45486111111084
172.71527777777737,84.08506944444424,177.98350694444403,92.34895833333312,170.1328124999996,91.93576388888867,61.56597222222208,69.10677083333317,47.10416666666656,49.48003472222211,15.39149305555552,114.0416666666664
172.9218749999996,90.90277777777757,177.98350694444403,92.03906249999979,170.23611111111072,80.98611111111093,61.7725694444443,101.23263888888866,47.207465277777665,82.7421874999998,15.39149305555552,113.62847222222196
172.9218749999996,90.48958333333313,178.08680555555515,87.80381944444424,170.4771412037033,97.3417245370368,61.7725694444443,100.81944444444422,47.207465277777665,82.32899305555536,15.39149305555552,113.21527777777752
172.9218749999996,90.07638888888869,178.08680555555515,87.3906249999998,170.64930555555517,105.98437499999976,61.7725694444443,100.40624999999977,47.345196759259146,66.31770833333319,15.39149305555552,106.60416666666642
172.9218749999996,89.66319444444423,178.08680555555515,87.08072916666646,170.68373842592553,102.0934606481479,61.7725694444443,100.09635416666643,47.31076388888878,65.80121527777763,15.39149305555552,106.19097222222197
173.12847222222183,89.3532986111109,178.49999999999957,87.80381944444424,170.64930555555517,81.08940972222203,61.807002314814675,96.68749999999977,47.345196759259146,65.07812499999984,15.39149305555552,105.77777777777753
173.16290509259218,84.70486111111092,178.49999999999957,87.3906249999998,170.85590277777737,97.51388888888866,61.7725694444443,70.13975694444429,47.31076388888878,64.5616319444443,15.49479166666663,105.36458333333309
173.12847222222183,84.18836805555536,178.94762731481438,87.59722222222202,171.0624999999996,105.98437499999976,61.7725694444443,69.72656249999984,47.31076388888878,62.80555555555541,15.529224537037003,104.33159722222199
173.12847222222183,83.82682291666647,178.80989583333292,87.28732638888869,171.09693287036995,103.50520833333309,61.7725694444443,69.3133680555554,47.31076388888878,62.392361111110965,15.39149305555552,103.91840277777753
173.33506944444403,90.90277777777757,179.36082175925884,87.6316550925924,171.0624999999996,102.98871527777754,61.97916666666652,97.20399305555533,47.31076388888878,61.97916666666652,15.39149305555552,101.02604166666643
173.33506944444403,90.48958333333313,179.22309027777737,87.28732638888869,171.0624999999996,102.5755208333331,62.013599537036896,96.10214120370347,47.31076388888878,61.56597222222208,15.39149305555552,100.61284722222199
173.33506944444403,90.07638888888869,179.56741898148107,89.04340277777757,171.0624999999996,102.16232638888866,62.185763888888744,101.23263888888866,47.31076388888878,61.15277777777764,15.39149305555552,100.19965277777754
173.33506944444403,89.71484374999979,179.5329861111107,88.52690972222202,170.9592013888885,101.95572916666643,62.185763888888744,100.81944444444422,47.31076388888878,58.46701388888875,15.39149305555552,99.7864583333331
173.57609953703664,85.11805555555536,179.5329861111107,88.11371527777757,170.9592013888885,81.08940972222203,62.185763888888744,100.40624999999977,47.31076388888878,58.05381944444431,15.39149305555552,99.37326388888866
173.54166666666626,84.6015624999998,179.73958333333292,89.66319444444423,171.26909722222183,97.61718749999977,62.185763888888744,96.68749999999977,47.31076388888878,57.640624999999865,15.39149305555552,98.96006944444422
173.54166666666626,84.18836805555536,179.9806134259255,90.90277777777757,171.47569444444406,105.98437499999976,62.185763888888744,88.68185763888869,47.31076388888878,57.22743055555542,15.39149305555552,98.54687499999977
173.54166666666626,83.82682291666647,179.94618055555515,90.38628472222202,171.47569444444406,103.71180555555532,62.08246527777764,70.03645833333317,47.31076388888878,56.81423611111098,15.39149305555552,98.13368055555533
173.95486111111072,86.77083333333313,179.94618055555515,89.97309027777757,171.47569444444406,103.35026041666643,62.08246527777764,69.62326388888873,47.31076388888878,56.401041666666536,15.39149305555552,97.72048611111089
173.95486111111072,86.35763888888869,179.94618055555515,89.3532986111109,171.47569444444406,102.88541666666643,62.185763888888744,69.10677083333317,47.31076388888878,55.98784722222209,15.39149305555552,97.30729166666644
173.95486111111072,85.5312499999998,179.84288194444403,88.83680555555534,171.47569444444406,102.47222222222199,62.392361111110965,97.04904513888866,47.31076388888878,52.2690972222221,15.39149305555552,93.175347222222
173.95486111111072,85.11805555555536,179.84288194444403,88.4236111111109,171.47569444444406,102.1106770833331,62.28906249999986,96.27430555555533,47.31076388888878,51.85590277777766,15.39149305555552,92.76215277777756
173.95486111111072,84.70486111111092,179.84288194444403,88.11371527777757,171.71672453703664,97.75491898148125,62.49565972222208,101.02604166666643,47.31076388888878,51.442708333333215,15.39149305555552,91.52256944444423
173.95486111111072,84.29166666666647,180.39380787036995,91.35040509259238,171.68229166666626,81.08940972222203,62.49565972222208,100.61284722222199,47.207465277777665,51.02951388888877,15.39149305555552,89.97309027777757
173.95486111111072,83.93012152777759,180.5659722222218,82.6388888888887,171.8888888888885,105.98437499999976,62.59895833333319,88.83680555555534,47.31076388888878,50.61631944444433,15.49479166666663,89.04340277777757
174.16145833333292,85.94444444444424,180.77256944444403,91.52256944444423,172.12991898148107,99.61429398148124,62.59895833333319,88.52690972222202,47.31076388888878,48.96354166666655,15.49479166666663,88.68185763888869
174.40248842592553,86.77083333333313,180.77256944444403,91.2126736111109,171.9921874999996,99.06336805555533,62.49565972222208,69.10677083333317,47.517361111111,55.57465277777765,15.39149305555552,88.21701388888869
174.36805555555515,86.25434027777757,180.97916666666626,82.6388888888887,171.9921874999996,98.34027777777754,63.01215277777763,88.83680555555534,47.517361111111,55.16145833333321,15.39149305555552,87.80381944444424
174.40248842592553,85.5312499999998,180.97916666666626,82.32899305555536,171.9921874999996,97.9270833333331,63.01215277777763,88.4236111111109,47.517361111111,54.748263888888765,15.39149305555552,86.56423611111092
174.36805555555515,85.01475694444424,181.18576388888846,91.41927083333312,172.09548611111072,81.08940972222203,63.01215277777763,88.11371527777757,47.517361111111,54.335069444444315,15.39149305555552,86.15104166666647
174.36805555555515,84.6015624999998,181.08246527777735,91.2126736111109,172.3365162037033,105.8122106481479,63.459780092592446,88.83680555555534,47.517361111111,53.92187499999987,15.39149305555552,85.84114583333313
174.36805555555515,84.18836805555536,181.3923611111107,82.53559027777759,172.50868055555515,99.99305555555533,63.42534722222207,88.3203124999998,47.517361111111,53.50868055555543,15.701388888888852,120.1879340277775
174.36805555555515,83.82682291666647,181.28906249999957,82.32899305555536,172.50868055555515,99.63151041666643,63.42534722222207,88.01041666666646,47.517361111111,53.095486111110986,15.701388888888852,119.77473958333306
174.7812499999996,86.87413194444424,182.21874999999957,89.14670138888869,172.50868055555515,81.08940972222203,63.872974537036896,89.45659722222202,47.517361111111,52.68229166666654,15.598090277777741,119.51649305555527
174.7812499999996,86.4609374999998,182.63194444444403,88.94010416666646,172.71527777777737,105.98437499999976,63.838541666666515,88.94010416666646,47.517361111111,50.203124999999886,15.598090277777741,119.10329861111083
174.7812499999996,86.04774305555536,182.83854166666623,88.4236111111109,172.61197916666626,105.67447916666642,63.838541666666515,88.52690972222202,47.517361111111,49.78993055555544,15.804687499999963,105.26128472222197
174.7812499999996,85.63454861111092,182.83854166666623,88.01041666666646,172.9218749999996,99.99305555555533,63.838541666666515,88.11371527777757,47.517361111111,49.37673611111099,15.804687499999963,88.73350694444424
174.6779513888885,85.42795138888869,183.04513888888846,88.83680555555534,172.9218749999996,99.68315972222199,63.73524305555541,87.90711805555536,47.72395833333322,66.47265624999984,16.011284722222186,120.13628472222194
174.7812499999996,84.49826388888869,183.28616898148104,88.4236111111109,172.9218749999996,81.14105902777759,64.28616898148134,89.86979166666646,47.620659722222115,66.11111111111096,16.321180555555518,58.570312499999865
174.7812499999996,84.08506944444424,183.14843749999957,88.01041666666646,173.12847222222183,105.98437499999976,64.25173611111096,89.3532986111109,47.620659722222115,65.69791666666652,44.62499999999989,56.194444444444315
174.7812499999996,83.77517361111092,183.56163194444403,88.63020833333313,173.33506944444403,99.99305555555533,64.25173611111096,88.94010416666646,47.72395833333322,65.28472222222207,44.62499999999989,55.78124999999987
175.09114583333292,86.77083333333313,183.56163194444403,88.3203124999998,173.33506944444403,81.19270833333314,64.25173611111096,88.52690972222202,47.72395833333322,64.87152777777763,44.62499999999989,55.41970486111098
175.19444444444403,86.25434027777757,183.90596064814773,82.22569444444426,173.57609953703664,107.84374999999974,64.25173611111096,88.11371527777757,47.72395833333322,64.50998263888874,44.831597222222115,61.720920138888744
175.19444444444403,85.84114583333313,183.87152777777735,81.7092013888887,173.57609953703664,106.60416666666642,64.25173611111096,87.70052083333313,47.72395833333322,62.80555555555541,44.72829861111101,61.462673611110965
175.09114583333292,85.5312499999998,183.87152777777735,81.29600694444426,173.54166666666626,106.13932291666642,64.45833333333319,90.48958333333313,47.72395833333322,62.392361111110965,44.72829861111101,57.847222222222086
175.09114583333292,84.29166666666647,183.97482638888846,82.84548611111092,173.43836805555515,105.88107638888864,64.69936342592578,90.07638888888869,47.72395833333322,61.97916666666652,44.72829861111101,57.434027777777644
175.19444444444403,83.87847222222203,184.07812499999957,72.72222222222206,173.54166666666626,101.1809895833331,64.6649305555554,89.55989583333313,47.72395833333322,61.56597222222208,44.831597222222115,56.91753472222209
175.09114583333292,83.5685763888887,184.07812499999957,72.30902777777762,173.7482638888885,107.3272569444442,64.6649305555554,89.14670138888869,47.72395833333322,61.15277777777764,44.831597222222115,56.504340277777644
177.05381944444403,90.79947916666646,184.07812499999957,71.89583333333317,173.78269675925884,103.57407407407385,64.6649305555554,88.73350694444424,47.72395833333322,58.46701388888875,44.86603009259249,54.98929398148136
177.4670138888885,90.90277777777757,184.07812499999957,71.48263888888873,173.7482638888885,100.81944444444422,64.6649305555554,88.3203124999998,47.72395833333322,58.05381944444431,45.03819444444434,55.98784722222209
177.4670138888885,90.48958333333313,184.31915509259215,74.37499999999983,173.78269675925884,100.19965277777754,64.6649305555554,87.90711805555536,47.72395833333322,57.640624999999865,45.03819444444434,55.57465277777765
177.6736111111107,90.07638888888869,184.2847222222218,73.85850694444427,173.7482638888885,99.73480902777754,64.6649305555554,87.4939236111109,47.72395833333322,57.22743055555542,45.244791666666565,56.401041666666536
177.6736111111107,89.71484374999979,184.2847222222218,73.44531249999983,173.98929398148107,108.25694444444419,64.6649305555554,87.08072916666646,47.72395833333322,56.81423611111098,45.244791666666565,55.16145833333321
177.9146412037033,91.31597222222202,184.2847222222218,73.03211805555539,173.95486111111072,107.7921006944442,64.905960648148,90.69618055555534,47.72395833333322,56.401041666666536,45.244791666666565,54.85156249999987
177.88020833333292,90.79947916666646,184.31915509259215,71.06944444444429,173.95486111111072,101.6458333333331,64.905960648148,86.56423611111092,47.72395833333322,55.98784722222209,45.48582175925915,55.98784722222209
177.88020833333292,90.38628472222202,184.49131944444403,79.23003472222204,173.95486111111072,101.23263888888866,64.87152777777763,86.04774305555536,47.75839120370359,52.2690972222221,45.451388888888786,55.471354166666536
178.1212384259255,89.86979166666646,184.38802083333292,72.51562499999983,174.16145833333292,103.71180555555532,65.07812499999984,90.07638888888869,47.72395833333322,51.75260416666654,45.692418981481374,54.98929398148136
178.08680555555515,89.3532986111109,184.52575231481438,70.51851851851835,174.16145833333292,103.29861111111087,65.07812499999984,89.66319444444423,47.72395833333322,51.3394097222221,45.86458333333323,56.194444444444315
178.32783564814773,100.81944444444422,184.69791666666623,74.58159722222204,174.16145833333292,102.05902777777754,65.07812499999984,89.24999999999979,47.72395833333322,50.92621527777766,45.86458333333323,55.57465277777765
178.29340277777737,100.30295138888866,184.69791666666623,74.1684027777776,174.16145833333292,100.81944444444422,65.07812499999984,88.83680555555534,47.72395833333322,50.513020833333215,45.967881944444336,55.16145833333321
178.32783564814773,99.16666666666643,184.69791666666623,73.75520833333316,174.16145833333292,100.40624999999977,65.07812499999984,88.4236111111109,47.75839120370359,48.997974537036924,46.07118055555545,54.85156249999987
178.32783564814773,98.34027777777754,184.69791666666623,73.34201388888872,174.16145833333292,99.99305555555533,65.07812499999984,88.01041666666646,47.93055555555544,55.57465277777765,46.31221064814804,56.401041666666536
178.29340277777737,97.823784722222,184.69791666666623,72.98046874999983,174.05815972222183,99.68315972222199,65.07812499999984,87.59722222222202,47.93055555555544,55.16145833333321,46.17447916666656,56.0911458333332
178.29340277777737,97.41059027777756,184.69791666666623,71.06944444444429,174.36805555555515,108.25694444444419,65.07812499999984,87.18402777777757,47.93055555555544,54.748263888888765,46.31221064814804,55.57465277777765
178.29340277777737,96.99739583333312,184.7323495370366,69.48553240740725,174.36805555555515,107.8953993055553,65.28472222222207,90.90277777777757,47.96498842592581,54.12847222222209,46.48437499999989,57.898871527777644
178.29340277777737,96.58420138888866,184.69791666666623,60.8428819444443,174.36805555555515,102.47222222222199,65.28472222222207,90.48958333333313,47.93055555555544,53.61197916666654,46.48437499999989,57.434027777777644
178.29340277777737,96.17100694444422,184.90451388888846,79.12673611111093,174.36805555555515,101.6458333333331,65.28472222222207,86.77083333333313,47.93055555555544,53.1987847222221,46.48437499999989,57.0208333333332
178.29340277777737,95.75781249999977,184.90451388888846,70.65624999999983,174.36805555555515,101.28428819444422,65.28472222222207,86.35763888888869,47.93055555555544,52.78559027777766,46.48437499999989,55.006510416666536
178.29340277777737,95.34461805555533,184.90451388888846,70.3463541666665,174.57465277777737,103.50520833333309,65.28472222222207,85.94444444444424,47.96498842592581,49.996527777777665,46.72540509259248,56.60763888888876
178.29340277777737,94.93142361111089,184.90451388888846,68.17708333333317,174.57465277777737,103.19531249999976,65.28472222222207,68.17708333333317,47.93055555555544,49.48003472222211,46.690972222222115,56.0911458333332
178.29340277777737,94.51822916666644,185.1111111111107,74.37499999999983,174.57465277777737,102.05902777777754,65.28472222222207,67.76388888888873,48.17158564814803,66.31770833333319,46.690972222222115,55.67795138888876
178.29340277777737,94.105034722222,185.1111111111107,73.96180555555539,174.47135416666626,100.92274305555532,65.49131944444429,90.07638888888869,48.137152777777665,65.28472222222207,46.690972222222115,55.264756944444315
178.29340277777737,93.69184027777756,185.1111111111107,73.54861111111094,174.57465277777737,100.40624999999977,65.49131944444429,89.66319444444423,48.137152777777665,64.87152777777763,46.690972222222115,54.69661458333321
178.29340277777737,93.27864583333312,185.1111111111107,73.18706597222206,174.57465277777737,99.99305555555533,65.49131944444429,89.24999999999979,48.03385416666656,64.45833333333319,46.72540509259248,54.12847222222209
178.29340277777737,92.86545138888867,185.1111111111107,71.06944444444429,174.7812499999996,108.05034722222197,65.49131944444429,88.83680555555534,48.137152777777665,62.80555555555541,46.690972222222115,53.61197916666654
178.29340277777737,92.45225694444423,185.00781249999957,69.62326388888873,174.7812499999996,102.47222222222199,65.49131944444429,88.4236111111109,48.137152777777665,62.392361111110965,46.690972222222115,53.1987847222221
178.32783564814773,91.72916666666646,185.00781249999957,69.3133680555554,174.7812499999996,101.69748263888866,65.49131944444429,88.01041666666646,48.137152777777665,61.97916666666652,46.690972222222115,52.78559027777766
178.29340277777737,91.2126736111109,185.1111111111107,68.4869791666665,174.9878472222218,107.74045138888864,65.49131944444429,87.59722222222202,48.137152777777665,61.56597222222208,46.690972222222115,52.372395833333215
178.29340277777737,90.79947916666646,185.1111111111107,60.8428819444443,174.9878472222218,103.50520833333309,65.49131944444429,87.18402777777757,48.137152777777665,61.15277777777764,46.690972222222115,51.959201388888765
178.29340277777737,90.38628472222202,185.2144097222218,79.23003472222204,174.88454861111072,103.19531249999976,65.69791666666652,90.90277777777757,48.17158564814803,58.46701388888875,46.690972222222115,51.54600694444432
178.49999999999957,99.7864583333331,185.2144097222218,70.65624999999983,174.88454861111072,102.05902777777754,65.69791666666652,90.48958333333313,48.137152777777665,57.9505208333332,46.690972222222115,51.13281249999988
178.49999999999957,89.86979166666646,185.2144097222218,70.3463541666665,174.88454861111072,100.40624999999977,65.69791666666652,86.77083333333313,48.137152777777665,57.53732638888876,46.690972222222115,50.61631944444433
178.49999999999957,89.45659722222202,185.2144097222218,68.07378472222206,174.88454861111072,99.99305555555533,65.69791666666652,86.35763888888869,48.137152777777665,57.124131944444315,46.690972222222115,50.203124999999886
178.3967013888885,89.14670138888869,185.421006944444,74.1684027777776,175.19444444444403,108.05034722222197,65.69791666666652,85.94444444444424,48.137152777777665,56.710937499999865,46.690972222222115,49.78993055555544
178.7065972222218,101.02604166666643,185.421006944444,73.85850694444427,175.29774305555515,107.74045138888864,65.69791666666652,85.63454861111092,48.137152777777665,56.29774305555542,46.690972222222115,49.37673611111099
178.7065972222218,100.61284722222199,185.421006944444,70.96614583333317,175.81423611111072,105.88107638888864,65.69791666666652,68.17708333333317,48.137152777777665,55.88454861111098,46.690972222222115,48.96354166666655
178.7065972222218,100.19965277777754,185.421006944444,60.8428819444443,175.7109374999996,101.6458333333331,65.69791666666652,67.76388888888873,48.17158564814803,52.2690972222221,46.897569444444336,58.05381944444431
178.7065972222218,99.37326388888866,169.9999999999996,88.54340277777757,175.81423611111072,81.39930555555537,65.90451388888873,90.07638888888869,48.137152777777665,51.75260416666654,46.897569444444336,57.640624999999865
178.7065972222218,98.96006944444422,170.9999999999996,88.54340277777757,175.9175347222218,103.29861111111087,65.90451388888873,89.66319444444423,48.137152777777665,51.3394097222221,46.897569444444336,57.22743055555542
178.7065972222218,98.54687499999977,170.9999999999996,90.79340277777756,175.9175347222218,102.88541666666643,65.90451388888873,89.24999999999979,48.137152777777665,50.92621527777766,47.10416666666656,56.81423611111098
178.7065972222218,98.13368055555533,170.9999999999996,93.79340277777756,176.0552662037033,66.31770833333319,65.90451388888873,88.83680555555534,48.137152777777665,50.513020833333215,47.10416666666656,56.401041666666536
178.7065972222218,97.72048611111089,172.49999999999963,93.79340277777756,176.02083333333292,65.80121527777763,65.90451388888873,88.4236111111109,48.17158564814803,48.997974537036924,47.10416666666656,55.98784722222209
178.7065972222218,97.30729166666644,171.24999999999963,92.79340277777756,176.02083333333292,65.38802083333319,65.90451388888873,88.01041666666646,48.37818287037025,65.69791666666652,47.10416666666656,55.57465277777765
178.7065972222218,96.894097222222,,,176.02083333333292,65.07812499999984,65.90451388888873,87.59722222222202,48.37818287037025,55.36805555555543,47.10416666666656,55.16145833333321
178.7065972222218,96.48090277777756,,,176.22743055555515,105.98437499999976,65.90451388888873,87.18402777777757,48.343749999999886,54.85156249999987,47.10416666666656,54.748263888888765
178.7065972222218,96.06770833333312,,,176.22743055555515,105.62282986111087,66.11111111111096,90.90277777777757,48.343749999999886,54.43836805555543,47.10416666666656,54.335069444444315
178.7065972222218,95.65451388888867,,,176.22743055555515,104.0733506944442,66.11111111111096,90.48958333333313,48.343749999999886,54.025173611110986,47.10416666666656,53.92187499999987
178.7065972222218,95.24131944444423,,,176.22743055555515,81.39930555555537,66.11111111111096,86.77083333333313,48.343749999999886,53.61197916666654,47.10416666666656,53.50868055555543
178.7065972222218,94.82812499999979,,,176.46846064814773,94.62152777777756,66.11111111111096,86.35763888888869,48.343749999999886,53.1987847222221,47.10416666666656,53.095486111110986
178.7065972222218,94.41493055555533,,,176.43402777777737,66.5243055555554,66.11111111111096,85.94444444444424,48.343749999999886,52.78559027777766,47.10416666666656,52.68229166666654
178.7065972222218,94.00173611111089,,,176.43402777777737,66.11111111111096,66.11111111111096,85.5312499999998,48.37818287037025,49.996527777777665,47.10416666666656,52.2690972222221
178.7065972222218,93.58854166666644,,,176.43402777777737,65.69791666666652,66.11111111111096,85.16970486111092,48.343749999999886,49.48003472222211,47.10416666666656,51.85590277777766
178.7065972222218,93.175347222222,,,176.43402777777737,65.28472222222207,66.11111111111096,68.17708333333317,48.584780092592474,66.73090277777763,47.10416666666656,51.442708333333215
178.7065972222218,92.76215277777756,,,176.43402777777737,64.97482638888874,66.11111111111096,67.76388888888873,48.55034722222211,66.21440972222207,47.10416666666656,51.02951388888877
178.7065972222218,92.34895833333312,,,176.6406249999996,105.98437499999976,66.11111111111096,67.4539930555554,48.584780092592474,65.11255787037022,47.10416666666656,50.61631944444433
178.7065972222218,91.93576388888867,,,176.6406249999996,105.57118055555532,66.31770833333319,90.07638888888869,48.447048611111,64.76822916666652,47.10416666666656,50.203124999999886
178.7065972222218,91.52256944444423,,,176.6406249999996,105.15798611111087,66.31770833333319,89.66319444444423,48.55034722222211,62.59895833333319,47.10416666666656,49.78993055555544
178.7065972222218,91.10937499999979,,,176.6406249999996,104.74479166666643,66.31770833333319,89.24999999999979,48.55034722222211,62.185763888888744,47.10416666666656,49.37673611111099
178.7065972222218,90.69618055555534,,,176.6406249999996,104.33159722222199,66.31770833333319,88.83680555555534,48.55034722222211,61.7725694444443,47.10416666666656,48.96354166666655
178.7065972222218,90.2829861111109,,,176.6406249999996,103.91840277777753,66.31770833333319,88.4236111111109,48.55034722222211,61.35937499999986,47.31076388888878,58.05381944444431
178.91319444444403,99.7864583333331,,,176.6406249999996,103.55685763888864,66.31770833333319,88.01041666666646,48.55034722222211,60.946180555555415,47.31076388888878,57.640624999999865
178.91319444444403,89.86979166666646,,,176.67505787036995,95.92997685185163,66.31770833333319,87.59722222222202,48.55034722222211,60.53298611111097,47.31076388888878,57.22743055555542
178.91319444444403,89.45659722222202,,,176.6406249999996,81.39930555555537,66.31770833333319,87.18402777777757,48.55034722222211,60.11979166666653,47.517361111111,56.81423611111098
179.11979166666626,101.02604166666643,,,176.8472222222218,103.1436631944442,66.5243055555554,90.79947916666646,48.55034722222211,59.706597222222086,47.517361111111,56.401041666666536
179.11979166666626,100.61284722222199,,,176.88165509259218,94.82812499999979,66.5243055555554,90.38628472222202,48.55034722222211,59.293402777777644,47.517361111111,55.98784722222209
179.11979166666626,100.19965277777754,,,176.8472222222218,94.36328124999979,66.55873842592578,86.77083333333313,48.55034722222211,58.880208333333194,47.517361111111,55.57465277777765
179.11979166666626,99.37326388888866,,,176.8472222222218,66.5243055555554,66.5243055555554,86.25434027777757,48.55034722222211,58.46701388888875,47.517361111111,55.16145833333321
179.11979166666626,98.96006944444422,,,176.8472222222218,66.11111111111096,66.5243055555554,85.84114583333313,48.55034722222211,58.05381944444431,47.517361111111,54.748263888888765
179.11979166666626,98.54687499999977,,,176.8472222222218,65.69791666666652,66.5243055555554,85.42795138888869,48.55034722222211,57.640624999999865,47.517361111111,54.335069444444315
179.11979166666626,98.13368055555533,,,176.8472222222218,65.28472222222207,66.5243055555554,85.0664062499998,48.55034722222211,57.22743055555542,47.517361111111,53.92187499999987
179.11979166666626,97.72048611111089,,,176.8472222222218,64.97482638888874,66.5243055555554,67.97048611111096,48.55034722222211,56.81423611111098,47.517361111111,53.50868055555543
179.11979166666626,97.30729166666644,,,177.05381944444403,105.98437499999976,66.5243055555554,67.60894097222207,48.55034722222211,56.401041666666536,47.517361111111,53.14713541666654
179.11979166666626,96.894097222222,,,177.05381944444403,105.57118055555532,66.73090277777763,89.86979166666646,48.55034722222211,55.98784722222209,47.517361111111,52.68229166666654
179.11979166666626,96.48090277777756,,,177.05381944444403,105.15798611111087,66.73090277777763,89.45659722222202,48.55034722222211,52.2690972222221,47.517361111111,52.2690972222221
179.11979166666626,96.06770833333312,,,177.05381944444403,104.74479166666643,66.73090277777763,89.04340277777757,48.55034722222211,51.85590277777766,47.517361111111,51.85590277777766
179.11979166666626,95.65451388888867,,,177.05381944444403,104.33159722222199,66.73090277777763,88.63020833333313,48.55034722222211,51.442708333333215,47.517361111111,51.49435763888877
179.11979166666626,95.24131944444423,,,177.05381944444403,103.91840277777753,66.73090277777763,88.21701388888869,48.55034722222211,51.02951388888877,47.517361111111,50.40972222222211
179.11979166666626,94.82812499999979,,,177.05381944444403,103.50520833333309,66.73090277777763,87.80381944444424,48.55034722222211,50.61631944444433,47.517361111111,50.048177083333215
179.11979166666626,94.41493055555533,,,177.05381944444403,102.6788194444442,66.73090277777763,87.3906249999998,48.55034722222211,48.96354166666655,47.517361111111,49.583333333333215
179.11979166666626,94.00173611111089,,,177.05381944444403,102.26562499999976,66.93749999999984,86.97743055555536,48.7913773148147,68.17708333333317,47.517361111111,49.17013888888877
179.11979166666626,93.58854166666644,,,177.05381944444403,101.90407986111087,66.93749999999984,86.56423611111092,48.65364583333322,67.86718749999984,47.517361111111,48.86024305555544
179.11979166666626,93.175347222222,,,177.08825231481438,96.27430555555533,66.93749999999984,86.15104166666647,48.7913773148147,65.69791666666652,47.72395833333322,58.05381944444431
179.11979166666626,92.76215277777756,,,177.05381944444403,95.75781249999977,66.93749999999984,85.73784722222203,48.75694444444433,55.57465277777765,47.72395833333322,57.640624999999865
179.11979166666626,92.34895833333312,,,177.05381944444403,95.34461805555533,66.93749999999984,85.32465277777759,48.75694444444433,55.16145833333321,47.72395833333322,57.22743055555542
179.11979166666626,91.93576388888867,,,177.2948495370366,103.09201388888864,66.93749999999984,85.01475694444424,48.75694444444433,54.748263888888765,47.620659722222115,50.82291666666655
179.11979166666626,91.52256944444423,,,177.15711805555515,99.16666666666643,66.83420138888873,67.97048611111096,48.75694444444433,54.335069444444315,47.93055555555544,56.81423611111098
179.11979166666626,91.10937499999979,,,177.26041666666626,94.82812499999979,66.83420138888873,67.66059027777762,48.75694444444433,53.92187499999987,47.93055555555544,56.401041666666536
179.11979166666626,90.69618055555534,,,177.15711805555515,94.41493055555533,67.04079861111096,89.04340277777757,48.75694444444433,53.50868055555543,47.93055555555544,55.98784722222209
179.11979166666626,90.2829861111109,,,177.26041666666626,66.5243055555554,67.14409722222207,88.68185763888869,48.75694444444433,53.095486111110986,47.93055555555544,55.57465277777765
179.36082175925884,99.7864583333331,,,177.26041666666626,66.11111111111096,67.14409722222207,88.21701388888869,48.75694444444433,52.68229166666654,47.93055555555544,55.16145833333321
179.36082175925884,89.86979166666646,,,177.26041666666626,65.69791666666652,67.14409722222207,87.80381944444424,48.75694444444433,50.203124999999886,47.93055555555544,54.748263888888765
179.22309027777737,89.45659722222202,,,177.26041666666626,65.28472222222207,67.14409722222207,87.3906249999998,48.75694444444433,49.78993055555544,47.96498842592581,54.12847222222209
179.42968749999957,100.81944444444422,,,177.26041666666626,64.97482638888874,67.38512731481467,86.97743055555536,48.75694444444433,49.37673611111099,47.827256944444336,53.818576388888765
179.42968749999957,100.40624999999977,,,177.36371527777737,105.77777777777753,67.35069444444429,86.4609374999998,48.96354166666655,67.55729166666652,47.93055555555544,52.47569444444432
179.42968749999957,99.16666666666643,,,177.4670138888885,105.26128472222197,67.35069444444429,86.04774305555536,48.96354166666655,67.14409722222207,47.93055555555544,52.06249999999988
179.42968749999957,98.75347222222199,,,177.4670138888885,104.84809027777753,67.35069444444429,85.63454861111092,48.96354166666655,66.73090277777763,47.93055555555544,51.70095486111099
179.5329861111107,98.23697916666644,,,177.36371527777737,104.5381944444442,67.35069444444429,85.22135416666647,48.96354166666655,66.31770833333319,47.96498842592581,50.40972222222211
179.5329861111107,97.823784722222,,,177.4670138888885,104.02170138888864,67.35069444444429,84.85980902777759,48.96354166666655,65.07812499999984,47.93055555555544,49.17013888888877
179.5329861111107,97.41059027777756,,,177.4670138888885,103.6085069444442,67.55729166666652,94.00173611111089,48.96354166666655,62.49565972222208,47.93055555555544,48.86024305555544
179.5329861111107,96.99739583333312,,,177.50144675925884,102.47222222222199,67.55729166666652,88.01041666666646,48.96354166666655,62.08246527777764,48.03385416666656,62.08246527777764
179.5329861111107,96.58420138888866,,,177.4670138888885,102.00737847222199,67.55729166666652,87.59722222222202,48.96354166666655,61.669270833333194,48.137152777777665,58.05381944444431
179.5329861111107,96.17100694444422,,,177.36371527777737,101.74913194444422,67.76388888888873,94.41493055555533,48.96354166666655,61.256076388888744,48.137152777777665,57.640624999999865
179.5329861111107,95.75781249999977,,,177.70804398148107,103.09201388888864,67.76388888888873,93.58854166666644,48.96354166666655,60.8428819444443,48.137152777777665,57.22743055555542
179.5329861111107,95.34461805555533,,,177.5703124999996,66.11111111111096,67.76388888888873,93.22699652777756,48.96354166666655,60.42968749999986,48.17158564814803,51.23611111111099
179.5329861111107,94.93142361111089,,,177.5703124999996,65.69791666666652,67.66059027777762,88.73350694444424,48.96354166666655,60.016493055555415,48.137152777777665,49.78993055555544
179.5329861111107,94.51822916666644,,,177.5703124999996,65.28472222222207,67.76388888888873,87.18402777777757,48.96354166666655,59.60329861111097,48.37818287037025,56.81423611111098
179.5329861111107,94.105034722222,,,177.88020833333292,103.71180555555532,67.76388888888873,86.77083333333313,48.96354166666655,59.19010416666653,48.343749999999886,56.29774305555542
179.5329861111107,93.69184027777756,,,177.88020833333292,102.47222222222199,67.76388888888873,86.35763888888869,48.96354166666655,58.776909722222086,48.343749999999886,55.88454861111098
179.5329861111107,93.27864583333312,,,177.88020833333292,102.05902777777754,67.76388888888873,85.94444444444424,48.96354166666655,58.363715277777644,48.343749999999886,55.471354166666536
179.5329861111107,92.86545138888867,,,177.98350694444403,103.29861111111087,67.76388888888873,85.5312499999998,48.96354166666655,57.9505208333332,48.343749999999886,55.10980902777765
179.5329861111107,92.45225694444423,,,177.98350694444403,102.88541666666643,67.76388888888873,85.11805555555536,48.96354166666655,57.53732638888876,48.343749999999886,54.64496527777765
179.5329861111107,92.03906249999979,,,178.08680555555515,81.2443576388887,67.76388888888873,84.80815972222203,48.96354166666655,57.124131944444315,48.343749999999886,54.23177083333321
179.5329861111107,91.62586805555534,,,178.19010416666626,102.47222222222199,67.97048611111096,94.00173611111089,48.96354166666655,56.710937499999865,48.343749999999886,53.818576388888765
179.5329861111107,91.26432291666646,,,178.32783564814773,76.23437499999983,67.97048611111096,87.59722222222202,48.96354166666655,56.29774305555542,48.343749999999886,53.40538194444432
179.42968749999957,90.90277777777757,,,178.19010416666626,75.92447916666649,68.17708333333317,94.41493055555533,48.96354166666655,55.88454861111098,48.37818287037025,52.68229166666654
179.42968749999957,90.48958333333313,,,178.49999999999957,81.19270833333314,68.17708333333317,93.58854166666644,48.997974537036924,52.2690972222221,48.343749999999886,52.16579861111099
179.94618055555515,97.61718749999977,,,178.49999999999957,76.85416666666649,68.17708333333317,93.175347222222,48.96354166666655,51.75260416666654,48.343749999999886,51.75260416666654
179.94618055555515,97.20399305555533,,,178.49999999999957,75.61458333333316,68.17708333333317,92.76215277777756,48.96354166666655,51.3394097222221,48.37818287037025,50.61631944444433
179.94618055555515,96.79079861111089,,,178.7065972222218,76.44097222222204,68.07378472222206,92.24565972222202,48.96354166666655,50.92621527777766,48.343749999999886,50.09982638888877
179.94618055555515,96.37760416666644,,,178.7065972222218,76.0277777777776,68.21151620370355,87.18402777777757,48.96354166666655,50.513020833333215,48.343749999999886,49.17013888888877
179.94618055555515,95.964409722222,,,178.91319444444403,76.75086805555537,68.17708333333317,86.66753472222202,48.997974537036924,48.997974537036924,48.343749999999886,48.86024305555544
179.94618055555515,95.55121527777756,,,178.94762731481438,75.64901620370354,68.17708333333317,86.25434027777757,49.17013888888877,68.3836805555554,48.55034722222211,58.26041666666653
179.94618055555515,95.13802083333312,,,179.11979166666626,81.2443576388887,68.17708333333317,85.84114583333313,49.17013888888877,67.97048611111096,48.55034722222211,57.898871527777644
179.94618055555515,94.72482638888867,,,179.11979166666626,76.23437499999983,68.17708333333317,85.42795138888869,49.17013888888877,65.90451388888873,48.55034722222211,57.330729166666536
179.94618055555515,94.31163194444423,,,179.36082175925884,76.64756944444427,68.17708333333317,85.01475694444424,49.17013888888877,65.49131944444429,48.584780092592474,51.23611111111099
179.94618055555515,93.89843749999979,,,179.32638888888846,75.92447916666649,68.07378472222206,84.80815972222203,49.204571759259146,55.36805555555543,48.55034722222211,49.738281249999886
179.94618055555515,93.48524305555534,,,179.32638888888846,75.45963541666649,68.3836805555554,93.89843749999979,49.17013888888877,54.85156249999987,48.7913773148147,56.81423611111098
179.94618055555515,93.0720486111109,,,179.5329861111107,81.19270833333314,68.4869791666665,94.41493055555533,49.17013888888877,54.43836805555543,48.75694444444433,56.29774305555542
179.94618055555515,92.65885416666646,,,179.73958333333292,76.85416666666649,68.4869791666665,93.38194444444423,49.17013888888877,54.025173611110986,48.75694444444433,55.88454861111098
179.94618055555515,92.24565972222202,,,179.6362847222218,76.54427083333316,68.59027777777762,87.28732638888869,49.17013888888877,53.61197916666654,48.75694444444433,55.471354166666536
179.94618055555515,91.83246527777756,,,179.73958333333292,75.40798611111093,68.59027777777762,86.87413194444424,49.17013888888877,53.1987847222221,48.7913773148147,54.335069444444315
179.84288194444403,91.52256944444423,,,179.94618055555515,81.14105902777759,68.59027777777762,86.4609374999998,49.17013888888877,52.78559027777766,48.75694444444433,53.818576388888765
180.35937499999957,97.30729166666644,,,180.15277777777737,75.20138888888872,68.59027777777762,86.04774305555536,49.204571759259146,49.996527777777665,48.75694444444433,53.40538194444432
180.35937499999957,96.894097222222,,,180.25607638888846,76.9574652777776,68.59027777777762,85.63454861111092,49.17013888888877,49.48003472222211,48.75694444444433,52.99218749999988
180.35937499999957,96.48090277777756,,,180.5659722222218,75.20138888888872,68.59027777777762,85.22135416666647,49.41116898148137,67.55729166666652,48.75694444444433,52.578993055555436
180.35937499999957,96.06770833333312,,,180.77256944444403,85.5312499999998,68.4869791666665,85.01475694444424,49.37673611111099,67.04079861111096,48.75694444444433,52.16579861111099
180.35937499999957,95.65451388888867,,,180.66927083333292,67.86718749999984,68.79687499999984,66.9891493055554,49.37673611111099,66.62760416666652,48.75694444444433,51.75260416666654
180.35937499999957,95.24131944444423,,,180.97916666666626,86.35763888888869,69.00347222222206,86.87413194444424,49.37673611111099,66.21440972222207,48.7913773148147,50.61631944444433
180.35937499999957,94.82812499999979,,,180.97916666666626,85.94444444444424,69.00347222222206,86.4609374999998,49.41116898148137,65.11255787037022,48.75694444444433,50.09982638888877
180.35937499999957,94.41493055555533,,,180.97916666666626,85.11805555555536,69.00347222222206,86.04774305555536,49.37673611111099,62.59895833333319,48.7913773148147,49.37673611111099
180.35937499999957,94.00173611111089,,,180.97916666666626,84.75651041666647,68.90017361111096,85.73784722222203,49.37673611111099,62.185763888888744,48.75694444444433,48.911892361111
180.35937499999957,93.58854166666644,,,180.97916666666626,83.87847222222203,68.90017361111096,85.42795138888869,49.37673611111099,61.7725694444443,48.96354166666655,58.26041666666653
180.35937499999957,93.175347222222,,,180.97916666666626,83.5685763888887,69.00347222222206,68.17708333333317,49.37673611111099,61.35937499999986,48.96354166666655,57.898871527777644
180.35937499999957,92.76215277777756,,,180.97916666666626,75.0980902777776,69.00347222222206,67.81553819444429,49.37673611111099,60.946180555555415,48.96354166666655,51.23611111111099
180.35937499999957,92.34895833333312,,,181.18576388888846,86.77083333333313,69.24450231481465,67.35069444444429,49.37673611111099,60.53298611111097,49.204571759259146,67.55729166666652
180.35937499999957,91.93576388888867,,,181.18576388888846,85.5312499999998,69.21006944444429,66.88585069444429,49.37673611111099,60.11979166666653,49.17013888888877,67.14409722222207
180.77256944444403,97.20399305555533,,,181.18576388888846,84.29166666666647,69.45109953703688,94.82812499999979,49.37673611111099,59.706597222222086,49.17013888888877,57.0208333333332
180.77256944444403,96.79079861111089,,,181.3923611111107,90.69618055555534,69.3133680555554,86.77083333333313,49.37673611111099,59.293402777777644,49.17013888888877,56.60763888888876
180.77256944444403,96.37760416666644,,,181.3923611111107,90.33463541666646,69.3133680555554,86.35763888888869,49.37673611111099,58.880208333333194,49.17013888888877,56.194444444444315
180.77256944444403,95.964409722222,,,181.3923611111107,86.35763888888869,69.3133680555554,86.04774305555536,49.37673611111099,58.46701388888875,49.17013888888877,55.78124999999987
180.77256944444403,95.55121527777756,,,181.3923611111107,85.94444444444424,69.4166666666665,68.3836805555554,49.37673611111099,58.05381944444431,49.17013888888877,55.36805555555543
180.77256944444403,95.13802083333312,,,181.3923611111107,85.11805555555536,69.4166666666665,67.97048611111096,49.37673611111099,57.640624999999865,49.17013888888877,54.954861111110986
180.77256944444403,94.72482638888867,,,181.3923611111107,84.70486111111092,69.62326388888873,96.68749999999977,49.37673611111099,57.22743055555542,49.17013888888877,54.54166666666654
180.77256944444403,94.31163194444423,,,181.3923611111107,83.93012152777759,69.62326388888873,94.36328124999979,49.37673611111099,56.81423611111098,49.17013888888877,54.12847222222209
180.77256944444403,93.89843749999979,,,181.28906249999957,83.5685763888887,69.6576967592591,92.76215277777756,49.37673611111099,56.401041666666536,49.17013888888877,53.71527777777765
180.77256944444403,93.48524305555534,,,181.63339120370327,86.77083333333313,69.62326388888873,92.24565972222202,49.37673611111099,55.98784722222209,49.17013888888877,53.30208333333321
180.77256944444403,93.0720486111109,,,181.63339120370327,85.5312499999998,69.51996527777762,92.03906249999979,49.37673611111099,52.2690972222221,49.17013888888877,52.888888888888765
180.77256944444403,92.65885416666646,,,181.63339120370327,84.29166666666647,69.6576967592591,80.7795138888887,49.37673611111099,51.85590277777766,49.17013888888877,52.47569444444432
180.77256944444403,92.24565972222202,,,181.59895833333292,74.47829861111094,69.62326388888873,80.26302083333314,49.37673611111099,51.442708333333215,49.17013888888877,52.06249999999988
180.77256944444403,91.88411458333312,,,181.80555555555515,90.90277777777757,69.62326388888873,79.8498263888887,49.37673611111099,51.02951388888877,49.17013888888877,51.649305555555436
181.18576388888846,96.99739583333312,,,181.80555555555515,90.48958333333313,69.62326388888873,79.43663194444426,49.37673611111099,50.61631944444433,49.17013888888877,50.82291666666655
181.18576388888846,96.58420138888866,,,181.80555555555515,90.07638888888869,69.62326388888873,79.02343749999982,49.37673611111099,48.96354166666655,49.17013888888877,50.40972222222211
181.18576388888846,96.17100694444422,,,181.80555555555515,86.15104166666647,69.62326388888873,78.61024305555537,49.583333333333215,68.59027777777762,49.17013888888877,49.996527777777665
181.18576388888846,95.75781249999977,,,181.80555555555515,84.91145833333313,69.62326388888873,78.19704861111093,49.583333333333215,68.17708333333317,49.17013888888877,49.583333333333215
181.18576388888846,95.34461805555533,,,181.80555555555515,83.72352430555536,69.62326388888873,77.78385416666649,49.583333333333215,65.69791666666652,49.17013888888877,49.17013888888877
181.18576388888846,94.93142361111089,,,181.90885416666623,89.76649305555534,69.62326388888873,77.37065972222204,49.61776620370359,55.57465277777765,49.17013888888877,48.86024305555544
181.18576388888846,94.51822916666644,,,181.90885416666623,86.97743055555536,69.6576967592591,67.55729166666652,49.583333333333215,55.05815972222209,49.41116898148137,58.05381944444431
181.18576388888846,94.105034722222,,,181.90885416666623,86.56423611111092,69.62326388888873,67.04079861111096,49.583333333333215,54.64496527777765,49.273437499999886,57.74392361111098
181.18576388888846,93.69184027777756,,,182.01215277777735,85.63454861111092,69.62326388888873,66.67925347222207,49.583333333333215,54.23177083333321,49.37673611111099,51.23611111111099
181.18576388888846,93.27864583333312,,,182.01215277777735,85.22135416666647,69.72656249999984,95.24131944444423,49.583333333333215,53.818576388888765,49.583333333333215,67.76388888888873
181.18576388888846,92.86545138888867,,,182.04658564814773,84.49826388888869,69.72656249999984,94.82812499999979,49.583333333333215,53.40538194444432,49.583333333333215,67.35069444444429
181.18576388888846,92.45225694444423,,,182.01215277777735,83.98177083333314,69.86429398148132,73.34201388888872,49.583333333333215,52.99218749999988,49.48003472222211,67.04079861111096
181.18576388888846,92.09071180555534,,,182.04658564814773,81.05497685185166,69.82986111111094,72.82552083333316,49.583333333333215,52.578993055555436,49.61776620370359,59.706597222222086
181.08246527777735,91.83246527777756,,,182.04658564814773,73.54861111111094,69.82986111111094,72.41232638888872,49.61776620370359,50.203124999999886,49.583333333333215,59.19010416666653
181.4956597222218,96.68749999999977,,,182.01215277777735,67.04079861111096,69.82986111111094,71.99913194444427,49.583333333333215,49.68663194444433,49.48003472222211,57.434027777777644
181.4956597222218,96.27430555555533,,,182.11545138888846,90.69618055555534,69.82986111111094,71.58593749999983,49.583333333333215,49.273437499999886,49.583333333333215,56.91753472222209
181.4956597222218,95.86111111111089,,,182.11545138888846,90.2829861111109,69.82986111111094,71.17274305555539,49.78993055555544,67.76388888888873,49.583333333333215,56.504340277777644
181.4956597222218,95.44791666666644,,,182.21874999999957,83.62022569444424,69.82986111111094,68.59027777777762,49.78993055555544,67.35069444444429,49.583333333333215,56.0911458333332
181.4956597222218,95.034722222222,,,182.21874999999957,78.9201388888887,69.82986111111094,68.17708333333317,49.78993055555544,66.93749999999984,49.48003472222211,55.78124999999987
181.4956597222218,94.62152777777756,,,182.21874999999957,78.55859374999982,69.82986111111094,66.16276041666652,49.78993055555544,66.11111111111096,49.48003472222211,55.36805555555543
181.4956597222218,94.20833333333312,,,182.21874999999957,77.68055555555537,70.03645833333317,80.98611111111093,49.78993055555544,65.28472222222207,49.583333333333215,54.954861111110986
181.4956597222218,93.79513888888867,,,182.25318287036993,74.1684027777776,70.03645833333317,80.57291666666649,49.78993055555544,64.97482638888874,49.583333333333215,54.54166666666654
181.4956597222218,93.38194444444423,,,182.25318287036993,72.92881944444427,70.03645833333317,80.15972222222203,49.82436342592581,62.392361111110965,49.583333333333215,54.12847222222209
181.4956597222218,92.96874999999979,,,182.21874999999957,72.41232638888872,70.03645833333317,79.74652777777759,49.78993055555544,61.875868055555415,49.583333333333215,53.71527777777765
181.4956597222218,92.55555555555534,,,182.21874999999957,71.99913194444427,70.03645833333317,79.33333333333314,49.78993055555544,61.462673611110965,49.583333333333215,53.30208333333321
184.31915509259215,82.01909722222203,,,182.21874999999957,71.58593749999983,70.03645833333317,78.9201388888887,49.78993055555544,61.04947916666652,49.583333333333215,52.888888888888765
184.2847222222218,81.50260416666647,,,182.21874999999957,71.17274305555539,70.03645833333317,78.50694444444426,49.78993055555544,60.63628472222208,49.583333333333215,52.47569444444432
184.2847222222218,81.08940972222203,,,182.21874999999957,70.75954861111094,70.03645833333317,78.09374999999982,49.78993055555544,60.22309027777764,49.583333333333215,52.06249999999988
184.31915509259215,59.706597222222086,,,182.21874999999957,70.3463541666665,70.03645833333317,77.68055555555537,49.78993055555544,59.809895833333194,49.583333333333215,51.649305555555436
184.2847222222218,59.293402777777644,,,182.21874999999957,69.93315972222206,70.03645833333317,77.26736111111093,49.78993055555544,59.39670138888875,49.583333333333215,50.82291666666655
184.52575231481438,82.6388888888887,,,182.21874999999957,69.51996527777762,70.03645833333317,76.85416666666649,49.78993055555544,58.98350694444431,49.583333333333215,50.40972222222211
184.52575231481438,80.57291666666649,,,182.21874999999957,69.10677083333317,70.03645833333317,73.96180555555539,49.78993055555544,58.570312499999865,49.583333333333215,49.996527777777665
184.38802083333292,80.26302083333314,,,182.11545138888846,68.90017361111096,70.03645833333317,70.70789930555539,49.78993055555544,58.15711805555542,49.583333333333215,49.583333333333215
184.69791666666623,82.01909722222203,,,182.21874999999957,59.91319444444431,70.07089120370354,67.76388888888873,49.78993055555544,57.74392361111098,49.583333333333215,49.17013888888877
184.69791666666623,81.60590277777759,,,182.21874999999957,59.499999999999865,70.03645833333317,67.24739583333317,49.78993055555544,57.330729166666536,49.583333333333215,48.86024305555544
184.69791666666623,81.19270833333314,,,182.4253472222218,85.22135416666647,70.03645833333317,66.83420138888873,49.78993055555544,56.91753472222209,49.78993055555544,58.67361111111097
184.69791666666623,79.95312499999982,,,182.4253472222218,84.80815972222203,70.03645833333317,66.42100694444429,49.78993055555544,56.504340277777644,49.78993055555544,58.26041666666653
184.7323495370366,60.11979166666653,,,182.4253472222218,84.39496527777759,70.07089120370354,65.76678240740725,49.78993055555544,56.0911458333332,49.78993055555544,57.898871527777644
184.69791666666623,59.60329861111097,,,182.4253472222218,83.98177083333314,70.24305555555539,76.44097222222204,49.82436342592581,52.06249999999988,49.78993055555544,51.23611111111099
184.69791666666623,59.241753472222086,,,182.4253472222218,81.19270833333314,70.24305555555539,76.07942708333316,49.78993055555544,51.54600694444432,50.03096064814803,59.91319444444431
184.90451388888846,82.84548611111092,,,182.4253472222218,80.88281249999982,70.24305555555539,75.61458333333316,49.78993055555544,51.13281249999988,49.996527777777665,59.39670138888875
184.90451388888846,82.43229166666647,,,182.4253472222218,78.09374999999982,70.24305555555539,75.20138888888872,49.78993055555544,50.719618055555436,49.996527777777665,59.035156249999865
184.90451388888846,80.7795138888887,,,182.4253472222218,77.37065972222204,70.24305555555539,74.78819444444427,49.78993055555544,48.96354166666655,49.996527777777665,56.81423611111098
184.90451388888846,80.36631944444426,,,182.45978009259215,73.54861111111094,70.24305555555539,74.37499999999983,49.996527777777665,68.59027777777762,49.996527777777665,56.401041666666536
184.90451388888846,72.10243055555539,,,182.4253472222218,67.14409722222207,70.24305555555539,73.54861111111094,49.996527777777665,68.17708333333317,49.996527777777665,55.98784722222209
184.90451388888846,71.7408854166665,,,182.4253472222218,66.83420138888873,70.24305555555539,73.1354166666665,49.996527777777665,65.69791666666652,50.03096064814803,54.954861111110986
185.1111111111107,82.01909722222203,,,182.4253472222218,59.19010416666653,70.24305555555539,72.72222222222206,49.996527777777665,55.57465277777765,49.996527777777665,54.43836805555543
185.1111111111107,81.60590277777759,,,182.63194444444403,78.9201388888887,70.24305555555539,72.30902777777762,49.996527777777665,55.16145833333321,49.996527777777665,54.025173611110986
185.1111111111107,81.19270833333314,,,182.63194444444403,78.50694444444426,70.24305555555539,71.89583333333317,49.996527777777665,54.748263888888765,49.996527777777665,53.61197916666654
185.1111111111107,79.95312499999982,,,182.66637731481438,77.68055555555537,70.24305555555539,71.48263888888873,49.996527777777665,54.335069444444315,49.996527777777665,53.1987847222221
185.00781249999957,79.64322916666649,,,182.52864583333292,74.1684027777776,70.24305555555539,71.06944444444429,49.996527777777665,53.92187499999987,49.996527777777665,52.78559027777766
185.1111111111107,60.32638888888875,,,182.66637731481438,72.92881944444427,70.24305555555539,70.29470486111094,49.996527777777665,53.50868055555543,49.996527777777665,52.372395833333215
185.1111111111107,59.91319444444431,,,182.63194444444403,72.41232638888872,70.27748842592577,68.79687499999984,49.996527777777665,53.095486111110986,49.996527777777665,51.959201388888765
185.1111111111107,59.499999999999865,,,182.63194444444403,71.99913194444427,70.24305555555539,68.28038194444429,49.996527777777665,52.68229166666654,49.996527777777665,51.54600694444432
185.1111111111107,59.19010416666653,,,182.63194444444403,71.58593749999983,70.44965277777762,80.98611111111093,49.89322916666655,50.203124999999886,50.03096064814803,50.857349537036924
185.31770833333292,82.7421874999998,,,182.63194444444403,71.17274305555539,70.44965277777762,80.57291666666649,49.89322916666655,49.78993055555544,49.996527777777665,50.15147569444433
185.31770833333292,82.32899305555536,,,182.63194444444403,70.8111979166665,70.44965277777762,80.15972222222203,49.89322916666655,49.37673611111099,49.89322916666655,49.78993055555544
185.35214120370327,80.7795138888887,,,182.52864583333292,70.44965277777762,70.44965277777762,79.74652777777759,50.203124999999886,67.76388888888873,49.996527777777665,49.273437499999886
185.31770833333292,80.26302083333314,,,182.52864583333292,70.03645833333317,70.44965277777762,79.33333333333314,50.203124999999886,67.35069444444429,49.89322916666655,48.96354166666655
185.5587384259255,81.81249999999982,,,182.52864583333292,69.62326388888873,70.44965277777762,78.9201388888887,50.203124999999886,66.93749999999984,50.09982638888877,58.363715277777644
185.52430555555512,81.29600694444426,,,182.52864583333292,69.21006944444429,70.44965277777762,78.50694444444426,50.203124999999886,66.5243055555554,50.09982638888877,57.9505208333332
185.52430555555512,60.016493055555415,,,182.63194444444403,59.91319444444431,70.44965277777762,78.09374999999982,50.203124999999886,66.11111111111096,50.23755787037025,55.57465277777765
185.52430555555512,59.60329861111097,,,182.63194444444403,59.499999999999865,70.44965277777762,77.68055555555537,50.203124999999886,65.28472222222207,50.40972222222211,60.11979166666653
185.421006944444,59.293402777777644,,,182.83854166666623,85.11805555555536,70.44965277777762,77.26736111111093,50.203124999999886,64.87152777777763,50.40972222222211,59.706597222222086
185.62760416666623,82.43229166666647,,,182.83854166666623,84.70486111111092,70.44965277777762,76.85416666666649,50.23755787037025,62.59895833333319,50.30642361111099,59.39670138888875
185.62760416666623,80.7795138888887,,,182.83854166666623,84.29166666666647,70.44965277777762,73.96180555555539,50.203124999999886,62.08246527777764,50.40972222222211,57.0208333333332
185.62760416666623,80.46961805555537,,,182.83854166666623,83.87847222222203,70.44965277777762,70.65624999999983,50.203124999999886,61.669270833333194,50.40972222222211,56.60763888888876
,,,,182.83854166666623,83.51692708333314,70.44965277777762,69.82986111111094,50.203124999999886,61.256076388888744,50.40972222222211,56.194444444444315
,,,,182.83854166666623,81.19270833333314,70.44965277777762,67.76388888888873,50.203124999999886,60.8428819444443,50.40972222222211,54.954861111110986
,,,,182.83854166666623,80.88281249999982,70.44965277777762,67.35069444444429,50.203124999999886,60.42968749999986,50.40972222222211,54.54166666666654
,,,,182.83854166666623,77.21571180555537,70.44965277777762,66.93749999999984,50.203124999999886,60.016493055555415,50.40972222222211,54.12847222222209
,,,,182.83854166666623,67.14409722222207,70.44965277777762,66.5243055555554,50.203124999999886,59.60329861111097,50.40972222222211,53.71527777777765
,,,,182.83854166666623,66.83420138888873,70.44965277777762,66.11111111111096,50.203124999999886,59.19010416666653,50.40972222222211,53.30208333333321
,,,,182.83854166666623,59.13845486111097,70.44965277777762,65.69791666666652,50.203124999999886,58.776909722222086,50.40972222222211,52.888888888888765
,,,,183.04513888888846,78.76519097222204,70.69068287037021,76.44097222222204,50.203124999999886,58.363715277777644,50.40972222222211,52.47569444444432
,,,,183.04513888888846,77.68055555555537,70.65624999999983,75.92447916666649,50.203124999999886,57.9505208333332,50.40972222222211,52.06249999999988
,,,,182.94184027777735,72.72222222222206,70.65624999999983,75.51128472222204,50.203124999999886,57.53732638888876,50.40972222222211,51.649305555555436
,,,,183.04513888888846,72.2057291666665,70.65624999999983,75.0980902777776,50.203124999999886,57.124131944444315,50.40972222222211,51.23611111111099
,,,,183.04513888888846,71.84418402777762,70.65624999999983,74.68489583333316,50.203124999999886,56.710937499999865,50.40972222222211,50.82291666666655
,,,,182.94184027777735,71.48263888888873,70.65624999999983,74.27170138888872,50.203124999999886,56.29774305555542,50.650752314814696,67.62615740740725
,,,,182.94184027777735,71.17274305555539,70.69068287037021,73.54861111111094,50.203124999999886,55.88454861111098,50.61631944444433,55.78124999999987
,,,,183.07957175925884,59.91319444444431,70.65624999999983,73.03211805555539,50.23755787037025,52.2690972222221,50.61631944444433,55.36805555555543
,,,,183.04513888888846,59.39670138888875,70.65624999999983,72.61892361111094,50.203124999999886,51.75260416666654,50.85734953703692,65.56018518518503
,,,,183.2517361111107,85.11805555555536,70.65624999999983,72.2057291666665,50.203124999999886,51.3394097222221,50.85734953703692,60.32638888888875
,,,,183.2517361111107,84.70486111111092,70.65624999999983,71.79253472222206,50.203124999999886,50.92621527777766,50.719618055555436,60.016493055555415
,,,,183.2517361111107,84.29166666666647,70.65624999999983,71.37934027777762,50.09982638888877,50.719618055555436,50.82291666666655,57.0208333333332
,,,,183.2517361111107,83.87847222222203,70.65624999999983,70.96614583333317,50.444155092592474,68.59027777777762,50.82291666666655,56.60763888888876
,,,,183.2517361111107,83.46527777777759,70.69068287037021,70.24305555555539,50.40972222222211,68.07378472222206,50.82291666666655,56.194444444444315
,,,,183.2517361111107,81.14105902777759,70.69068287037021,69.4166666666665,50.444155092592474,65.69791666666652,50.82291666666655,54.954861111110986
,,,,183.14843749999957,80.88281249999982,70.65624999999983,68.90017361111096,50.40972222222211,64.61328124999984,50.82291666666655,54.54166666666654
,,,,183.2517361111107,77.31901041666649,70.65624999999983,68.4869791666665,50.444155092592474,55.36805555555543,50.82291666666655,54.12847222222209
,,,,183.2517361111107,67.14409722222207,70.65624999999983,68.07378472222206,50.40972222222211,54.85156249999987,50.82291666666655,53.71527777777765
,,,,183.2517361111107,66.83420138888873,70.86284722222206,80.67621527777759,50.40972222222211,54.43836805555543,50.82291666666655,53.30208333333321
,,,,183.2517361111107,58.98350694444431,70.86284722222206,80.3146701388887,50.40972222222211,54.025173611110986,50.82291666666655,52.888888888888765
,,,,183.45833333333292,87.13237847222202,70.75954861111094,79.95312499999982,50.40972222222211,53.61197916666654,50.82291666666655,52.47569444444432
,,,,183.45833333333292,80.05642361111093,70.86284722222206,79.53993055555537,50.40972222222211,53.1987847222221,50.82291666666655,52.06249999999988
,,,,183.45833333333292,77.68055555555537,70.86284722222206,79.12673611111093,50.40972222222211,52.78559027777766,50.82291666666655,51.649305555555436
,,,,183.49276620370327,60.11979166666653,70.86284722222206,78.71354166666649,50.61631944444433,67.55729166666652,50.82291666666655,51.23611111111099
,,,,183.45833333333292,59.60329861111097,70.86284722222206,78.30034722222204,50.61631944444433,67.14409722222207,50.82291666666655,50.92621527777766
,,,,183.45833333333292,59.19010416666653,70.86284722222206,77.8871527777776,50.61631944444433,66.73090277777763,51.06394675925914,67.97048611111096
,,,,183.66493055555512,85.22135416666647,70.86284722222206,77.47395833333316,50.61631944444433,66.31770833333319,51.02951388888877,67.50564236111096
,,,,183.66493055555512,84.80815972222203,70.86284722222206,77.06076388888872,50.61631944444433,65.07812499999984,51.06394675925914,62.185763888888744
,,,,183.66493055555512,84.39496527777759,70.86284722222206,67.55729166666652,50.61631944444433,64.25173611111096,51.02951388888877,55.78124999999987
,,,,183.66493055555512,83.98177083333314,70.86284722222206,67.14409722222207,50.61631944444433,63.838541666666515,51.02951388888877,55.36805555555543
,,,,183.66493055555512,83.5685763888887,70.86284722222206,66.73090277777763,50.61631944444433,63.42534722222207,51.13281249999988,66.5243055555554
,,,,183.56163194444403,83.36197916666647,70.86284722222206,66.31770833333319,50.61631944444433,63.01215277777763,51.23611111111099,65.69791666666652
,,,,183.56163194444403,80.67621527777759,70.86284722222206,65.90451388888873,50.61631944444433,62.59895833333319,51.23611111111099,65.28472222222207
,,,,183.56163194444403,79.53993055555537,70.86284722222206,65.49131944444429,50.61631944444433,62.185763888888744,51.27054398148136,61.56597222222208
,,,,183.56163194444403,79.23003472222204,70.86284722222206,65.1297743055554,50.61631944444433,61.7725694444443,51.23611111111099,61.04947916666652
,,,,183.56163194444403,78.8168402777776,71.06944444444429,76.64756944444427,50.61631944444433,61.35937499999986,51.13281249999988,60.739583333333194
,,,,183.56163194444403,77.37065972222204,71.06944444444429,76.23437499999983,50.61631944444433,60.946180555555415,51.13281249999988,60.32638888888875
,,,,183.66493055555512,67.14409722222207,71.06944444444429,75.82118055555539,50.61631944444433,60.53298611111097,51.13281249999988,60.016493055555415
,,,,183.66493055555512,66.83420138888873,71.06944444444429,75.40798611111093,50.61631944444433,60.11979166666653,51.13281249999988,58.98350694444431
,,,,183.76822916666623,77.68055555555537,71.06944444444429,74.99479166666649,50.61631944444433,59.706597222222086,51.13281249999988,58.570312499999865
,,,,183.97482638888846,84.70486111111092,71.06944444444429,74.58159722222204,50.61631944444433,59.293402777777644,51.23611111111099,57.0208333333332
,,,,183.97482638888846,84.29166666666647,71.06944444444429,74.1684027777776,50.61631944444433,58.880208333333194,51.23611111111099,56.60763888888876
,,,,183.97482638888846,83.98177083333314,71.06944444444429,73.75520833333316,50.61631944444433,58.46701388888875,51.23611111111099,56.194444444444315
,,,,183.97482638888846,67.04079861111096,71.06944444444429,73.34201388888872,50.61631944444433,58.05381944444431,51.23611111111099,54.954861111110986
,,,,184.11255787036993,63.631944444444294,71.06944444444429,72.92881944444427,50.61631944444433,57.640624999999865,51.23611111111099,54.54166666666654
,,,,184.07812499999957,63.115451388888744,71.06944444444429,72.51562499999983,50.61631944444433,57.22743055555542,51.23611111111099,54.12847222222209
,,,,184.2847222222218,77.31901041666649,71.06944444444429,72.10243055555539,50.61631944444433,56.81423611111098,51.23611111111099,53.71527777777765
,,,,184.31915509259215,64.25173611111096,71.06944444444429,71.68923611111094,50.61631944444433,56.401041666666536,51.23611111111099,53.30208333333321
,,,,184.31915509259215,62.59895833333319,71.06944444444429,71.2760416666665,50.61631944444433,55.98784722222209,51.23611111111099,52.888888888888765
,,,,184.2847222222218,62.08246527777764,71.06944444444429,70.86284722222206,50.61631944444433,52.2690972222221,51.23611111111099,52.47569444444432
,,,,184.2847222222218,61.669270833333194,71.06944444444429,70.44965277777762,50.61631944444433,51.85590277777766,51.23611111111099,52.06249999999988
,,,,184.2847222222218,61.256076388888744,71.06944444444429,70.03645833333317,50.61631944444433,51.442708333333215,51.23611111111099,51.649305555555436
,,,,184.1814236111107,61.04947916666652,71.06944444444429,69.62326388888873,50.61631944444433,51.02951388888877,51.23611111111099,51.23611111111099
,,,,184.52575231481438,76.0277777777776,71.06944444444429,69.21006944444429,50.513020833333215,50.719618055555436,51.23611111111099,50.92621527777766
,,,,184.49131944444403,75.35633680555539,71.06944444444429,68.79687499999984,50.82291666666655,68.79687499999984,51.442708333333215,68.17708333333317
,,,,184.38802083333292,63.631944444444294,71.06944444444429,68.3836805555554,50.82291666666655,68.3836805555554,51.442708333333215,67.76388888888873
,,,,184.49131944444403,63.115451388888744,71.06944444444429,67.97048611111096,50.82291666666655,67.97048611111096,51.442708333333215,67.35069444444429
,,,,184.69791666666623,77.26736111111093,71.17274305555539,80.46961805555537,50.82291666666655,65.90451388888873,51.442708333333215,66.93749999999984
,,,,184.69791666666623,76.9574652777776,71.2760416666665,79.43663194444426,50.82291666666655,65.49131944444429,51.442708333333215,64.87152777777763
,,,,184.69791666666623,64.45833333333319,71.2760416666665,79.02343749999982,50.82291666666655,64.6649305555554,51.442708333333215,62.650607638888744
,,,,184.69791666666623,64.14843749999986,71.2760416666665,78.61024305555537,50.82291666666655,55.57465277777765,51.442708333333215,62.185763888888744
,,,,184.7323495370366,62.63339120370356,71.2760416666665,78.19704861111093,50.82291666666655,55.16145833333321,51.3394097222221,57.434027777777644
,,,,184.59461805555512,62.185763888888744,71.2760416666665,77.78385416666649,50.82291666666655,54.748263888888765,51.442708333333215,55.78124999999987
,,,,184.59461805555512,61.7725694444443,71.2760416666665,77.37065972222204,50.82291666666655,54.335069444444315,51.442708333333215,55.36805555555543
,,,,184.59461805555512,61.35937499999986,71.2760416666665,76.9574652777776,50.82291666666655,53.92187499999987,51.6837384259258,65.69791666666652
,,,,184.9389467592588,76.23437499999983,71.31047453703688,67.55729166666652,50.82291666666655,53.50868055555543,51.649305555555436,65.18142361111096
,,,,184.90451388888846,75.71788194444427,71.2760416666665,67.04079861111096,50.82291666666655,53.095486111110986,51.649305555555436,61.7725694444443
,,,,184.90451388888846,75.30468749999983,71.2760416666665,66.62760416666652,50.82291666666655,52.68229166666654,51.649305555555436,61.35937499999986
,,,,185.14554398148104,77.26736111111093,71.2760416666665,66.21440972222207,51.06394675925914,67.55729166666652,51.649305555555436,60.99782986111097
,,,,185.1111111111107,76.75086805555537,71.2760416666665,65.80121527777763,51.02951388888877,67.04079861111096,51.649305555555436,56.91753472222209
,,,,185.1111111111107,64.45833333333319,71.2760416666665,65.38802083333319,51.02951388888877,66.62760416666652,51.649305555555436,56.504340277777644
,,,,185.1111111111107,64.14843749999986,71.2760416666665,64.97482638888874,51.02951388888877,66.21440972222207,51.649305555555436,56.0911458333332
,,,,185.1111111111107,62.80555555555541,71.17274305555539,64.76822916666652,51.06394675925914,65.07812499999984,51.6837384259258,54.954861111110986
,,,,185.1111111111107,62.44401041666652,71.5170717592591,76.44097222222204,51.06394675925914,64.25173611111096,51.649305555555436,54.43836805555543
,,,,185.31770833333292,76.23437499999983,71.48263888888873,75.92447916666649,51.02951388888877,63.73524305555541,51.649305555555436,54.025173611110986
,,,,185.31770833333292,75.82118055555539,71.48263888888873,75.51128472222204,51.02951388888877,63.322048611110965,51.649305555555436,53.61197916666654
,,,,185.31770833333292,75.40798611111093,71.48263888888873,75.0980902777776,51.02951388888877,62.90885416666652,51.649305555555436,53.1987847222221
,,,,185.31770833333292,75.0980902777776,71.48263888888873,74.68489583333316,51.02951388888877,62.49565972222208,51.649305555555436,52.78559027777766
,,,,185.31770833333292,67.14409722222207,71.37934027777762,74.37499999999983,51.02951388888877,62.08246527777764,51.649305555555436,52.372395833333215
,,,,185.31770833333292,62.13411458333319,71.37934027777762,73.96180555555539,51.02951388888877,61.669270833333194,51.649305555555436,51.959201388888765
,,,,185.5587384259255,77.8871527777776,71.37934027777762,73.54861111111094,51.02951388888877,61.256076388888744,51.649305555555436,51.54600694444432
,,,,185.52430555555512,77.37065972222204,71.37934027777762,73.1354166666665,51.02951388888877,60.8428819444443,51.649305555555436,51.13281249999988
,,,,185.52430555555512,76.9574652777776,71.37934027777762,72.72222222222206,51.02951388888877,60.42968749999986,51.54600694444432,50.92621527777766
,,,,185.52430555555512,76.54427083333316,71.37934027777762,72.30902777777762,51.02951388888877,60.016493055555415,51.85590277777766,68.17708333333317
,,,,185.52430555555512,64.45833333333319,71.37934027777762,71.89583333333317,51.02951388888877,59.60329861111097,51.85590277777766,67.76388888888873
,,,,185.52430555555512,64.0967881944443,71.37934027777762,71.48263888888873,51.02951388888877,59.19010416666653,51.85590277777766,67.40234374999984
,,,,185.5587384259255,63.01215277777763,71.48263888888873,71.06944444444429,51.02951388888877,58.776909722222086,51.85590277777766,67.04079861111096
,,,,185.52430555555512,62.49565972222208,71.48263888888873,70.65624999999983,51.02951388888877,58.363715277777644,51.85590277777766,64.81987847222207
,,,,185.5587384259255,61.7725694444443,71.48263888888873,70.24305555555539,51.02951388888877,57.9505208333332,51.890335648148024,62.59895833333319
,,,,185.52430555555512,61.35937499999986,71.48263888888873,69.82986111111094,51.02951388888877,57.53732638888876,51.85590277777766,62.08246527777764
,,,,185.62760416666623,78.50694444444426,71.48263888888873,69.4166666666665,51.02951388888877,57.124131944444315,51.890335648148024,55.57465277777765
,,,,185.62760416666623,76.0277777777776,71.48263888888873,69.00347222222206,51.02951388888877,56.710937499999865,52.06249999999988,66.11111111111096
,,,,185.62760416666623,75.61458333333316,71.48263888888873,68.59027777777762,51.02951388888877,56.29774305555542,52.06249999999988,65.69791666666652
,,,,185.62760416666623,75.30468749999983,71.48263888888873,68.17708333333317,51.02951388888877,55.88454861111098,52.06249999999988,65.28472222222207
,,,,185.62760416666623,67.14409722222207,71.68923611111094,79.12673611111093,51.06394675925914,52.2690972222221,52.06249999999988,61.56597222222208
,,,,185.83420138888846,77.47395833333316,71.68923611111094,78.71354166666649,51.02951388888877,51.75260416666654,52.06249999999988,61.15277777777764
,,,,185.83420138888846,77.16406249999982,71.68923611111094,78.30034722222204,51.02951388888877,51.3394097222221,52.06249999999988,56.504340277777644
,,,,185.93749999999957,64.40668402777763,71.68923611111094,77.8871527777776,51.02951388888877,50.977864583333215,52.06249999999988,56.0911458333332
,,,,185.83420138888846,64.04513888888874,71.68923611111094,77.47395833333316,51.23611111111099,69.00347222222206,52.096932870370246,54.954861111110986
,,,,185.83420138888846,63.73524305555541,71.68923611111094,77.06076388888872,51.23611111111099,68.59027777777762,52.06249999999988,54.43836805555543
,,,,185.83420138888846,63.21874999999985,71.68923611111094,67.76388888888873,51.23611111111099,68.17708333333317,52.06249999999988,54.025173611110986
,,,,185.83420138888846,62.80555555555541,71.68923611111094,67.35069444444429,51.23611111111099,65.69791666666652,52.06249999999988,53.61197916666654
,,,,185.83420138888846,62.49565972222208,71.68923611111094,66.93749999999984,51.23611111111099,55.36805555555543,52.06249999999988,53.1987847222221
,,,,169.74999999999963,88.54340277777757,71.68923611111094,66.5243055555554,51.23611111111099,54.954861111110986,52.06249999999988,52.83723958333321
,,,,168.7499999999996,84.54340277777757,71.68923611111094,66.11111111111096,51.23611111111099,54.54166666666654,51.959201388888765,52.47569444444432
,,,,170.24999999999963,83.79340277777757,71.68923611111094,65.69791666666652,51.23611111111099,54.12847222222209,51.959201388888765,52.06249999999988
,,,,170.74999999999963,82.79340277777759,71.68923611111094,65.28472222222207,51.23611111111099,53.71527777777765,51.959201388888765,51.649305555555436
,,,,172.49999999999963,82.79340277777759,71.68923611111094,64.92317708333319,51.23611111111099,53.30208333333321,51.959201388888765,51.23611111111099
,,,,175.2499999999996,96.29340277777756,71.79253472222206,83.98177083333314,51.23611111111099,52.888888888888765,51.959201388888765,50.92621527777766
,,,,175.9999999999996,99.29340277777754,71.89583333333317,76.64756944444427,51.442708333333215,67.76388888888873,52.2690972222221,68.17708333333317
,,,,175.9999999999996,99.29340277777754,71.89583333333317,76.23437499999983,51.442708333333215,67.35069444444429,52.2690972222221,67.76388888888873
,,,,174.9999999999996,106.04340277777752,71.89583333333317,75.82118055555539,51.442708333333215,66.93749999999984,52.2690972222221,67.35069444444429
,,,,174.9999999999996,105.54340277777753,71.89583333333317,75.40798611111093,51.442708333333215,66.5243055555554,52.2690972222221,66.9891493055554
,,,,174.9999999999996,105.54340277777753,71.89583333333317,74.99479166666649,51.442708333333215,66.11111111111096,52.2690972222221,66.5243055555554
,,,,174.7499999999996,105.54340277777753,71.89583333333317,71.06944444444429,51.442708333333215,65.28472222222207,52.2690972222221,64.87152777777763
,,,,168.99999999999963,104.79340277777754,71.89583333333317,70.65624999999983,51.442708333333215,64.87152777777763,52.2690972222221,64.14843749999986
,,,,175.2499999999996,104.54340277777753,71.89583333333317,70.24305555555539,51.442708333333215,64.45833333333319,52.2690972222221,62.80555555555541
,,,,172.49999999999963,104.79340277777754,71.89583333333317,69.82986111111094,51.442708333333215,64.04513888888874,52.2690972222221,62.392361111110965
,,,,174.9999999999996,97.54340277777754,71.89583333333317,69.4166666666665,51.442708333333215,63.631944444444294,52.2690972222221,61.97916666666652
,,,,173.4999999999996,96.04340277777756,71.89583333333317,69.00347222222206,51.442708333333215,63.21874999999985,52.30353009259247,55.57465277777765
,,,,173.4999999999996,97.54340277777754,71.89583333333317,68.59027777777762,51.442708333333215,62.80555555555541,52.47569444444432,66.11111111111096
,,,,174.7499999999996,96.79340277777754,71.89583333333317,68.17708333333317,51.442708333333215,62.392361111110965,52.47569444444432,65.69791666666652
,,,,174.7499999999996,96.79340277777754,72.10243055555539,79.12673611111093,51.442708333333215,61.97916666666652,52.47569444444432,65.28472222222207
,,,,174.4999999999996,96.79340277777754,72.10243055555539,78.71354166666649,51.442708333333215,61.56597222222208,52.47569444444432,64.50998263888874
,,,,173.7499999999996,96.04340277777756,72.10243055555539,78.30034722222204,51.442708333333215,61.15277777777764,52.47569444444432,63.68359374999985
,,,,178.49999999999957,98.54340277777754,72.10243055555539,77.8871527777776,51.442708333333215,60.739583333333194,52.47569444444432,63.21874999999985
,,,,177.2499999999996,98.29340277777756,72.10243055555539,77.47395833333316,51.442708333333215,60.32638888888875,52.47569444444432,61.56597222222208
,,,,175.9999999999996,98.54340277777754,72.10243055555539,77.06076388888872,51.442708333333215,59.91319444444431,52.47569444444432,61.204427083333194
,,,,173.7499999999996,98.79340277777754,72.10243055555539,67.76388888888873,51.442708333333215,59.499999999999865,52.47569444444432,56.194444444444315
,,,,176.9999999999996,97.29340277777754,72.10243055555539,67.35069444444429,51.442708333333215,59.086805555555415,52.47569444444432,54.954861111110986
,,,,175.7499999999996,97.79340277777756,72.10243055555539,66.93749999999984,51.442708333333215,58.67361111111097,52.47569444444432,54.54166666666654
,,,,175.2499999999996,98.79340277777754,72.10243055555539,66.5243055555554,51.442708333333215,58.26041666666653,52.47569444444432,54.12847222222209
,,,,176.2499999999996,100.54340277777754,72.10243055555539,66.11111111111096,51.442708333333215,57.847222222222086,52.47569444444432,53.71527777777765
,,,,179.7499999999996,84.54340277777757,72.10243055555539,65.69791666666652,51.442708333333215,57.434027777777644,52.47569444444432,53.30208333333321
,,,,179.4999999999996,83.54340277777759,72.10243055555539,65.28472222222207,51.442708333333215,57.0208333333332,52.47569444444432,52.888888888888765
,,,,178.49999999999957,81.79340277777757,71.99913194444427,64.97482638888874,51.442708333333215,56.60763888888876,52.68229166666654,68.17708333333317
,,,,177.4999999999996,82.79340277777759,72.30902777777762,76.64756944444427,51.442708333333215,56.194444444444315,52.68229166666654,67.76388888888873
,,,,179.2499999999996,82.79340277777759,72.30902777777762,76.23437499999983,51.442708333333215,55.78124999999987,52.68229166666654,67.35069444444429
,,,,178.2499999999996,82.79340277777759,72.30902777777762,75.82118055555539,51.442708333333215,52.47569444444432,52.68229166666654,66.93749999999984
,,,,178.7499999999996,85.29340277777759,72.30902777777762,75.40798611111093,51.442708333333215,52.06249999999988,52.68229166666654,66.5243055555554
,,,,178.7499999999996,82.79340277777759,72.30902777777762,74.99479166666649,51.442708333333215,51.649305555555436,52.68229166666654,64.87152777777763
,,,,181.74999999999957,75.7934027777776,72.30902777777762,74.68489583333316,51.442708333333215,51.23611111111099,52.68229166666654,64.04513888888874
,,,,182.99999999999957,75.7934027777776,72.30902777777762,71.06944444444429,51.442708333333215,50.92621527777766,52.68229166666654,62.80555555555541
,,,,180.4999999999996,75.7934027777776,72.30902777777762,70.65624999999983,51.649305555555436,69.00347222222206,52.68229166666654,62.392361111110965
,,,,180.9999999999996,76.5434027777776,72.30902777777762,70.24305555555539,51.649305555555436,68.59027777777762,52.68229166666654,61.97916666666652
,,,,183.7499999999996,76.2934027777776,72.30902777777762,69.82986111111094,51.649305555555436,68.17708333333317,52.71672453703691,55.78124999999987
,,,,182.7499999999996,68.7934027777776,72.30902777777762,69.4166666666665,51.649305555555436,65.69791666666652,52.68229166666654,55.264756944444315
,,,,182.7499999999996,66.79340277777762,72.30902777777762,69.00347222222206,51.649305555555436,55.36805555555543,52.92332175925914,66.11111111111096
,,,,182.49999999999957,67.54340277777762,72.30902777777762,68.59027777777762,51.649305555555436,54.954861111110986,52.888888888888765,65.5946180555554
,,,,183.99999999999957,68.29340277777762,72.30902777777762,68.17708333333317,51.649305555555436,54.54166666666654,52.888888888888765,65.18142361111096
,,,,183.7499999999996,69.04340277777762,72.51562499999983,79.02343749999982,51.649305555555436,54.12847222222209,52.92332175925914,64.45833333333319
,,,,,,72.51562499999983,78.61024305555537,51.649305555555436,53.71527777777765,52.92332175925914,63.631944444444294
,,,,,,72.51562499999983,78.19704861111093,51.649305555555436,53.30208333333321,52.888888888888765,63.115451388888744
,,,,,,72.51562499999983,77.78385416666649,51.649305555555436,52.888888888888765,52.92332175925914,61.60040509259245
,,,,,,72.51562499999983,77.37065972222204,51.85590277777766,67.76388888888873,52.78559027777766,61.256076388888744
,,,,,,72.51562499999983,76.9574652777776,51.85590277777766,67.35069444444429,52.888888888888765,54.748263888888765
,,,,,,72.55005787037021,67.76388888888873,51.85590277777766,66.93749999999984,52.888888888888765,54.335069444444315
,,,,,,72.51562499999983,67.24739583333317,51.85590277777766,66.5243055555554,52.888888888888765,53.92187499999987
,,,,,,72.51562499999983,66.83420138888873,51.85590277777766,66.11111111111096,52.888888888888765,53.50868055555543
,,,,,,72.51562499999983,66.47265624999984,51.85590277777766,65.28472222222207,52.888888888888765,53.095486111110986
,,,,,,72.41232638888872,66.11111111111096,51.85590277777766,64.87152777777763,52.888888888888765,52.78559027777766
,,,,,,72.51562499999983,65.69791666666652,51.85590277777766,64.45833333333319,53.095486111110986,68.3836805555554
,,,,,,72.51562499999983,65.33637152777763,51.85590277777766,64.04513888888874,53.095486111110986,67.97048611111096
,,,,,,72.72222222222206,76.44097222222204,51.85590277777766,63.631944444444294,53.095486111110986,67.55729166666652
,,,,,,72.72222222222206,76.0277777777776,51.85590277777766,63.21874999999985,53.095486111110986,67.14409722222207
,,,,,,72.72222222222206,75.61458333333316,51.85590277777766,62.80555555555541,53.095486111110986,66.73090277777763
,,,,,,72.72222222222206,75.20138888888872,51.85590277777766,62.392361111110965,53.095486111110986,62.59895833333319
,,,,,,72.61892361111094,74.89149305555539,51.85590277777766,61.97916666666652,53.095486111110986,62.185763888888744
,,,,,,72.72222222222206,70.86284722222206,51.85590277777766,61.56597222222208,53.095486111110986,55.98784722222209
,,,,,,72.72222222222206,70.44965277777762,51.85590277777766,61.15277777777764,53.095486111110986,55.57465277777765
,,,,,,72.72222222222206,70.03645833333317,51.85590277777766,60.739583333333194,53.095486111110986,55.16145833333321
,,,,,,72.72222222222206,69.62326388888873,51.85590277777766,60.32638888888875,53.30208333333321,69.62326388888873
,,,,,,72.72222222222206,69.21006944444429,51.85590277777766,59.91319444444431,53.33651620370358,66.31770833333319
,,,,,,72.72222222222206,68.79687499999984,51.85590277777766,59.499999999999865,53.30208333333321,65.80121527777763
,,,,,,72.72222222222206,68.3836805555554,51.85590277777766,59.086805555555415,53.30208333333321,65.38802083333319
,,,,,,72.92881944444427,78.8168402777776,51.85590277777766,58.67361111111097,53.30208333333321,64.97482638888874
,,,,,,72.82552083333316,78.50694444444426,51.85590277777766,58.26041666666653,53.30208333333321,64.5616319444443
,,,,,,72.82552083333316,78.09374999999982,51.85590277777766,57.847222222222086,53.30208333333321,64.14843749999986
,,,,,,72.82552083333316,77.68055555555537,51.85590277777766,57.434027777777644,53.30208333333321,63.73524305555541
,,,,,,72.82552083333316,77.26736111111093,51.85590277777766,57.0208333333332,53.30208333333321,63.322048611110965
,,,,,,72.92881944444427,76.75086805555537,51.85590277777766,56.60763888888876,53.30208333333321,62.90885416666652
,,,,,,72.96325231481465,67.97048611111096,51.85590277777766,56.194444444444315,53.33651620370358,61.7725694444443
,,,,,,72.92881944444427,67.4539930555554,51.85590277777766,55.78124999999987,53.1987847222221,61.462673611110965
,,,,,,72.92881944444427,67.04079861111096,51.85590277777766,52.47569444444432,53.30208333333321,54.748263888888765
,,,,,,72.82552083333316,66.73090277777763,51.75260416666654,52.06249999999988,53.30208333333321,54.335069444444315
,,,,,,73.03211805555539,76.23437499999983,51.75260416666654,51.649305555555436,53.30208333333321,53.92187499999987
,,,,,,73.03211805555539,75.82118055555539,51.85590277777766,51.23611111111099,53.30208333333321,53.50868055555543
,,,,,,73.03211805555539,75.40798611111093,51.85590277777766,50.92621527777766,53.30208333333321,53.095486111110986
,,,,,,73.1354166666665,70.65624999999983,52.06249999999988,69.00347222222206,53.30208333333321,52.78559027777766
,,,,,,73.1354166666665,70.24305555555539,52.06249999999988,68.59027777777762,53.50868055555543,68.59027777777762
,,,,,,73.1354166666665,69.82986111111094,52.06249999999988,68.17708333333317,53.50868055555543,68.17708333333317
,,,,,,73.1354166666665,69.4166666666665,52.06249999999988,65.69791666666652,53.50868055555543,67.76388888888873
,,,,,,73.1354166666665,69.00347222222206,52.06249999999988,55.36805555555543,53.50868055555543,67.35069444444429
,,,,,,73.1354166666665,68.59027777777762,52.06249999999988,54.954861111110986,53.50868055555543,66.93749999999984
,,,,,,73.34201388888872,68.17708333333317,52.06249999999988,54.54166666666654,53.50868055555543,62.392361111110965
,,,,,,73.34201388888872,67.76388888888873,52.06249999999988,54.12847222222209,53.50868055555543,55.98784722222209
,,,,,,73.34201388888872,67.35069444444429,52.06249999999988,53.71527777777765,53.50868055555543,55.57465277777765
,,,,,,73.34201388888872,67.04079861111096,52.06249999999988,53.30208333333321,53.50868055555543,55.16145833333321
,,,,,,73.54861111111094,70.65624999999983,52.06249999999988,52.888888888888765,53.71527777777765,66.5243055555554
,,,,,,73.54861111111094,70.24305555555539,52.2690972222221,70.24305555555539,53.71527777777765,66.11111111111096
,,,,,,73.54861111111094,69.82986111111094,52.2690972222221,69.82986111111094,53.71527777777765,65.69791666666652
,,,,,,73.54861111111094,69.4166666666665,52.2690972222221,69.4166666666665,53.71527777777765,65.28472222222207
,,,,,,73.54861111111094,69.00347222222206,52.2690972222221,67.76388888888873,53.71527777777765,64.87152777777763
,,,,,,73.54861111111094,68.59027777777762,52.2690972222221,67.35069444444429,53.71527777777765,64.45833333333319
,,,,,,73.78964120370354,68.17708333333317,52.2690972222221,66.93749999999984,53.71527777777765,64.04513888888874
,,,,,,73.75520833333316,67.66059027777762,52.2690972222221,66.5243055555554,53.71527777777765,63.631944444444294
,,,,,,73.75520833333316,67.29904513888873,52.2690972222221,66.11111111111096,53.71527777777765,63.21874999999985
,,,,,,73.96180555555539,70.44965277777762,52.2690972222221,65.28472222222207,53.71527777777765,62.80555555555541
,,,,,,73.96180555555539,70.03645833333317,52.2690972222221,64.87152777777763,53.71527777777765,61.97916666666652
,,,,,,73.96180555555539,69.62326388888873,52.2690972222221,64.45833333333319,53.71527777777765,61.56597222222208
,,,,,,73.96180555555539,69.21006944444429,52.2690972222221,64.04513888888874,53.71527777777765,61.256076388888744
,,,,,,73.96180555555539,68.79687499999984,52.2690972222221,63.631944444444294,53.71527777777765,54.748263888888765
,,,,,,74.1684027777776,68.3836805555554,52.2690972222221,63.21874999999985,53.71527777777765,54.335069444444315
,,,,,,74.1684027777776,67.97048611111096,52.2690972222221,62.80555555555541,53.71527777777765,53.92187499999987
,,,,,,74.1684027777776,67.55729166666652,52.2690972222221,62.392361111110965,53.71527777777765,53.50868055555543
,,,,,,74.1684027777776,67.24739583333317,52.2690972222221,61.97916666666652,53.71527777777765,53.095486111110986
,,,,,,74.4094328703702,70.44965277777762,52.2690972222221,61.56597222222208,53.71527777777765,52.78559027777766
,,,,,,74.37499999999983,69.93315972222206,52.2690972222221,61.15277777777764,53.92187499999987,68.4869791666665
,,,,,,74.37499999999983,69.51996527777762,52.2690972222221,60.739583333333194,53.92187499999987,68.07378472222206
,,,,,,74.37499999999983,69.10677083333317,52.2690972222221,60.32638888888875,53.92187499999987,67.66059027777762
,,,,,,74.37499999999983,68.69357638888873,52.2690972222221,59.91319444444431,53.92187499999987,67.24739583333317
,,,,,,74.58159722222204,68.17708333333317,52.2690972222221,59.499999999999865,53.92187499999987,66.83420138888873
,,,,,,74.58159722222204,67.76388888888873,52.2690972222221,59.086805555555415,53.956307870370246,62.392361111110965
,,,,,,74.58159722222204,67.35069444444429,52.2690972222221,58.67361111111097,53.92187499999987,55.98784722222209
,,,,,,74.58159722222204,67.04079861111096,52.2690972222221,58.26041666666653,53.92187499999987,55.57465277777765
,,,,,,74.78819444444427,70.65624999999983,52.2690972222221,57.847222222222086,53.92187499999987,55.16145833333321
,,,,,,74.78819444444427,70.24305555555539,52.2690972222221,57.434027777777644,54.12847222222209,66.31770833333319
,,,,,,74.78819444444427,69.82986111111094,52.2690972222221,57.0208333333332,54.12847222222209,65.90451388888873
,,,,,,74.78819444444427,69.4166666666665,52.2690972222221,56.60763888888876,54.12847222222209,65.49131944444429
,,,,,,74.78819444444427,69.00347222222206,52.2690972222221,56.194444444444315,54.12847222222209,65.07812499999984
,,,,,,74.78819444444427,68.59027777777762,52.2690972222221,55.78124999999987,54.12847222222209,64.6649305555554
,,,,,,75.02922453703687,68.17708333333317,52.47569444444432,69.00347222222206,54.12847222222209,64.25173611111096
,,,,,,74.99479166666649,67.66059027777762,52.47569444444432,68.59027777777762,54.12847222222209,63.838541666666515
,,,,,,74.99479166666649,67.24739583333317,52.47569444444432,68.17708333333317,54.12847222222209,63.42534722222207
,,,,,,74.99479166666649,66.93749999999984,52.47569444444432,65.69791666666652,54.12847222222209,63.01215277777763
,,,,,,75.23582175925908,70.86284722222206,52.47569444444432,55.36805555555543,54.12847222222209,61.7725694444443
,,,,,,75.20138888888872,70.3463541666665,52.47569444444432,54.954861111110986,54.12847222222209,61.35937499999986
,,,,,,75.20138888888872,69.93315972222206,52.47569444444432,54.54166666666654,54.12847222222209,54.748263888888765
,,,,,,75.20138888888872,69.51996527777762,52.47569444444432,54.12847222222209,54.12847222222209,54.335069444444315
,,,,,,75.20138888888872,69.10677083333317,52.47569444444432,53.71527777777765,54.12847222222209,53.92187499999987
,,,,,,75.20138888888872,68.69357638888873,52.47569444444432,53.30208333333321,54.12847222222209,53.50868055555543
,,,,,,75.20138888888872,63.1671006944443,52.47569444444432,52.888888888888765,54.12847222222209,53.095486111110986
,,,,,,75.40798611111093,68.17708333333317,52.71672453703691,70.24305555555539,54.12847222222209,52.78559027777766
,,,,,,75.40798611111093,67.76388888888873,52.68229166666654,69.72656249999984,54.335069444444315,68.3836805555554
,,,,,,75.40798611111093,67.35069444444429,52.68229166666654,69.3133680555554,54.23177083333321,67.97048611111096
,,,,,,75.40798611111093,66.93749999999984,52.71672453703691,67.76388888888873,54.335069444444315,67.4539930555554
,,,,,,75.40798611111093,66.62760416666652,52.68229166666654,67.24739583333317,54.335069444444315,67.04079861111096
,,,,,,75.40798611111093,63.631944444444294,52.68229166666654,66.83420138888873,54.335069444444315,66.62760416666652
,,,,,,75.40798611111093,62.80555555555541,52.68229166666654,66.42100694444429,54.369502314814696,62.59895833333319
,,,,,,75.64901620370354,71.06944444444429,52.68229166666654,66.00781249999984,54.335069444444315,62.08246527777764
,,,,,,75.61458333333316,70.55295138888873,52.71672453703691,65.28472222222207,54.335069444444315,55.98784722222209
,,,,,,75.61458333333316,70.13975694444429,52.68229166666654,64.76822916666652,54.335069444444315,55.57465277777765
,,,,,,75.61458333333316,69.72656249999984,52.68229166666654,64.35503472222207,54.335069444444315,55.16145833333321
,,,,,,75.61458333333316,69.3133680555554,52.68229166666654,63.94184027777763,54.43836805555543,69.62326388888873
,,,,,,75.61458333333316,68.90017361111096,52.68229166666654,63.52864583333319,54.54166666666654,66.11111111111096
,,,,,,75.61458333333316,68.4869791666665,52.68229166666654,63.115451388888744,54.54166666666654,65.69791666666652
,,,,,,75.61458333333316,64.87152777777763,52.68229166666654,62.7022569444443,54.54166666666654,65.28472222222207
,,,,,,75.61458333333316,64.45833333333319,52.68229166666654,62.28906249999986,54.54166666666654,64.87152777777763
,,,,,,75.61458333333316,64.04513888888874,52.68229166666654,61.875868055555415,54.54166666666654,64.45833333333319
,,,,,,75.61458333333316,63.21874999999985,52.68229166666654,61.462673611110965,54.54166666666654,64.04513888888874
,,,,,,75.82118055555539,67.97048611111096,52.68229166666654,61.04947916666652,54.43836805555543,63.73524305555541
,,,,,,75.82118055555539,67.55729166666652,52.68229166666654,60.63628472222208,54.57609953703692,63.21874999999985
,,,,,,75.82118055555539,67.14409722222207,52.68229166666654,60.22309027777764,54.57609953703692,61.56597222222208
,,,,,,75.82118055555539,66.73090277777763,52.68229166666654,59.86154513888875,54.54166666666654,61.15277777777764
,,,,,,75.85561342592575,65.28472222222207,52.578993055555436,59.499999999999865,54.54166666666654,54.64496527777765
,,,,,,75.85561342592575,63.631944444444294,52.68229166666654,59.086805555555415,54.54166666666654,54.23177083333321
,,,,,,75.85561342592575,62.80555555555541,52.68229166666654,58.67361111111097,54.54166666666654,53.818576388888765
,,,,,,75.82118055555539,62.392361111110965,52.68229166666654,58.26041666666653,54.54166666666654,53.40538194444432
,,,,,,76.0277777777776,71.17274305555539,52.68229166666654,57.847222222222086,54.54166666666654,52.99218749999988
,,,,,,76.0277777777776,70.75954861111094,52.68229166666654,57.434027777777644,54.43836805555543,52.78559027777766
,,,,,,76.0277777777776,70.3463541666665,52.68229166666654,57.0208333333332,54.748263888888765,68.4869791666665
,,,,,,76.0277777777776,69.93315972222206,52.68229166666654,56.60763888888876,54.748263888888765,68.07378472222206
,,,,,,76.0277777777776,69.51996527777762,52.68229166666654,56.194444444444315,54.748263888888765,67.66059027777762
,,,,,,76.0277777777776,69.10677083333317,52.68229166666654,55.78124999999987,54.748263888888765,67.24739583333317
,,,,,,76.0277777777776,68.69357638888873,52.888888888888765,68.79687499999984,54.748263888888765,66.83420138888873
,,,,,,76.0277777777776,68.28038194444429,52.888888888888765,68.3836805555554,54.748263888888765,66.42100694444429
,,,,,,76.06221064814798,66.31770833333319,52.888888888888765,55.36805555555543,54.748263888888765,62.59895833333319
,,,,,,76.0277777777776,65.80121527777763,52.888888888888765,54.954861111110986,54.748263888888765,62.185763888888744
,,,,,,76.06221064814798,64.6649305555554,52.888888888888765,54.54166666666654,54.78269675925914,55.98784722222209
,,,,,,76.0277777777776,64.14843749999986,52.888888888888765,54.12847222222209,54.748263888888765,55.471354166666536
,,,,,,76.23437499999983,67.76388888888873,52.888888888888765,53.71527777777765,54.64496527777765,55.264756944444315
,,,,,,76.23437499999983,67.35069444444429,52.888888888888765,53.30208333333321,54.954861111110986,65.90451388888873
,,,,,,76.23437499999983,66.93749999999984,52.888888888888765,52.888888888888765,54.954861111110986,65.49131944444429
,,,,,,76.23437499999983,65.28472222222207,53.095486111110986,70.44965277777762,54.954861111110986,65.07812499999984
,,,,,,76.23437499999983,63.631944444444294,53.095486111110986,70.03645833333317,54.954861111110986,64.6649305555554
,,,,,,76.23437499999983,63.21874999999985,53.095486111110986,69.62326388888873,54.954861111110986,64.25173611111096
,,,,,,76.23437499999983,62.80555555555541,53.095486111110986,69.21006944444429,54.954861111110986,63.94184027777763
,,,,,,76.23437499999983,62.392361111110965,53.095486111110986,67.97048611111096,54.954861111110986,63.42534722222207
,,,,,,76.23437499999983,62.03081597222208,53.095486111110986,67.55729166666652,54.954861111110986,63.01215277777763
,,,,,,76.44097222222204,71.06944444444429,53.095486111110986,67.14409722222207,54.954861111110986,61.7725694444443
,,,,,,76.44097222222204,70.65624999999983,53.095486111110986,66.73090277777763,54.954861111110986,61.35937499999986
,,,,,,76.44097222222204,70.24305555555539,53.095486111110986,66.31770833333319,54.954861111110986,61.04947916666652
,,,,,,76.44097222222204,69.82986111111094,53.095486111110986,65.90451388888873,54.98929398148136,54.954861111110986
,,,,,,76.44097222222204,69.4166666666665,53.095486111110986,65.49131944444429,54.954861111110986,54.43836805555543
,,,,,,76.44097222222204,69.00347222222206,53.095486111110986,65.07812499999984,54.954861111110986,54.025173611110986
,,,,,,76.44097222222204,68.59027777777762,53.095486111110986,64.6649305555554,54.954861111110986,53.61197916666654
,,,,,,76.44097222222204,68.17708333333317,53.095486111110986,64.25173611111096,54.954861111110986,53.1987847222221
,,,,,,76.44097222222204,66.5243055555554,53.095486111110986,63.838541666666515,54.954861111110986,52.78559027777766
,,,,,,76.44097222222204,66.11111111111096,53.095486111110986,63.42534722222207,54.954861111110986,52.372395833333215
,,,,,,76.44097222222204,65.69791666666652,53.095486111110986,63.01215277777763,54.954861111110986,51.959201388888765
,,,,,,76.44097222222204,64.87152777777763,53.095486111110986,62.59895833333319,54.954861111110986,51.54600694444432
,,,,,,76.44097222222204,64.45833333333319,53.095486111110986,62.185763888888744,54.954861111110986,51.13281249999988
,,,,,,76.44097222222204,64.04513888888874,53.095486111110986,61.7725694444443,54.85156249999987,50.92621527777766
,,,,,,76.64756944444427,67.76388888888873,53.095486111110986,61.35937499999986,55.16145833333321,68.3836805555554
,,,,,,76.64756944444427,67.35069444444429,53.095486111110986,60.946180555555415,55.16145833333321,67.97048611111096
,,,,,,76.64756944444427,66.93749999999984,53.095486111110986,60.53298611111097,55.16145833333321,67.55729166666652
,,,,,,76.54427083333316,65.28472222222207,53.095486111110986,56.91753472222209,55.16145833333321,67.14409722222207
,,,,,,76.64756944444427,63.631944444444294,53.095486111110986,56.504340277777644,55.16145833333321,66.73090277777763
,,,,,,76.64756944444427,63.21874999999985,53.095486111110986,56.0911458333332,55.16145833333321,66.31770833333319
,,,,,,76.64756944444427,62.80555555555541,53.095486111110986,55.67795138888876,55.16145833333321,62.59895833333319
,,,,,,76.64756944444427,62.392361111110965,53.30208333333321,68.79687499999984,55.16145833333321,62.185763888888744
,,,,,,76.64756944444427,61.97916666666652,53.30208333333321,68.3836805555554,55.16145833333321,56.03949652777765
,,,,,,76.64756944444427,61.56597222222208,53.30208333333321,55.16145833333321,55.05815972222209,55.57465277777765
,,,,,,76.85416666666649,71.06944444444429,53.30208333333321,54.748263888888765,55.36805555555543,66.00781249999984
,,,,,,76.85416666666649,70.65624999999983,53.30208333333321,54.335069444444315,55.36805555555543,65.38802083333319
,,,,,,76.85416666666649,70.24305555555539,53.30208333333321,53.92187499999987,55.36805555555543,64.97482638888874
,,,,,,76.85416666666649,69.82986111111094,53.30208333333321,53.50868055555543,55.36805555555543,64.5616319444443
,,,,,,76.85416666666649,69.4166666666665,53.30208333333321,53.095486111110986,55.36805555555543,64.14843749999986
,,,,,,76.85416666666649,69.00347222222206,53.30208333333321,52.78559027777766,55.264756944444315,63.94184027777763
,,,,,,76.85416666666649,68.59027777777762,53.50868055555543,70.44965277777762,55.4024884259258,63.42534722222207
,,,,,,76.85416666666649,68.17708333333317,53.50868055555543,70.03645833333317,55.36805555555543,62.90885416666652
,,,,,,76.75086805555537,66.5243055555554,53.50868055555543,69.62326388888873,55.4024884259258,61.7725694444443
,,,,,,76.75086805555537,65.80121527777763,53.50868055555543,69.21006944444429,55.36805555555543,61.256076388888744
,,,,,,76.85416666666649,64.76822916666652,53.50868055555543,67.97048611111096,55.264756944444315,61.04947916666652
,,,,,,76.85416666666649,64.35503472222207,53.50868055555543,67.55729166666652,55.36805555555543,54.954861111110986
,,,,,,76.85416666666649,63.94184027777763,53.50868055555543,67.14409722222207,55.36805555555543,54.54166666666654
,,,,,,76.88859953703687,61.22164351851837,53.50868055555543,66.73090277777763,55.36805555555543,54.12847222222209
,,,,,,77.06076388888872,67.76388888888873,53.50868055555543,66.31770833333319,55.36805555555543,53.71527777777765
,,,,,,76.9574652777776,67.35069444444429,53.50868055555543,65.90451388888873,55.36805555555543,53.30208333333321
,,,,,,76.9574652777776,66.93749999999984,53.50868055555543,65.49131944444429,55.36805555555543,52.888888888888765
,,,,,,77.06076388888872,63.42534722222207,53.50868055555543,65.07812499999984,55.36805555555543,52.47569444444432
,,,,,,77.06076388888872,63.01215277777763,53.50868055555543,64.6649305555554,55.36805555555543,52.06249999999988
,,,,,,77.06076388888872,62.59895833333319,53.50868055555543,64.25173611111096,55.36805555555543,51.649305555555436
,,,,,,77.06076388888872,62.185763888888744,53.50868055555543,63.838541666666515,55.36805555555543,51.23611111111099
,,,,,,77.06076388888872,61.7725694444443,53.50868055555543,63.42534722222207,55.36805555555543,50.92621527777766
,,,,,,77.26736111111093,70.96614583333317,53.50868055555543,63.01215277777763,55.57465277777765,68.3836805555554
,,,,,,77.26736111111093,70.55295138888873,53.50868055555543,62.59895833333319,55.57465277777765,67.97048611111096
,,,,,,77.26736111111093,70.13975694444429,53.50868055555543,62.185763888888744,55.57465277777765,67.4539930555554
,,,,,,77.26736111111093,69.72656249999984,53.50868055555543,61.7725694444443,55.57465277777765,67.04079861111096
,,,,,,77.26736111111093,69.3133680555554,53.50868055555543,61.35937499999986,55.57465277777765,66.62760416666652
,,,,,,77.26736111111093,68.90017361111096,53.50868055555543,60.946180555555415,55.57465277777765,66.21440972222207
,,,,,,77.26736111111093,68.53862847222206,53.50868055555543,60.53298611111097,55.609085648148024,62.392361111110965
,,,,,,77.16406249999982,68.17708333333317,53.50868055555543,56.81423611111098,55.57465277777765,56.0911458333332
,,,,,,77.26736111111093,64.6649305555554,53.50868055555543,56.401041666666536,55.78124999999987,65.49131944444429
,,,,,,77.26736111111093,64.25173611111096,53.50868055555543,55.98784722222209,55.78124999999987,65.07812499999984
,,,,,,77.26736111111093,63.838541666666515,53.50868055555543,55.57465277777765,55.78124999999987,64.6649305555554
,,,,,,77.26736111111093,61.35937499999986,53.71527777777765,68.79687499999984,55.78124999999987,64.25173611111096
,,,,,,77.26736111111093,60.99782986111097,53.71527777777765,68.3836805555554,55.78124999999987,63.94184027777763
,,,,,,77.50839120370352,63.42534722222207,53.71527777777765,55.16145833333321,55.78124999999987,63.42534722222207
,,,,,,77.47395833333316,62.90885416666652,53.71527777777765,54.748263888888765,55.78124999999987,63.01215277777763
,,,,,,77.47395833333316,62.49565972222208,53.71527777777765,54.335069444444315,55.78124999999987,61.7725694444443
,,,,,,77.47395833333316,62.08246527777764,53.71527777777765,53.92187499999987,55.78124999999987,61.35937499999986
,,,,,,77.47395833333316,61.669270833333194,53.71527777777765,53.50868055555543,55.78124999999987,61.04947916666652
,,,,,,77.68055555555537,70.86284722222206,53.71527777777765,53.095486111110986,55.78124999999987,54.954861111110986
,,,,,,77.68055555555537,70.44965277777762,53.71527777777765,52.78559027777766,55.78124999999987,54.54166666666654
,,,,,,77.68055555555537,70.03645833333317,53.92187499999987,70.44965277777762,55.78124999999987,54.12847222222209
,,,,,,77.68055555555537,69.62326388888873,53.92187499999987,70.03645833333317,55.78124999999987,53.71527777777765
,,,,,,77.68055555555537,69.21006944444429,53.92187499999987,69.62326388888873,55.78124999999987,53.30208333333321
,,,,,,77.68055555555537,68.79687499999984,53.92187499999987,69.21006944444429,55.78124999999987,52.888888888888765
,,,,,,77.57725694444426,68.4869791666665,53.92187499999987,67.97048611111096,55.78124999999987,52.47569444444432
,,,,,,77.68055555555537,64.45833333333319,53.92187499999987,67.55729166666652,55.78124999999987,52.06249999999988
,,,,,,77.68055555555537,64.04513888888874,53.92187499999987,67.14409722222207,55.78124999999987,51.649305555555436
,,,,,,77.68055555555537,61.15277777777764,53.92187499999987,66.73090277777763,55.78124999999987,51.23611111111099
,,,,,,77.68055555555537,60.8428819444443,53.92187499999987,66.31770833333319,55.78124999999987,50.92621527777766
,,,,,,77.8871527777776,63.631944444444294,53.92187499999987,65.90451388888873,55.98784722222209,68.3836805555554
,,,,,,77.8871527777776,63.21874999999985,53.92187499999987,65.49131944444429,55.98784722222209,67.97048611111096
,,,,,,77.8871527777776,62.80555555555541,53.92187499999987,65.07812499999984,55.98784722222209,67.55729166666652
,,,,,,77.8871527777776,62.392361111110965,53.92187499999987,64.6649305555554,55.98784722222209,67.14409722222207
,,,,,,77.8871527777776,61.97916666666652,53.92187499999987,64.25173611111096,55.98784722222209,66.73090277777763
,,,,,,77.8871527777776,61.56597222222208,53.92187499999987,63.838541666666515,55.98784722222209,66.31770833333319
,,,,,,78.09374999999982,70.75954861111094,53.92187499999987,63.42534722222207,55.98784722222209,65.95616319444429
,,,,,,78.09374999999982,70.3463541666665,53.92187499999987,63.01215277777763,55.98784722222209,62.59895833333319
,,,,,,78.09374999999982,69.93315972222206,53.92187499999987,62.59895833333319,55.98784722222209,62.185763888888744
,,,,,,78.09374999999982,69.51996527777762,53.92187499999987,62.185763888888744,55.98784722222209,56.03949652777765
,,,,,,78.09374999999982,69.10677083333317,53.92187499999987,61.7725694444443,56.194444444444315,65.49131944444429
,,,,,,77.9904513888887,68.79687499999984,53.92187499999987,61.35937499999986,56.194444444444315,65.07812499999984
,,,,,,78.09374999999982,64.45833333333319,53.92187499999987,60.946180555555415,56.194444444444315,64.6649305555554
,,,,,,78.09374999999982,64.04513888888874,53.92187499999987,60.53298611111097,56.194444444444315,64.25173611111096
,,,,,,78.09374999999982,61.15277777777764,53.92187499999987,60.22309027777764,56.194444444444315,63.838541666666515
,,,,,,78.09374999999982,60.8428819444443,53.956307870370246,56.81423611111098,56.194444444444315,63.42534722222207
,,,,,,78.30034722222204,63.631944444444294,53.92187499999987,56.29774305555542,56.194444444444315,63.01215277777763
,,,,,,78.30034722222204,63.21874999999985,53.92187499999987,55.88454861111098,56.194444444444315,61.7725694444443
,,,,,,78.30034722222204,62.80555555555541,53.92187499999987,55.471354166666536,56.194444444444315,61.35937499999986
,,,,,,78.30034722222204,62.392361111110965,54.12847222222209,68.79687499999984,56.194444444444315,61.04947916666652
,,,,,,78.30034722222204,61.97916666666652,54.12847222222209,68.3836805555554,56.22887731481469,54.954861111110986
,,,,,,78.30034722222204,61.56597222222208,54.12847222222209,54.954861111110986,56.194444444444315,54.43836805555543
,,,,,,78.50694444444426,70.65624999999983,54.12847222222209,54.54166666666654,56.194444444444315,54.025173611110986
,,,,,,78.50694444444426,70.24305555555539,54.12847222222209,54.12847222222209,56.194444444444315,53.61197916666654
,,,,,,78.50694444444426,69.82986111111094,54.12847222222209,53.71527777777765,56.194444444444315,53.1987847222221
,,,,,,78.50694444444426,69.4166666666665,54.12847222222209,53.30208333333321,56.194444444444315,52.78559027777766
,,,,,,78.50694444444426,69.05512152777762,54.12847222222209,52.888888888888765,56.0911458333332,52.47569444444432
,,,,,,78.50694444444426,64.45833333333319,54.335069444444315,70.44965277777762,56.0911458333332,52.16579861111099
,,,,,,78.50694444444426,64.04513888888874,54.335069444444315,70.03645833333317,56.194444444444315,51.02951388888877
,,,,,,78.50694444444426,61.15277777777764,54.335069444444315,69.62326388888873,56.401041666666536,68.28038194444429
,,,,,,78.50694444444426,60.8428819444443,54.335069444444315,69.21006944444429,56.401041666666536,67.86718749999984
,,,,,,78.71354166666649,63.631944444444294,54.335069444444315,67.97048611111096,56.29774305555542,67.55729166666652
,,,,,,78.71354166666649,63.21874999999985,54.335069444444315,67.55729166666652,56.29774305555542,67.14409722222207
,,,,,,78.71354166666649,62.80555555555541,54.335069444444315,67.14409722222207,56.401041666666536,66.73090277777763
,,,,,,78.71354166666649,62.392361111110965,54.335069444444315,66.73090277777763,56.401041666666536,66.31770833333319
,,,,,,78.71354166666649,61.97916666666652,54.335069444444315,66.31770833333319,56.401041666666536,65.90451388888873
,,,,,,78.71354166666649,61.56597222222208,54.335069444444315,65.90451388888873,56.401041666666536,62.59895833333319
,,,,,,78.9201388888887,70.55295138888873,54.335069444444315,65.49131944444429,56.401041666666536,62.185763888888744
,,,,,,78.9201388888887,70.13975694444429,54.335069444444315,65.07812499999984,56.401041666666536,56.194444444444315
,,,,,,78.9201388888887,69.72656249999984,54.335069444444315,64.6649305555554,56.401041666666536,55.83289930555543
,,,,,,78.9201388888887,69.36501736111094,54.335069444444315,64.25173611111096,56.60763888888876,65.49131944444429
,,,,,,78.9201388888887,64.45833333333319,54.335069444444315,63.838541666666515,56.60763888888876,65.07812499999984
,,,,,,78.9201388888887,64.04513888888874,54.335069444444315,63.42534722222207,56.60763888888876,64.6649305555554
,,,,,,78.9201388888887,61.15277777777764,54.335069444444315,63.01215277777763,56.60763888888876,64.25173611111096
,,,,,,78.9201388888887,60.8428819444443,54.335069444444315,62.59895833333319,56.60763888888876,63.838541666666515
,,,,,,79.12673611111093,63.631944444444294,54.335069444444315,62.185763888888744,56.60763888888876,63.42534722222207
,,,,,,79.12673611111093,63.21874999999985,54.335069444444315,61.7725694444443,56.60763888888876,63.01215277777763
,,,,,,79.12673611111093,62.80555555555541,54.335069444444315,61.35937499999986,56.60763888888876,61.7725694444443
,,,,,,79.12673611111093,62.392361111110965,54.335069444444315,60.946180555555415,56.60763888888876,61.35937499999986
,,,,,,79.12673611111093,61.97916666666652,54.335069444444315,60.53298611111097,56.504340277777644,60.946180555555415
,,,,,,79.12673611111093,61.56597222222208,54.335069444444315,60.11979166666653,56.60763888888876,54.954861111110986
,,,,,,79.33333333333314,64.45833333333319,54.335069444444315,59.706597222222086,56.60763888888876,54.54166666666654
,,,,,,79.33333333333314,64.04513888888874,54.335069444444315,59.345052083333194,56.60763888888876,54.12847222222209
,,,,,,79.33333333333314,61.15277777777764,54.369502314814696,57.434027777777644,56.60763888888876,53.71527777777765
,,,,,,79.33333333333314,60.8428819444443,54.335069444444315,56.91753472222209,56.60763888888876,53.30208333333321
,,,,,,79.53993055555537,63.631944444444294,54.335069444444315,56.504340277777644,56.60763888888876,52.888888888888765
,,,,,,79.53993055555537,63.21874999999985,54.335069444444315,56.0911458333332,56.504340277777644,52.578993055555436
,,,,,,79.53993055555537,62.80555555555541,54.335069444444315,55.67795138888876,56.81423611111098,66.73090277777763
,,,,,,79.53993055555537,62.392361111110965,54.335069444444315,55.264756944444315,56.81423611111098,66.31770833333319
,,,,,,79.53993055555537,61.97916666666652,54.57609953703692,68.79687499999984,56.81423611111098,65.90451388888873
,,,,,,79.53993055555537,61.56597222222208,54.54166666666654,68.28038194444429,56.81423611111098,62.59895833333319
,,,,,,79.74652777777759,64.45833333333319,54.57609953703692,58.880208333333194,56.81423611111098,62.185763888888744
,,,,,,79.74652777777759,64.04513888888874,54.54166666666654,58.363715277777644,57.0208333333332,65.49131944444429
,,,,,,79.74652777777759,61.15277777777764,54.54166666666654,57.9505208333332,57.0208333333332,65.07812499999984
,,,,,,79.74652777777759,60.8428819444443,54.57609953703692,54.748263888888765,57.0208333333332,64.6649305555554
,,,,,,79.95312499999982,63.631944444444294,54.54166666666654,54.23177083333321,57.0208333333332,64.25173611111096
,,,,,,79.95312499999982,63.21874999999985,54.54166666666654,53.818576388888765,57.0208333333332,63.73524305555541
,,,,,,79.95312499999982,62.80555555555541,54.54166666666654,53.40538194444432,57.0208333333332,63.322048611110965
,,,,,,79.95312499999982,62.392361111110965,54.54166666666654,52.99218749999988,57.0208333333332,62.90885416666652
,,,,,,79.95312499999982,61.97916666666652,54.43836805555543,52.78559027777766,57.0208333333332,61.720920138888744
,,,,,,79.95312499999982,61.56597222222208,54.748263888888765,70.55295138888873,56.91753472222209,61.462673611110965
,,,,,,80.15972222222203,64.45833333333319,54.748263888888765,70.13975694444429,57.0208333333332,54.85156249999987
,,,,,,80.15972222222203,64.04513888888874,54.748263888888765,69.72656249999984,57.0208333333332,54.43836805555543
,,,,,,80.15972222222203,61.15277777777764,54.748263888888765,69.3133680555554,57.0208333333332,54.025173611110986
,,,,,,80.40075231481464,63.631944444444294,54.78269675925914,67.76388888888873,57.0208333333332,53.61197916666654
,,,,,,80.36631944444426,63.115451388888744,54.748263888888765,67.24739583333317,57.0208333333332,53.1987847222221
,,,,,,80.36631944444426,62.7022569444443,54.748263888888765,66.83420138888873,57.0208333333332,52.83723958333321
,,,,,,80.36631944444426,62.28906249999986,54.748263888888765,66.42100694444429,57.22743055555542,66.73090277777763
,,,,,,80.36631944444426,61.875868055555415,54.748263888888765,66.00781249999984,57.22743055555542,66.31770833333319
,,,,,,80.36631944444426,61.462673611110965,54.748263888888765,65.5946180555554,57.22743055555542,65.90451388888873
,,,,,,80.57291666666649,64.14843749999986,54.748263888888765,65.18142361111096,57.22743055555542,62.44401041666652
,,,,,,80.57291666666649,61.10112847222208,54.748263888888765,64.76822916666652,57.434027777777644,65.49131944444429
,,,,,,80.67621527777759,63.73524305555541,54.748263888888765,64.35503472222207,57.434027777777644,65.07812499999984
,,,,,,80.7795138888887,62.7022569444443,54.748263888888765,63.94184027777763,57.434027777777644,64.6649305555554
,,,,,,80.7795138888887,62.28906249999986,54.748263888888765,63.52864583333319,57.434027777777644,64.35503472222207
,,,,,,80.7795138888887,61.875868055555415,54.748263888888765,63.115451388888744,57.434027777777644,63.52864583333319
,,,,,,80.7795138888887,61.51432291666652,54.748263888888765,62.7022569444443,57.434027777777644,63.115451388888744
,,,,,,153.9149305555552,63.73524305555541,54.748263888888765,62.28906249999986,57.434027777777644,62.75390624999986
,,,,,,154.43142361111074,77.57725694444426,54.748263888888765,61.875868055555415,57.434027777777644,54.64496527777765
,,,,,,155.36111111111074,79.02343749999982,54.748263888888765,61.462673611110965,57.434027777777644,54.23177083333321
,,,,,,155.36111111111074,78.04210069444426,54.748263888888765,61.04947916666652,57.434027777777644,53.818576388888765
,,,,,,155.36111111111074,67.76388888888873,54.748263888888765,60.63628472222208,57.434027777777644,53.40538194444432
,,,,,,155.60214120370333,68.17708333333317,54.748263888888765,60.22309027777764,57.434027777777644,52.99218749999988
,,,,,,155.60214120370333,67.35069444444429,54.748263888888765,59.809895833333194,57.330729166666536,52.78559027777766
,,,,,,155.80873842592555,80.15972222222203,54.748263888888765,59.39670138888875,57.640624999999865,66.73090277777763
,,,,,,155.7743055555552,78.9201388888887,54.78269675925914,57.434027777777644,57.640624999999865,66.31770833333319
,,,,,,155.6710069444441,78.09374999999982,54.748263888888765,56.91753472222209,57.640624999999865,65.90451388888873
,,,,,,155.9809027777774,68.3836805555554,54.748263888888765,56.504340277777644,57.847222222222086,65.49131944444429
,,,,,,155.9809027777774,67.97048611111096,54.748263888888765,56.0911458333332,57.847222222222086,65.07812499999984
,,,,,,155.9809027777774,67.55729166666652,54.748263888888765,55.67795138888876,57.847222222222086,64.6649305555554
,,,,,,155.9809027777774,67.14409722222207,54.748263888888765,55.264756944444315,57.847222222222086,64.30338541666652
,,,,,,156.22193287037,80.36631944444426,54.954861111110986,68.79687499999984,57.847222222222086,63.42534722222207
,,,,,,156.18749999999963,79.8498263888887,54.954861111110986,68.3836805555554,57.847222222222086,63.01215277777763
,,,,,,156.08420138888852,79.64322916666649,54.954861111110986,58.880208333333194,57.847222222222086,53.87022569444432
,,,,,,156.18749999999963,78.9201388888887,54.954861111110986,58.46701388888875,57.847222222222086,53.40538194444432
,,,,,,156.18749999999963,78.50694444444426,54.954861111110986,58.05381944444431,57.847222222222086,52.99218749999988
,,,,,,156.39409722222186,79.33333333333314,54.954861111110986,54.748263888888765,57.74392361111098,52.78559027777766
,,,,,,156.39409722222186,77.57725694444426,54.954861111110986,54.335069444444315,58.05381944444431,66.73090277777763
,,,,,,156.39409722222186,68.59027777777762,54.954861111110986,53.92187499999987,58.05381944444431,66.31770833333319
,,,,,,156.39409722222186,68.17708333333317,54.954861111110986,53.50868055555543,58.05381944444431,65.90451388888873
,,,,,,156.39409722222186,67.76388888888873,54.954861111110986,53.095486111110986,58.05381944444431,63.838541666666515
,,,,,,156.39409722222186,67.35069444444429,54.954861111110986,52.68229166666654,58.05381944444431,61.7725694444443
,,,,,,156.39409722222186,67.04079861111096,54.954861111110986,52.2690972222221,57.9505208333332,54.43836805555543
,,,,,,156.63512731481444,80.57291666666649,55.16145833333321,70.3463541666665,58.2948495370369,65.49131944444429
,,,,,,156.6006944444441,80.05642361111093,55.16145833333321,69.93315972222206,58.26041666666653,64.97482638888874
,,,,,,156.6006944444441,79.64322916666649,55.16145833333321,69.51996527777762,58.26041666666653,64.5616319444443
,,,,,,156.63512731481444,78.9201388888887,55.16145833333321,69.10677083333317,58.26041666666653,64.14843749999986
,,,,,,156.6006944444441,78.40364583333316,55.19589120370358,67.97048611111096,58.2948495370369,63.42534722222207
,,,,,,156.49739583333297,78.19704861111093,55.16145833333321,67.4539930555554,58.15711805555542,63.115451388888744
,,,,,,156.80729166666632,77.8871527777776,55.16145833333321,67.04079861111096,58.15711805555542,53.095486111110986
,,,,,,156.80729166666632,77.52560763888872,55.16145833333321,66.62760416666652,58.26041666666653,52.78559027777766
,,,,,,156.80729166666632,68.28038194444429,55.16145833333321,66.21440972222207,58.46701388888875,66.93749999999984
,,,,,,156.80729166666632,67.86718749999984,55.16145833333321,65.80121527777763,58.46701388888875,66.5243055555554
,,,,,,156.80729166666632,67.4539930555554,55.16145833333321,65.38802083333319,58.46701388888875,66.11111111111096
,,,,,,156.7039930555552,67.14409722222207,55.16145833333321,64.97482638888874,58.708043981481346,67.35069444444429
,,,,,,157.01388888888852,80.7795138888887,55.16145833333321,64.5616319444443,58.708043981481346,65.69791666666652
,,,,,,157.01388888888852,80.36631944444426,55.16145833333321,64.14843749999986,58.67361111111097,65.18142361111096
,,,,,,157.01388888888852,79.95312499999982,55.16145833333321,63.73524305555541,58.67361111111097,64.76822916666652
,,,,,,157.01388888888852,79.53993055555537,55.16145833333321,63.322048611110965,58.67361111111097,64.35503472222207
,,,,,,157.01388888888852,79.12673611111093,55.16145833333321,62.90885416666652,58.67361111111097,63.94184027777763
,,,,,,157.01388888888852,78.71354166666649,55.16145833333321,62.49565972222208,58.67361111111097,63.52864583333319
,,,,,,157.01388888888852,78.30034722222204,55.16145833333321,62.08246527777764,58.67361111111097,63.1671006944443
,,,,,,157.01388888888852,77.11241319444427,55.16145833333321,61.669270833333194,58.880208333333194,66.73090277777763
,,,,,,157.01388888888852,75.82118055555539,55.16145833333321,61.256076388888744,58.880208333333194,66.31770833333319
,,,,,,157.01388888888852,75.45963541666649,55.16145833333321,60.8428819444443,59.086805555555415,103.0403645833331
,,,,,,157.22048611111074,77.8871527777776,55.16145833333321,60.42968749999986,58.98350694444431,67.97048611111096
,,,,,,157.22048611111074,77.47395833333316,55.16145833333321,60.016493055555415,59.086805555555415,67.55729166666652
,,,,,,157.22048611111074,76.64756944444427,55.16145833333321,59.60329861111097,59.086805555555415,67.14409722222207
,,,,,,157.22048611111074,76.23437499999983,55.16145833333321,59.19010416666653,59.086805555555415,65.90451388888873
,,,,,,157.42708333333297,80.7795138888887,55.19589120370358,57.640624999999865,59.086805555555415,65.49131944444429
,,,,,,157.42708333333297,80.36631944444426,55.16145833333321,57.124131944444315,59.086805555555415,65.07812499999984
,,,,,,157.42708333333297,79.95312499999982,55.16145833333321,56.710937499999865,59.086805555555415,64.6649305555554
,,,,,,157.42708333333297,79.53993055555537,55.16145833333321,56.29774305555542,59.086805555555415,64.25173611111096
,,,,,,157.42708333333297,79.12673611111093,55.16145833333321,55.88454861111098,59.086805555555415,63.838541666666515
,,,,,,157.42708333333297,78.71354166666649,55.16145833333321,55.471354166666536,59.086805555555415,63.42534722222207
,,,,,,157.42708333333297,78.30034722222204,55.16145833333321,55.05815972222209,59.293402777777644,102.6788194444442
,,,,,,157.42708333333297,77.06076388888872,55.19589120370358,51.85590277777766,59.293402777777644,102.26562499999976
,,,,,,157.42708333333297,75.82118055555539,55.16145833333321,51.3394097222221,59.293402777777644,101.85243055555532
,,,,,,157.42708333333297,75.40798611111093,55.16145833333321,50.977864583333215,59.293402777777644,101.49088541666643
,,,,,,157.42708333333297,75.0980902777776,55.4024884259258,68.59027777777762,59.32783564814802,66.73090277777763
,,,,,,157.6336805555552,77.8871527777776,55.4024884259258,58.67361111111097,59.293402777777644,66.21440972222207
,,,,,,157.6336805555552,77.47395833333316,55.36805555555543,58.15711805555542,59.499999999999865,103.09201388888864
,,,,,,157.6336805555552,76.64756944444427,55.4024884259258,54.54166666666654,59.499999999999865,100.45789930555532
,,,,,,157.6336805555552,76.23437499999983,55.36805555555543,54.025173611110986,59.53443287037024,67.35069444444429
,,,,,,157.8402777777774,80.7795138888887,55.36805555555543,53.61197916666654,59.53443287037024,65.69791666666652
,,,,,,157.8402777777774,80.36631944444426,55.36805555555543,53.1987847222221,59.499999999999865,65.18142361111096
,,,,,,157.8402777777774,79.95312499999982,55.36805555555543,52.78559027777766,59.499999999999865,64.76822916666652
,,,,,,157.8402777777774,79.53993055555537,55.36805555555543,52.372395833333215,59.499999999999865,64.35503472222207
,,,,,,157.8402777777774,79.12673611111093,55.57465277777765,70.3463541666665,59.499999999999865,63.94184027777763
,,,,,,157.8402777777774,78.71354166666649,55.57465277777765,69.93315972222206,59.499999999999865,63.52864583333319
,,,,,,157.8402777777774,78.30034722222204,55.57465277777765,69.51996527777762,59.499999999999865,63.21874999999985
,,,,,,157.8402777777774,77.06076388888872,55.57465277777765,69.10677083333317,59.706597222222086,102.6788194444442
,,,,,,157.8402777777774,75.82118055555539,55.609085648148024,67.97048611111096,59.706597222222086,102.26562499999976
,,,,,,157.8402777777774,75.40798611111093,55.57465277777765,67.4539930555554,59.706597222222086,101.85243055555532
,,,,,,157.8402777777774,74.99479166666649,55.57465277777765,67.04079861111096,59.706597222222086,101.43923611111087
,,,,,,157.8402777777774,74.6332465277776,55.57465277777765,66.62760416666652,59.706597222222086,68.07378472222206
,,,,,,158.04687499999963,77.8871527777776,55.57465277777765,66.21440972222207,59.706597222222086,66.73090277777763
,,,,,,158.04687499999963,77.47395833333316,55.57465277777765,65.80121527777763,59.706597222222086,66.31770833333319
,,,,,,158.04687499999963,76.64756944444427,55.57465277777765,65.38802083333319,59.91319444444431,103.09201388888864
,,,,,,158.04687499999963,76.23437499999983,55.57465277777765,64.97482638888874,59.91319444444431,67.55729166666652
,,,,,,158.04687499999963,74.1684027777776,55.57465277777765,64.5616319444443,59.91319444444431,67.14409722222207
,,,,,,158.04687499999963,73.75520833333316,55.57465277777765,64.14843749999986,59.91319444444431,65.90451388888873
,,,,,,158.25347222222186,80.7795138888887,55.57465277777765,63.73524305555541,59.91319444444431,65.49131944444429
,,,,,,158.25347222222186,80.36631944444426,55.57465277777765,63.322048611110965,59.91319444444431,65.07812499999984
,,,,,,158.25347222222186,79.95312499999982,55.57465277777765,62.90885416666652,59.91319444444431,64.6649305555554
,,,,,,158.25347222222186,79.53993055555537,55.57465277777765,62.49565972222208,59.91319444444431,64.25173611111096
,,,,,,158.25347222222186,79.12673611111093,55.57465277777765,62.08246527777764,59.91319444444431,63.838541666666515
,,,,,,158.25347222222186,78.71354166666649,55.57465277777765,61.669270833333194,59.91319444444431,63.42534722222207
,,,,,,158.25347222222186,78.30034722222204,55.57465277777765,61.256076388888744,59.91319444444431,63.115451388888744
,,,,,,158.25347222222186,77.06076388888872,55.57465277777765,60.8428819444443,60.11979166666653,102.6788194444442
,,,,,,158.25347222222186,75.82118055555539,55.57465277777765,60.42968749999986,60.11979166666653,102.26562499999976
,,,,,,158.25347222222186,75.40798611111093,55.57465277777765,60.016493055555415,60.11979166666653,101.95572916666643
,,,,,,158.25347222222186,74.99479166666649,55.57465277777765,59.60329861111097,60.016493055555415,101.54253472222199
,,,,,,158.25347222222186,74.58159722222204,55.57465277777765,59.19010416666653,60.11979166666653,67.97048611111096
,,,,,,158.4600694444441,77.8871527777776,55.609085648148024,57.640624999999865,60.11979166666653,66.73090277777763
,,,,,,158.4600694444441,77.47395833333316,55.57465277777765,57.124131944444315,60.11979166666653,66.31770833333319
,,,,,,158.4600694444441,76.64756944444427,55.57465277777765,56.710937499999865,60.32638888888875,103.09201388888864
,,,,,,158.4600694444441,76.23437499999983,55.57465277777765,56.29774305555542,60.32638888888875,67.55729166666652
,,,,,,158.35677083333297,74.27170138888872,55.57465277777765,55.88454861111098,60.32638888888875,67.14409722222207
,,,,,,158.6666666666663,80.7795138888887,55.57465277777765,55.471354166666536,60.32638888888875,65.90451388888873
,,,,,,158.6666666666663,80.36631944444426,55.57465277777765,55.05815972222209,60.32638888888875,65.49131944444429
,,,,,,158.6666666666663,79.95312499999982,55.609085648148024,51.85590277777766,60.32638888888875,65.07812499999984
,,,,,,158.6666666666663,79.53993055555537,55.57465277777765,51.3394097222221,60.32638888888875,64.6649305555554
,,,,,,158.6666666666663,79.12673611111093,55.57465277777765,50.977864583333215,60.32638888888875,64.25173611111096
,,,,,,158.6666666666663,78.71354166666649,55.78124999999987,68.59027777777762,60.32638888888875,63.838541666666515
,,,,,,158.6666666666663,78.30034722222204,55.78124999999987,58.67361111111097,60.32638888888875,63.42534722222207
,,,,,,158.6666666666663,77.06076388888872,55.78124999999987,58.26041666666653,60.32638888888875,63.115451388888744
,,,,,,158.6666666666663,75.82118055555539,55.78124999999987,54.54166666666654,60.53298611111097,102.6788194444442
,,,,,,158.6666666666663,75.40798611111093,55.78124999999987,54.12847222222209,60.53298611111097,102.26562499999976
,,,,,,158.5633680555552,75.0980902777776,55.78124999999987,53.71527777777765,60.53298611111097,67.97048611111096
,,,,,,158.90769675925887,77.8871527777776,55.78124999999987,53.30208333333321,60.53298611111097,66.73090277777763
,,,,,,158.87326388888852,77.37065972222204,55.78124999999987,52.888888888888765,60.53298611111097,66.31770833333319
,,,,,,158.7699652777774,76.64756944444427,55.78124999999987,52.47569444444432,60.739583333333194,103.09201388888864
,,,,,,158.87326388888852,76.13107638888872,55.98784722222209,70.24305555555539,60.739583333333194,67.55729166666652
,,,,,,159.07986111111074,80.98611111111093,55.98784722222209,69.82986111111094,60.739583333333194,67.14409722222207
,,,,,,159.07986111111074,80.57291666666649,55.98784722222209,69.4166666666665,60.739583333333194,65.90451388888873
,,,,,,159.07986111111074,80.15972222222203,55.98784722222209,69.00347222222206,60.739583333333194,65.49131944444429
,,,,,,159.07986111111074,79.74652777777759,55.98784722222209,68.17708333333317,60.739583333333194,65.07812499999984
,,,,,,159.07986111111074,79.33333333333314,55.98784722222209,67.76388888888873,60.739583333333194,64.6649305555554
,,,,,,159.07986111111074,78.9201388888887,55.98784722222209,67.35069444444429,60.739583333333194,64.25173611111096
,,,,,,159.07986111111074,78.50694444444426,55.98784722222209,66.93749999999984,60.739583333333194,63.838541666666515
,,,,,,158.97656249999963,76.9574652777776,55.98784722222209,66.5243055555554,60.739583333333194,63.42534722222207
,,,,,,159.07986111111074,75.66623263888872,55.98784722222209,66.11111111111096,60.739583333333194,63.115451388888744
,,,,,,159.32089120370333,78.09374999999982,55.98784722222209,65.69791666666652,60.946180555555415,102.6788194444442
,,,,,,159.28645833333297,77.57725694444426,55.98784722222209,65.28472222222207,60.946180555555415,102.31727430555532
,,,,,,159.28645833333297,77.21571180555537,55.98784722222209,64.87152777777763,60.98061342592579,98.75347222222199
,,,,,,159.18315972222186,76.0277777777776,55.98784722222209,64.45833333333319,60.946180555555415,67.97048611111096
,,,,,,159.28645833333297,71.68923611111094,55.98784722222209,64.04513888888874,60.946180555555415,66.73090277777763
,,,,,,159.28645833333297,71.2760416666665,55.98784722222209,63.631944444444294,60.946180555555415,66.31770833333319
,,,,,,159.28645833333297,70.91449652777762,55.98784722222209,63.21874999999985,61.15277777777764,103.09201388888864
,,,,,,159.49305555555517,81.19270833333314,55.98784722222209,62.80555555555541,61.18721064814801,67.55729166666652
,,,,,,159.49305555555517,80.7795138888887,55.98784722222209,62.392361111110965,61.15277777777764,67.04079861111096
,,,,,,159.49305555555517,80.36631944444426,55.98784722222209,61.97916666666652,61.18721064814801,65.90451388888873
,,,,,,159.49305555555517,79.95312499999982,55.98784722222209,61.56597222222208,61.15277777777764,65.38802083333319
,,,,,,159.49305555555517,79.53993055555537,55.98784722222209,61.15277777777764,61.15277777777764,64.97482638888874
,,,,,,159.49305555555517,79.12673611111093,55.98784722222209,60.739583333333194,61.15277777777764,64.5616319444443
,,,,,,159.49305555555517,78.71354166666649,55.98784722222209,60.32638888888875,61.15277777777764,64.14843749999986
,,,,,,159.49305555555517,72.41232638888872,55.98784722222209,59.91319444444431,61.15277777777764,63.73524305555541
,,,,,,159.49305555555517,71.99913194444427,55.98784722222209,59.499999999999865,61.15277777777764,63.322048611110965
,,,,,,159.49305555555517,70.60460069444429,55.98784722222209,59.086805555555415,61.04947916666652,63.115451388888744
,,,,,,159.73408564814778,78.30034722222204,55.98784722222209,57.847222222222086,61.18721064814801,55.78124999999987
,,,,,,159.6996527777774,77.78385416666649,55.98784722222209,57.434027777777644,61.35937499999986,102.6788194444442
,,,,,,159.6996527777774,77.4223090277776,55.98784722222209,57.0208333333332,61.35937499999986,102.26562499999976
,,,,,,159.6996527777774,71.48263888888873,55.98784722222209,56.60763888888876,61.35937499999986,98.96006944444422
,,,,,,159.6996527777774,71.06944444444429,55.98784722222209,56.194444444444315,61.35937499999986,98.54687499999977
,,,,,,159.6996527777774,70.24305555555539,55.98784722222209,55.78124999999987,61.35937499999986,98.23697916666644
,,,,,,159.6996527777774,69.82986111111094,55.98784722222209,55.36805555555543,61.35937499999986,68.17708333333317
,,,,,,159.6996527777774,69.4166666666665,55.98784722222209,54.954861111110986,61.35937499999986,66.5243055555554
,,,,,,159.94068287036998,90.90277777777757,55.88454861111098,52.06249999999988,61.39380787037023,57.640624999999865
,,,,,,159.90624999999963,90.38628472222202,55.88454861111098,51.649305555555436,61.35937499999986,57.124131944444315
,,,,,,159.90624999999963,89.97309027777757,55.88454861111098,51.23611111111099,61.35937499999986,56.710937499999865
,,,,,,159.90624999999963,81.39930555555537,55.88454861111098,50.92621527777766,61.35937499999986,56.29774305555542
,,,,,,159.90624999999963,80.98611111111093,56.194444444444315,68.59027777777762,61.39380787037023,55.16145833333321
,,,,,,159.90624999999963,80.57291666666649,56.22887731481469,58.67361111111097,61.256076388888744,54.85156249999987
,,,,,,159.90624999999963,80.15972222222203,56.194444444444315,58.15711805555542,61.35937499999986,52.47569444444432
,,,,,,159.90624999999963,79.74652777777759,56.22887731481469,54.54166666666654,61.35937499999986,52.06249999999988
,,,,,,159.90624999999963,79.33333333333314,56.194444444444315,54.025173611110986,61.35937499999986,51.649305555555436
,,,,,,159.90624999999963,78.9201388888887,56.194444444444315,53.61197916666654,61.35937499999986,51.23611111111099
,,,,,,159.90624999999963,72.30902777777762,56.194444444444315,53.1987847222221,61.35937499999986,50.92621527777766
,,,,,,159.90624999999963,71.89583333333317,56.194444444444315,52.78559027777766,61.56597222222208,103.09201388888864
,,,,,,159.90624999999963,70.65624999999983,56.0911458333332,52.47569444444432,61.56597222222208,67.76388888888873
,,,,,,159.90624999999963,69.10677083333317,56.401041666666536,70.24305555555539,61.56597222222208,67.35069444444429
,,,,,,160.11284722222186,91.52256944444423,56.401041666666536,69.82986111111094,61.56597222222208,66.93749999999984
,,,,,,160.1472800925922,78.50694444444426,56.401041666666536,69.4166666666665,61.56597222222208,66.11111111111096
,,,,,,160.11284722222186,77.9904513888887,56.401041666666536,69.00347222222206,61.56597222222208,65.69791666666652
,,,,,,160.11284722222186,77.62890624999982,56.401041666666536,68.17708333333317,61.56597222222208,65.28472222222207
,,,,,,160.1472800925922,71.48263888888873,56.401041666666536,67.76388888888873,61.56597222222208,64.87152777777763
,,,,,,160.11284722222186,70.96614583333317,56.401041666666536,67.35069444444429,61.56597222222208,64.45833333333319
,,,,,,160.1472800925922,70.24305555555539,56.401041666666536,66.93749999999984,61.56597222222208,64.04513888888874
,,,,,,160.11284722222186,69.72656249999984,56.401041666666536,66.5243055555554,61.56597222222208,63.631944444444294
,,,,,,160.11284722222186,69.3133680555554,56.401041666666536,65.80121527777763,61.56597222222208,63.21874999999985
,,,,,,160.31944444444406,91.93576388888867,56.401041666666536,65.38802083333319,61.60040509259245,58.26041666666653
,,,,,,160.31944444444406,91.10937499999979,56.401041666666536,64.97482638888874,61.60040509259245,55.78124999999987
,,,,,,160.31944444444406,90.69618055555534,56.401041666666536,64.5616319444443,61.60040509259245,54.54166666666654
,,,,,,160.31944444444406,90.2829861111109,56.401041666666536,64.14843749999986,61.56597222222208,54.025173611110986
,,,,,,160.31944444444406,89.86979166666646,56.401041666666536,63.73524305555541,61.56597222222208,53.61197916666654
,,,,,,160.31944444444406,81.60590277777759,56.401041666666536,63.322048611110965,61.56597222222208,53.1987847222221
,,,,,,160.31944444444406,81.19270833333314,56.401041666666536,62.90885416666652,61.56597222222208,52.78559027777766
,,,,,,160.31944444444406,80.7795138888887,56.401041666666536,62.49565972222208,61.7725694444443,102.6788194444442
,,,,,,160.31944444444406,80.36631944444426,56.401041666666536,62.08246527777764,61.7725694444443,102.26562499999976
,,,,,,160.31944444444406,79.95312499999982,56.401041666666536,61.669270833333194,61.807002314814675,98.96006944444422
,,,,,,160.31944444444406,79.53993055555537,56.401041666666536,61.256076388888744,61.7725694444443,98.44357638888866
,,,,,,160.31944444444406,79.12673611111093,56.401041666666536,60.8428819444443,61.669270833333194,98.23697916666644
,,,,,,160.31944444444406,72.51562499999983,56.401041666666536,60.42968749999986,61.7725694444443,68.17708333333317
,,,,,,160.31944444444406,72.10243055555539,56.401041666666536,60.016493055555415,61.7725694444443,66.5243055555554
,,,,,,160.56047453703667,91.52256944444423,56.401041666666536,59.65494791666653,61.807002314814675,59.293402777777644
,,,,,,160.5260416666663,89.61154513888869,56.29774305555542,59.293402777777644,61.7725694444443,58.776909722222086
,,,,,,160.5260416666663,78.8168402777776,56.43547453703691,57.640624999999865,61.807002314814675,57.640624999999865
,,,,,,160.42274305555517,78.09374999999982,56.401041666666536,57.124131944444315,61.7725694444443,57.124131944444315
,,,,,,160.42274305555517,77.78385416666649,56.401041666666536,56.710937499999865,61.7725694444443,56.710937499999865
,,,,,,160.5260416666663,71.68923611111094,56.401041666666536,56.29774305555542,61.7725694444443,56.29774305555542
,,,,,,160.5260416666663,71.2760416666665,56.401041666666536,55.88454861111098,61.807002314814675,55.16145833333321
,,,,,,160.5260416666663,70.86284722222206,56.401041666666536,55.471354166666536,61.807002314814675,52.2690972222221
,,,,,,160.5260416666663,70.44965277777762,56.401041666666536,55.05815972222209,61.7725694444443,51.75260416666654
,,,,,,160.5260416666663,70.03645833333317,56.64207175925913,68.59027777777762,61.7725694444443,51.3394097222221
,,,,,,160.5260416666663,69.62326388888873,56.504340277777644,58.67361111111097,61.7725694444443,50.977864583333215
,,,,,,160.5260416666663,69.21006944444429,56.60763888888876,58.15711805555542,61.97916666666652,103.09201388888864
,,,,,,160.42274305555517,68.90017361111096,56.64207175925913,54.54166666666654,61.97916666666652,67.76388888888873
,,,,,,160.76707175925887,90.90277777777757,56.60763888888876,54.025173611110986,61.97916666666652,67.35069444444429
,,,,,,160.73263888888852,90.38628472222202,56.60763888888876,53.61197916666654,61.97916666666652,66.93749999999984
,,,,,,160.73263888888852,89.97309027777757,56.60763888888876,53.1987847222221,61.97916666666652,66.11111111111096
,,,,,,160.73263888888852,81.60590277777759,56.60763888888876,52.83723958333321,61.97916666666652,65.69791666666652
,,,,,,160.73263888888852,81.19270833333314,56.504340277777644,52.578993055555436,61.97916666666652,65.28472222222207
,,,,,,160.73263888888852,80.7795138888887,56.81423611111098,70.08810763888873,61.97916666666652,64.87152777777763
,,,,,,160.73263888888852,80.36631944444426,56.81423611111098,69.51996527777762,61.97916666666652,64.45833333333319
,,,,,,160.73263888888852,79.95312499999982,56.710937499999865,69.21006944444429,61.97916666666652,64.04513888888874
,,,,,,160.73263888888852,79.53993055555537,56.81423611111098,67.97048611111096,61.97916666666652,63.631944444444294
,,,,,,160.73263888888852,79.12673611111093,56.81423611111098,67.55729166666652,61.97916666666652,63.21874999999985
,,,,,,160.73263888888852,72.51562499999983,56.81423611111098,67.14409722222207,61.97916666666652,59.91319444444431
,,,,,,160.73263888888852,72.10243055555539,56.81423611111098,66.73090277777763,61.97916666666652,58.26041666666653
,,,,,,160.93923611111074,91.41927083333312,56.81423611111098,66.31770833333319,61.97916666666652,55.78124999999987
,,,,,,160.93923611111074,89.61154513888869,56.81423611111098,65.90451388888873,61.97916666666652,54.54166666666654
,,,,,,160.83593749999963,78.8168402777776,56.81423611111098,65.49131944444429,61.97916666666652,54.12847222222209
,,,,,,160.93923611111074,71.68923611111094,56.81423611111098,65.07812499999984,61.97916666666652,53.71527777777765
,,,,,,160.93923611111074,71.2760416666665,56.81423611111098,64.6649305555554,61.97916666666652,53.30208333333321
,,,,,,160.93923611111074,70.86284722222206,56.81423611111098,64.25173611111096,61.97916666666652,52.888888888888765
,,,,,,160.93923611111074,70.44965277777762,56.81423611111098,63.838541666666515,62.185763888888744,102.6788194444442
,,,,,,160.93923611111074,70.03645833333317,56.81423611111098,63.42534722222207,62.185763888888744,102.26562499999976
,,,,,,160.93923611111074,69.62326388888873,56.81423611111098,63.01215277777763,62.185763888888744,99.16666666666643
,,,,,,160.93923611111074,69.26171874999984,56.81423611111098,62.59895833333319,62.185763888888744,98.75347222222199
,,,,,,161.14583333333297,90.90277777777757,56.81423611111098,62.185763888888744,62.185763888888744,98.34027777777754
,,,,,,161.14583333333297,90.48958333333313,56.81423611111098,61.7725694444443,62.185763888888744,68.17708333333317
,,,,,,161.14583333333297,90.07638888888869,56.81423611111098,61.35937499999986,62.185763888888744,66.5243055555554
,,,,,,161.14583333333297,82.58723958333314,56.81423611111098,60.99782986111097,62.185763888888744,62.90885416666652
,,,,,,161.14583333333297,81.60590277777759,56.84866898148135,57.640624999999865,62.22019675925912,59.499999999999865
,,,,,,161.14583333333297,81.19270833333314,56.81423611111098,57.124131944444315,62.185763888888744,58.98350694444431
,,,,,,161.14583333333297,80.7795138888887,56.81423611111098,56.710937499999865,62.185763888888744,58.570312499999865
,,,,,,161.14583333333297,80.36631944444426,56.81423611111098,56.29774305555542,62.22019675925912,57.847222222222086
,,,,,,161.14583333333297,79.95312499999982,56.81423611111098,55.88454861111098,62.185763888888744,57.330729166666536
,,,,,,161.14583333333297,79.53993055555537,56.81423611111098,55.471354166666536,62.185763888888744,56.91753472222209
,,,,,,161.14583333333297,79.17838541666649,56.81423611111098,55.05815972222209,62.185763888888744,56.504340277777644
,,,,,,161.14583333333297,72.51562499999983,57.0208333333332,68.79687499999984,62.185763888888744,56.0911458333332
,,,,,,161.14583333333297,72.10243055555539,57.0208333333332,68.3836805555554,62.22019675925912,55.36805555555543
,,,,,,161.35243055555517,89.76649305555534,57.0208333333332,54.54166666666654,62.185763888888744,54.85156249999987
,,,,,,161.35243055555517,71.68923611111094,57.0208333333332,54.12847222222209,62.22019675925912,52.47569444444432
,,,,,,161.35243055555517,71.2760416666665,57.0208333333332,53.71527777777765,62.185763888888744,51.959201388888765
,,,,,,161.35243055555517,70.86284722222206,57.0208333333332,53.30208333333321,62.185763888888744,51.54600694444432
,,,,,,161.35243055555517,70.44965277777762,57.0208333333332,52.888888888888765,62.185763888888744,51.13281249999988
,,,,,,161.24913194444406,70.13975694444429,57.22743055555542,69.4166666666665,62.08246527777764,50.92621527777766
,,,,,,161.5590277777774,90.38628472222202,57.261863425925796,67.97048611111096,62.392361111110965,103.09201388888864
,,,,,,161.5590277777774,90.02473958333313,57.22743055555542,67.4539930555554,62.392361111110965,67.76388888888873
,,,,,,161.5590277777774,82.6388888888887,57.22743055555542,67.04079861111096,62.392361111110965,67.35069444444429
,,,,,,161.5590277777774,81.50260416666647,57.22743055555542,66.62760416666652,62.392361111110965,66.93749999999984
,,,,,,161.5590277777774,81.08940972222203,57.22743055555542,66.21440972222207,62.392361111110965,66.11111111111096
,,,,,,161.5590277777774,80.67621527777759,57.22743055555542,65.80121527777763,62.392361111110965,65.69791666666652
,,,,,,161.5590277777774,80.26302083333314,57.22743055555542,65.38802083333319,62.392361111110965,65.28472222222207
,,,,,,161.5590277777774,79.8498263888887,57.22743055555542,64.97482638888874,62.392361111110965,64.87152777777763
,,,,,,161.5590277777774,79.43663194444426,57.22743055555542,64.5616319444443,62.392361111110965,64.45833333333319
,,,,,,161.4557291666663,79.23003472222204,57.22743055555542,64.14843749999986,62.392361111110965,64.04513888888874
,,,,,,161.5590277777774,72.51562499999983,57.22743055555542,63.73524305555541,62.392361111110965,63.631944444444294
,,,,,,161.5590277777774,72.10243055555539,57.22743055555542,63.322048611110965,62.392361111110965,63.21874999999985
,,,,,,161.76562499999963,71.68923611111094,57.22743055555542,62.90885416666652,62.392361111110965,60.11979166666653
,,,,,,161.76562499999963,71.2760416666665,57.22743055555542,62.49565972222208,62.392361111110965,54.335069444444315
,,,,,,161.76562499999963,70.86284722222206,57.22743055555542,62.08246527777764,62.392361111110965,53.92187499999987
,,,,,,161.76562499999963,70.55295138888873,57.22743055555542,61.669270833333194,62.392361111110965,53.50868055555543
,,,,,,161.97222222222186,82.53559027777759,57.22743055555542,61.256076388888744,62.392361111110965,53.095486111110986
,,,,,,161.97222222222186,81.39930555555537,57.22743055555542,60.89453124999986,62.59895833333319,102.6788194444442
,,,,,,161.97222222222186,80.98611111111093,57.124131944444315,57.847222222222086,62.59895833333319,102.26562499999976
,,,,,,161.97222222222186,80.57291666666649,57.22743055555542,57.330729166666536,62.59895833333319,99.16666666666643
,,,,,,161.97222222222186,80.15972222222203,57.22743055555542,56.91753472222209,62.59895833333319,98.75347222222199
,,,,,,161.97222222222186,79.74652777777759,57.22743055555542,56.504340277777644,62.59895833333319,98.34027777777754
,,,,,,161.97222222222186,79.33333333333314,57.22743055555542,56.0911458333332,62.59895833333319,98.03038194444422
,,,,,,161.97222222222186,72.51562499999983,57.22743055555542,55.67795138888876,62.59895833333319,68.17708333333317
,,,,,,161.97222222222186,72.10243055555539,57.22743055555542,55.264756944444315,62.59895833333319,66.5243055555554
,,,,,,162.17881944444406,88.63020833333313,57.22743055555542,54.85156249999987,62.59895833333319,62.90885416666652
,,,,,,162.17881944444406,88.21701388888869,57.46846064814802,69.00347222222206,62.63339120370356,59.706597222222086
,,,,,,162.17881944444406,71.68923611111094,57.434027777777644,68.4869791666665,62.59895833333319,59.19010416666653
,,,,,,162.17881944444406,71.2760416666665,57.434027777777644,54.335069444444315,62.59895833333319,58.776909722222086
,,,,,,162.17881944444406,70.86284722222206,57.434027777777644,53.92187499999987,62.59895833333319,58.363715277777644
,,,,,,162.07552083333294,70.55295138888873,57.434027777777644,53.50868055555543,62.59895833333319,57.9505208333332
,,,,,,162.3854166666663,81.39930555555537,57.434027777777644,53.095486111110986,62.59895833333319,57.53732638888876
,,,,,,162.3854166666663,80.98611111111093,57.434027777777644,52.78559027777766,62.59895833333319,57.124131944444315
,,,,,,162.3854166666663,80.57291666666649,57.640624999999865,67.97048611111096,62.59895833333319,56.710937499999865
,,,,,,162.3854166666663,80.15972222222203,57.640624999999865,67.55729166666652,62.59895833333319,56.29774305555542
,,,,,,162.3854166666663,79.74652777777759,57.640624999999865,67.14409722222207,62.59895833333319,55.88454861111098
,,,,,,162.3854166666663,79.3849826388887,57.640624999999865,66.73090277777763,62.59895833333319,55.471354166666536
,,,,,,162.3854166666663,72.51562499999983,57.640624999999865,66.31770833333319,62.59895833333319,55.05815972222209
,,,,,,162.3854166666663,72.10243055555539,57.640624999999865,65.90451388888873,62.59895833333319,54.64496527777765
,,,,,,162.59201388888852,88.4236111111109,57.640624999999865,65.49131944444429,62.59895833333319,52.578993055555436
,,,,,,162.59201388888852,88.11371527777757,57.640624999999865,65.07812499999984,62.59895833333319,52.16579861111099
,,,,,,162.59201388888852,71.68923611111094,57.640624999999865,64.6649305555554,62.59895833333319,51.75260416666654
,,,,,,162.59201388888852,71.2760416666665,57.640624999999865,64.25173611111096,62.59895833333319,51.3394097222221
,,,,,,162.59201388888852,70.86284722222206,57.640624999999865,63.838541666666515,62.59895833333319,50.977864583333215
,,,,,,162.79861111111074,82.58723958333314,57.640624999999865,63.42534722222207,62.80555555555541,103.09201388888864
,,,,,,162.79861111111074,81.39930555555537,57.640624999999865,63.01215277777763,62.7022569444443,67.76388888888873
,,,,,,162.79861111111074,80.98611111111093,57.640624999999865,62.59895833333319,62.7022569444443,67.35069444444429
,,,,,,162.79861111111074,80.57291666666649,57.640624999999865,62.185763888888744,62.80555555555541,66.83420138888873
,,,,,,162.79861111111074,80.15972222222203,57.640624999999865,61.7725694444443,62.83998842592578,66.11111111111096
,,,,,,162.79861111111074,79.74652777777759,57.640624999999865,61.35937499999986,62.80555555555541,65.5946180555554
,,,,,,162.79861111111074,79.43663194444426,57.640624999999865,61.04947916666652,62.80555555555541,65.18142361111096
,,,,,,162.79861111111074,72.51562499999983,57.640624999999865,56.710937499999865,62.80555555555541,64.76822916666652
,,,,,,162.79861111111074,72.10243055555539,57.640624999999865,56.29774305555542,62.80555555555541,64.35503472222207
,,,,,,163.00520833333294,88.4236111111109,57.640624999999865,55.88454861111098,62.80555555555541,63.94184027777763
,,,,,,163.00520833333294,71.68923611111094,57.640624999999865,55.471354166666536,62.80555555555541,63.52864583333319
,,,,,,163.00520833333294,71.2760416666665,57.640624999999865,55.05815972222209,62.80555555555541,63.115451388888744
,,,,,,163.00520833333294,70.86284722222206,57.640624999999865,54.64496527777765,62.83998842592578,60.32638888888875
,,,,,,163.10850694444406,88.83680555555534,57.74392361111098,69.21006944444429,62.83998842592578,54.12847222222209
,,,,,,163.21180555555517,88.06206597222202,57.847222222222086,68.79687499999984,62.80555555555541,53.61197916666654
,,,,,,163.21180555555517,81.08940972222203,57.847222222222086,68.3836805555554,63.01215277777763,102.6788194444442
,,,,,,163.21180555555517,80.67621527777759,57.88165509259246,54.12847222222209,63.01215277777763,102.26562499999976
,,,,,,163.21180555555517,80.26302083333314,57.847222222222086,53.61197916666654,63.01215277777763,101.90407986111087
,,,,,,163.10850694444406,79.95312499999982,57.847222222222086,53.1987847222221,63.046585648148,99.37326388888866
,,,,,,163.10850694444406,79.64322916666649,57.847222222222086,52.83723958333321,63.01215277777763,98.8567708333331
,,,,,,163.21180555555517,72.41232638888872,58.08825231481468,67.97048611111096,63.01215277777763,98.44357638888866
,,,,,,163.21180555555517,71.99913194444427,58.05381944444431,67.4539930555554,63.01215277777763,98.03038194444422
,,,,,,163.45283564814775,90.90277777777757,58.05381944444431,67.04079861111096,63.01215277777763,62.7022569444443
,,,,,,163.4184027777774,90.38628472222202,58.05381944444431,66.62760416666652,63.046585648148,59.706597222222086
,,,,,,163.4184027777774,89.97309027777757,58.05381944444431,66.21440972222207,63.01215277777763,59.19010416666653
,,,,,,163.4184027777774,88.3203124999998,58.05381944444431,65.80121527777763,63.01215277777763,58.776909722222086
,,,,,,163.4184027777774,71.53428819444427,58.05381944444431,65.38802083333319,63.01215277777763,58.363715277777644
,,,,,,163.3151041666663,71.06944444444429,58.05381944444431,64.97482638888874,63.01215277777763,57.9505208333332
,,,,,,163.3151041666663,70.75954861111094,58.05381944444431,64.5616319444443,63.01215277777763,57.53732638888876
,,,,,,163.62499999999963,93.175347222222,58.05381944444431,64.14843749999986,63.01215277777763,57.124131944444315
,,,,,,163.62499999999963,92.76215277777756,58.05381944444431,63.73524305555541,63.01215277777763,56.710937499999865
,,,,,,163.62499999999963,92.34895833333312,58.05381944444431,63.322048611110965,63.01215277777763,56.29774305555542
,,,,,,163.62499999999963,91.93576388888867,58.05381944444431,62.90885416666652,63.01215277777763,55.88454861111098
,,,,,,163.62499999999963,91.52256944444423,58.05381944444431,62.49565972222208,63.01215277777763,55.471354166666536
,,,,,,163.62499999999963,89.45659722222202,58.05381944444431,62.08246527777764,63.01215277777763,55.05815972222209
,,,,,,163.62499999999963,89.14670138888869,58.05381944444431,61.669270833333194,63.01215277777763,54.64496527777765
,,,,,,163.65943287036998,87.80381944444424,58.05381944444431,61.256076388888744,63.046585648148,52.47569444444432
,,,,,,163.62499999999963,87.28732638888869,57.9505208333332,61.04947916666652,63.01215277777763,51.959201388888765
,,,,,,163.62499999999963,86.87413194444424,58.05381944444431,56.401041666666536,63.01215277777763,51.54600694444432
,,,,,,163.62499999999963,86.4609374999998,58.05381944444431,55.98784722222209,63.01215277777763,51.13281249999988
,,,,,,163.62499999999963,86.04774305555536,58.05381944444431,55.57465277777765,62.90885416666652,50.92621527777766
,,,,,,163.62499999999963,85.63454861111092,58.05381944444431,55.16145833333321,63.21874999999985,103.09201388888864
,,,,,,163.62499999999963,85.22135416666647,58.05381944444431,54.748263888888765,63.21874999999985,66.62760416666652
,,,,,,163.52170138888852,83.87847222222203,58.26041666666653,68.90017361111096,63.21874999999985,66.21440972222207
,,,,,,163.52170138888852,83.46527777777759,58.26041666666653,68.4869791666665,63.21874999999985,65.80121527777763
,,,,,,163.52170138888852,83.15538194444426,58.26041666666653,54.335069444444315,63.21874999999985,65.38802083333319
,,,,,,163.52170138888852,80.57291666666649,58.26041666666653,53.92187499999987,63.21874999999985,64.97482638888874
,,,,,,163.8660300925922,93.58854166666644,58.26041666666653,53.50868055555543,63.21874999999985,64.5616319444443
,,,,,,163.8660300925922,91.10937499999979,58.26041666666653,53.095486111110986,63.21874999999985,64.14843749999986
,,,,,,163.83159722222183,90.59288194444423,58.26041666666653,52.78559027777766,63.21874999999985,63.73524305555541
,,,,,,163.83159722222183,90.17968749999979,58.46701388888875,67.97048611111096,63.21874999999985,63.322048611110965
,,,,,,163.83159722222183,89.76649305555534,58.46701388888875,67.55729166666652,63.21874999999985,62.90885416666652
,,,,,,163.83159722222183,88.4236111111109,58.46701388888875,67.14409722222207,63.21874999999985,60.739583333333194
,,,,,,164.07262731481444,92.96874999999979,58.46701388888875,66.73090277777763,63.21874999999985,60.32638888888875
,,,,,,164.03819444444406,92.45225694444423,58.46701388888875,66.31770833333319,63.21874999999985,54.12847222222209
,,,,,,164.03819444444406,92.03906249999979,58.46701388888875,65.90451388888873,63.21874999999985,53.71527777777765
,,,,,,164.03819444444406,91.62586805555534,58.46701388888875,65.49131944444429,63.21874999999985,53.30208333333321
,,,,,,164.07262731481444,89.28443287037017,58.46701388888875,65.07812499999984,63.253182870370225,50.61631944444433
,,,,,,164.03819444444406,88.01041666666646,58.46701388888875,64.6649305555554,63.115451388888744,50.30642361111099
,,,,,,164.03819444444406,87.59722222222202,58.46701388888875,64.25173611111096,63.42534722222207,102.6788194444442
,,,,,,164.03819444444406,87.18402777777757,58.46701388888875,63.838541666666515,63.42534722222207,102.26562499999976
,,,,,,164.03819444444406,86.77083333333313,58.46701388888875,63.42534722222207,63.42534722222207,101.85243055555532
,,,,,,164.03819444444406,86.35763888888869,58.46701388888875,63.01215277777763,63.42534722222207,101.43923611111087
,,,,,,164.03819444444406,85.94444444444424,58.46701388888875,62.59895833333319,63.42534722222207,101.07769097222199
,,,,,,164.03819444444406,85.5312499999998,58.46701388888875,62.185763888888744,63.459780092592446,99.99305555555533
,,,,,,163.93489583333294,85.22135416666647,58.46701388888875,61.7725694444443,63.42534722222207,99.47656249999977
,,,,,,164.2447916666663,94.41493055555533,58.46701388888875,61.35937499999986,63.42534722222207,99.06336805555533
,,,,,,164.2447916666663,94.00173611111089,58.46701388888875,61.04947916666652,63.42534722222207,98.65017361111089
,,,,,,164.2447916666663,93.58854166666644,58.363715277777644,56.401041666666536,63.42534722222207,98.23697916666644
,,,,,,164.2447916666663,91.10937499999979,58.46701388888875,55.98784722222209,63.42534722222207,97.823784722222
,,,,,,164.2447916666663,90.69618055555534,58.46701388888875,55.57465277777765,63.42534722222207,97.41059027777756
,,,,,,164.2447916666663,90.2829861111109,58.46701388888875,55.16145833333321,63.42534722222207,96.06770833333312
,,,,,,164.2447916666663,89.86979166666646,58.363715277777644,54.748263888888765,63.42534722222207,95.24131944444423
,,,,,,164.2447916666663,88.3203124999998,58.67361111111097,68.69357638888873,63.42534722222207,94.82812499999979
,,,,,,164.45138888888852,94.82812499999979,58.67361111111097,68.28038194444429,63.42534722222207,94.41493055555533
,,,,,,164.45138888888852,93.175347222222,58.570312499999865,53.92187499999987,63.42534722222207,62.392361111110965
,,,,,,164.45138888888852,92.76215277777756,58.570312499999865,53.30208333333321,63.42534722222207,61.97916666666652
,,,,,,164.45138888888852,92.34895833333312,58.570312499999865,52.888888888888765,63.42534722222207,61.56597222222208
,,,,,,164.45138888888852,91.93576388888867,58.914641203703574,67.76388888888873,63.42534722222207,61.15277777777764
,,,,,,164.45138888888852,91.52256944444423,58.880208333333194,67.24739583333317,63.42534722222207,59.91319444444431
,,,,,,164.45138888888852,89.45659722222202,58.880208333333194,66.83420138888873,63.42534722222207,59.499999999999865
,,,,,,164.48582175925887,87.80381944444424,58.880208333333194,66.42100694444429,63.42534722222207,59.086805555555415
,,,,,,164.45138888888852,87.28732638888869,58.880208333333194,66.00781249999984,63.42534722222207,58.67361111111097
,,,,,,164.45138888888852,86.87413194444424,58.880208333333194,65.5946180555554,63.42534722222207,58.26041666666653
,,,,,,164.45138888888852,86.4609374999998,58.880208333333194,65.18142361111096,63.42534722222207,57.847222222222086
,,,,,,164.45138888888852,86.04774305555536,58.880208333333194,64.76822916666652,63.42534722222207,57.434027777777644
,,,,,,164.45138888888852,85.68619791666647,58.880208333333194,64.35503472222207,63.42534722222207,57.0208333333332
,,,,,,164.3480902777774,85.42795138888869,58.880208333333194,63.94184027777763,63.42534722222207,56.60763888888876
,,,,,,164.65798611111072,94.41493055555533,58.880208333333194,63.52864583333319,63.42534722222207,56.194444444444315
,,,,,,164.65798611111072,94.00173611111089,58.880208333333194,63.115451388888744,63.42534722222207,55.78124999999987
,,,,,,164.65798611111072,93.58854166666644,58.880208333333194,62.7022569444443,63.42534722222207,55.36805555555543
,,,,,,164.65798611111072,91.10937499999979,58.880208333333194,62.34071180555541,63.42534722222207,54.954861111110986
,,,,,,164.65798611111072,90.69618055555534,58.776909722222086,61.97916666666652,63.42534722222207,54.54166666666654
,,,,,,164.65798611111072,90.2829861111109,58.776909722222086,61.56597222222208,63.42534722222207,52.888888888888765
,,,,,,164.65798611111072,89.86979166666646,58.776909722222086,61.256076388888744,63.42534722222207,52.47569444444432
,,,,,,164.86458333333294,94.72482638888867,59.086805555555415,68.3836805555554,63.42534722222207,52.06249999999988
,,,,,,164.89901620370333,93.175347222222,59.32783564814802,67.97048611111096,63.42534722222207,51.649305555555436
,,,,,,164.86458333333294,92.65885416666646,59.293402777777644,67.4539930555554,63.42534722222207,51.23611111111099
,,,,,,164.86458333333294,92.24565972222202,59.293402777777644,67.04079861111096,63.42534722222207,49.996527777777665
,,,,,,164.86458333333294,91.83246527777756,59.293402777777644,66.62760416666652,63.42534722222207,49.583333333333215
,,,,,,164.86458333333294,91.41927083333312,59.293402777777644,66.21440972222207,63.42534722222207,49.17013888888877
,,,,,,164.89901620370333,89.45659722222202,59.293402777777644,65.80121527777763,63.42534722222207,48.86024305555544
,,,,,,164.89901620370333,87.83825231481461,59.293402777777644,65.38802083333319,63.631944444444294,103.09201388888864
,,,,,,164.76128472222183,87.3906249999998,59.293402777777644,64.97482638888874,63.631944444444294,100.61284722222199
,,,,,,164.76128472222183,87.08072916666646,59.293402777777644,64.5616319444443,63.631944444444294,96.894097222222
,,,,,,164.76128472222183,85.94444444444424,59.293402777777644,64.14843749999986,63.631944444444294,96.48090277777756
,,,,,,165.10561342592553,94.20833333333312,59.293402777777644,63.73524305555541,63.631944444444294,95.65451388888867
,,,,,,165.07118055555517,93.69184027777756,59.293402777777644,63.322048611110965,63.631944444444294,94.05338541666644
,,,,,,165.10561342592553,90.90277777777757,59.293402777777644,62.90885416666652,63.631944444444294,66.5243055555554
,,,,,,165.07118055555517,90.38628472222202,59.293402777777644,62.54730902777763,63.631944444444294,66.11111111111096
,,,,,,165.07118055555517,89.97309027777757,59.499999999999865,68.4869791666665,63.631944444444294,65.69791666666652
,,,,,,165.2777777777774,94.82812499999979,59.39670138888875,55.67795138888876,63.631944444444294,65.28472222222207
,,,,,,165.2777777777774,93.175347222222,59.706597222222086,103.09201388888864,63.631944444444294,64.87152777777763
,,,,,,165.2777777777774,92.76215277777756,59.706597222222086,102.6788194444442,63.631944444444294,64.45833333333319
,,,,,,165.2777777777774,92.34895833333312,59.706597222222086,102.2139756944442,63.631944444444294,64.04513888888874
,,,,,,165.2777777777774,91.93576388888867,59.74103009259246,100.47511574074052,63.631944444444294,63.631944444444294
,,,,,,165.2777777777774,91.52256944444423,59.706597222222086,67.97048611111096,63.631944444444294,63.21874999999985
,,,,,,165.2777777777774,89.45659722222202,59.706597222222086,67.55729166666652,63.631944444444294,62.80555555555541
,,,,,,165.51880787036998,95.24131944444423,59.706597222222086,67.14409722222207,63.631944444444294,60.739583333333194
,,,,,,165.51880787036998,94.41493055555533,59.706597222222086,66.73090277777763,63.631944444444294,60.32638888888875
,,,,,,165.4843749999996,93.89843749999979,59.706597222222086,66.31770833333319,63.631944444444294,54.12847222222209
,,,,,,165.4843749999996,93.48524305555534,59.706597222222086,65.90451388888873,63.631944444444294,53.71527777777765
,,,,,,165.51880787036998,91.10937499999979,59.706597222222086,65.49131944444429,63.631944444444294,53.30208333333321
,,,,,,165.4843749999996,90.59288194444423,59.706597222222086,65.07812499999984,63.631944444444294,50.82291666666655
,,,,,,165.4843749999996,90.17968749999979,59.706597222222086,64.6649305555554,63.631944444444294,50.40972222222211
,,,,,,165.4843749999996,89.76649305555534,59.706597222222086,64.25173611111096,63.838541666666515,102.6788194444442
,,,,,,165.4843749999996,89.19835069444424,59.706597222222086,63.838541666666515,63.838541666666515,102.26562499999976
,,,,,,165.4843749999996,88.21701388888869,59.706597222222086,63.42534722222207,63.838541666666515,101.85243055555532
,,,,,,165.4843749999996,87.90711805555536,59.706597222222086,63.01215277777763,63.838541666666515,101.43923611111087
,,,,,,165.69097222222183,92.96874999999979,59.706597222222086,62.59895833333319,63.838541666666515,101.02604166666643
,,,,,,165.69097222222183,92.55555555555534,59.91319444444431,101.85243055555532,63.838541666666515,100.19965277777754
,,,,,,165.69097222222183,92.1423611111109,59.91319444444431,101.43923611111087,63.838541666666515,99.7864583333331
,,,,,,165.69097222222183,91.72916666666646,59.91319444444431,101.02604166666643,63.838541666666515,99.37326388888866
,,,,,,165.9320023148144,95.44791666666644,59.91319444444431,68.3836805555554,63.838541666666515,98.96006944444422
,,,,,,165.89756944444406,94.93142361111089,60.11979166666653,103.09201388888864,63.838541666666515,98.54687499999977
,,,,,,165.89756944444406,94.51822916666644,60.11979166666653,102.6788194444442,63.838541666666515,98.13368055555533
,,,,,,165.89756944444406,94.105034722222,60.11979166666653,102.26562499999976,63.838541666666515,97.72048611111089
,,,,,,165.89756944444406,93.69184027777756,60.11979166666653,100.61284722222199,63.838541666666515,97.30729166666644
,,,,,,165.89756944444406,93.27864583333312,60.11979166666653,100.2513020833331,63.838541666666515,96.06770833333312
,,,,,,165.9320023148144,91.31597222222202,60.11979166666653,67.97048611111096,63.73524305555541,94.82812499999979
,,,,,,165.89756944444406,90.79947916666646,60.11979166666653,67.55729166666652,63.838541666666515,94.41493055555533
,,,,,,165.89756944444406,90.38628472222202,60.11979166666653,67.14409722222207,63.838541666666515,62.392361111110965
,,,,,,165.89756944444406,89.97309027777757,60.11979166666653,66.73090277777763,63.838541666666515,61.97916666666652
,,,,,,165.89756944444406,89.55989583333313,60.11979166666653,66.31770833333319,63.838541666666515,61.56597222222208
,,,,,,165.89756944444406,89.19835069444424,60.11979166666653,65.90451388888873,63.838541666666515,61.15277777777764
,,,,,,166.13859953703664,96.48090277777756,60.11979166666653,65.49131944444429,63.838541666666515,59.91319444444431
,,,,,,166.1041666666663,95.964409722222,60.11979166666653,65.07812499999984,63.838541666666515,59.499999999999865
,,,,,,166.13859953703664,92.76215277777756,60.11979166666653,64.6649305555554,63.838541666666515,59.086805555555415
,,,,,,166.1041666666663,92.24565972222202,60.11979166666653,64.25173611111096,63.838541666666515,58.67361111111097
,,,,,,166.1041666666663,91.83246527777756,60.11979166666653,63.838541666666515,63.838541666666515,58.26041666666653
,,,,,,166.34519675925887,95.44791666666644,60.11979166666653,63.42534722222207,63.838541666666515,57.847222222222086
,,,,,,166.31076388888852,94.93142361111089,60.11979166666653,63.01215277777763,63.838541666666515,57.434027777777644
,,,,,,166.31076388888852,94.51822916666644,60.11979166666653,62.59895833333319,63.838541666666515,57.0208333333332
,,,,,,166.31076388888852,94.105034722222,60.32638888888875,101.85243055555532,63.838541666666515,56.60763888888876
,,,,,,166.31076388888852,93.69184027777756,60.32638888888875,101.43923611111087,63.838541666666515,56.194444444444315
,,,,,,166.31076388888852,93.27864583333312,60.32638888888875,101.02604166666643,63.838541666666515,55.78124999999987
,,,,,,166.34519675925887,91.31597222222202,60.360821759259125,68.3836805555554,63.838541666666515,55.36805555555543
,,,,,,166.31076388888852,90.79947916666646,60.32638888888875,62.34071180555541,63.838541666666515,54.954861111110986
,,,,,,166.31076388888852,90.38628472222202,60.53298611111097,103.09201388888864,63.838541666666515,54.54166666666654
,,,,,,166.31076388888852,89.97309027777757,60.53298611111097,102.6788194444442,63.838541666666515,52.888888888888765
,,,,,,166.31076388888852,89.55989583333313,60.53298611111097,102.26562499999976,63.838541666666515,52.47569444444432
,,,,,,166.2074652777774,89.24999999999979,60.42968749999986,100.61284722222199,63.838541666666515,52.06249999999988
,,,,,,166.5517939814811,96.894097222222,60.42968749999986,100.30295138888866,63.838541666666515,51.649305555555436
,,,,,,166.51736111111072,96.37760416666644,60.53298611111097,67.76388888888873,63.838541666666515,51.23611111111099
,,,,,,166.51736111111072,95.964409722222,60.53298611111097,67.35069444444429,63.838541666666515,49.996527777777665
,,,,,,166.5517939814811,92.76215277777756,60.53298611111097,66.93749999999984,63.838541666666515,49.583333333333215
,,,,,,166.51736111111072,92.24565972222202,60.53298611111097,66.5243055555554,63.838541666666515,49.17013888888877
,,,,,,166.51736111111072,91.83246527777756,60.53298611111097,66.11111111111096,63.838541666666515,48.86024305555544
,,,,,,166.51736111111072,74.37499999999983,60.53298611111097,65.69791666666652,64.04513888888874,103.09201388888864
,,,,,,166.51736111111072,73.96180555555539,60.53298611111097,65.28472222222207,64.04513888888874,100.61284722222199
,,,,,,166.72395833333294,95.44791666666644,60.53298611111097,64.87152777777763,64.04513888888874,96.894097222222
,,,,,,166.72395833333294,95.08637152777756,60.53298611111097,64.45833333333319,64.04513888888874,96.48090277777756
,,,,,,166.62065972222183,94.62152777777756,60.53298611111097,64.04513888888874,64.04513888888874,95.70616319444422
,,,,,,166.62065972222183,94.20833333333312,60.53298611111097,63.631944444444294,64.07957175925911,94.03616898148127
,,,,,,166.72395833333294,93.79513888888867,60.53298611111097,63.21874999999985,64.04513888888874,66.5243055555554
,,,,,,166.72395833333294,93.38194444444423,60.53298611111097,62.80555555555541,64.04513888888874,66.11111111111096
,,,,,,166.72395833333294,91.31597222222202,60.53298611111097,55.57465277777765,64.04513888888874,65.69791666666652
,,,,,,166.72395833333294,90.90277777777757,60.53298611111097,55.16145833333321,64.04513888888874,65.28472222222207
,,,,,,166.72395833333294,90.48958333333313,60.53298611111097,54.799913194444315,64.04513888888874,64.87152777777763
,,,,,,166.72395833333294,90.07638888888869,60.739583333333194,101.85243055555532,64.04513888888874,64.45833333333319
,,,,,,166.72395833333294,89.71484374999979,60.63628472222208,101.43923611111087,64.04513888888874,64.04513888888874
,,,,,,166.72395833333294,73.65190972222206,60.739583333333194,68.59027777777762,64.04513888888874,63.631944444444294
,,,,,,166.96498842592553,97.10069444444422,60.739583333333194,68.17708333333317,64.04513888888874,63.21874999999985
,,,,,,166.93055555555517,96.58420138888866,60.739583333333194,62.392361111110965,64.04513888888874,62.80555555555541
,,,,,,166.93055555555517,96.17100694444422,60.739583333333194,56.401041666666536,64.04513888888874,60.739583333333194
,,,,,,166.93055555555517,95.75781249999977,60.739583333333194,55.98784722222209,64.04513888888874,60.32638888888875
,,,,,,166.96498842592553,92.96874999999979,60.946180555555415,103.09201388888864,64.04513888888874,54.12847222222209
,,,,,,166.93055555555517,92.45225694444423,60.946180555555415,102.6788194444442,64.04513888888874,53.71527777777765
,,,,,,166.93055555555517,92.03906249999979,60.946180555555415,102.26562499999976,64.04513888888874,53.30208333333321
,,,,,,166.93055555555517,91.62586805555534,60.946180555555415,99.37326388888866,64.04513888888874,50.82291666666655
,,,,,,166.93055555555517,74.37499999999983,60.946180555555415,98.96006944444422,64.04513888888874,50.40972222222211
,,,,,,166.93055555555517,73.96180555555539,60.946180555555415,67.76388888888873,64.25173611111096,102.6788194444442
,,,,,,167.1371527777774,93.48524305555534,60.946180555555415,67.35069444444429,64.25173611111096,102.26562499999976
,,,,,,167.0338541666663,91.10937499999979,60.946180555555415,66.93749999999984,64.25173611111096,101.85243055555532
,,,,,,167.0338541666663,90.69618055555534,60.946180555555415,66.5243055555554,64.25173611111096,101.43923611111087
,,,,,,167.0338541666663,90.2829861111109,60.946180555555415,66.11111111111096,64.25173611111096,101.02604166666643
,,,,,,167.3437499999996,97.30729166666644,60.946180555555415,65.69791666666652,64.25173611111096,100.19965277777754
,,,,,,167.3437499999996,96.894097222222,60.946180555555415,65.28472222222207,64.25173611111096,99.7864583333331
,,,,,,167.3437499999996,96.48090277777756,60.946180555555415,64.87152777777763,64.25173611111096,99.37326388888866
,,,,,,167.3437499999996,96.06770833333312,60.946180555555415,64.45833333333319,64.25173611111096,98.96006944444422
,,,,,,167.3437499999996,95.70616319444422,60.946180555555415,64.04513888888874,64.25173611111096,98.54687499999977
,,,,,,167.2404513888885,92.96874999999979,60.946180555555415,63.631944444444294,64.25173611111096,98.13368055555533
,,,,,,167.2404513888885,92.55555555555534,60.946180555555415,63.21874999999985,64.25173611111096,97.72048611111089
,,,,,,167.3437499999996,92.19401041666646,60.946180555555415,62.80555555555541,64.25173611111096,97.30729166666644
,,,,,,167.2404513888885,91.83246527777756,60.946180555555415,60.53298611111097,64.25173611111096,96.06770833333312
,,,,,,167.7913773148144,97.13512731481458,60.946180555555415,60.11979166666653,64.28616898148134,62.392361111110965
,,,,,,167.65364583333294,96.68749999999977,60.946180555555415,59.706597222222086,64.25173611111096,61.875868055555415
,,,,,,167.65364583333294,96.37760416666644,60.946180555555415,59.293402777777644,64.25173611111096,61.462673611110965
,,,,,,168.1701388888885,98.54687499999977,60.946180555555415,58.880208333333194,64.25173611111096,61.04947916666652
,,,,,,168.1701388888885,98.13368055555533,60.946180555555415,58.46701388888875,64.28616898148134,59.91319444444431
,,,,,,168.1701388888885,97.72048611111089,60.946180555555415,58.05381944444431,64.25173611111096,59.39670138888875
,,,,,,168.1701388888885,97.41059027777756,60.946180555555415,57.640624999999865,64.25173611111096,58.98350694444431
,,,,,,168.0668402777774,96.99739583333312,60.946180555555415,57.22743055555542,64.25173611111096,58.570312499999865
,,,,,,168.48003472222183,98.13368055555533,60.946180555555415,56.81423611111098,64.25173611111096,58.15711805555542
,,,,,,168.48003472222183,97.823784722222,60.946180555555415,55.57465277777765,64.25173611111096,57.74392361111098
,,,,,,169.03096064814775,98.20254629629608,60.946180555555415,55.16145833333321,64.25173611111096,57.330729166666536
,,,,,,169.44415509259218,98.96006944444422,60.946180555555415,54.748263888888765,64.25173611111096,56.91753472222209
,,,,,,169.40972222222183,98.44357638888866,60.946180555555415,54.335069444444315,64.25173611111096,56.504340277777644
,,,,,,169.40972222222183,98.08203124999977,60.946180555555415,53.92187499999987,64.25173611111096,56.0911458333332
,,,,,,169.82291666666626,99.16666666666643,60.946180555555415,53.50868055555543,64.25173611111096,55.67795138888876
,,,,,,169.82291666666626,98.75347222222199,60.946180555555415,53.14713541666654,64.25173611111096,55.264756944444315
,,,,,,169.82291666666626,98.34027777777754,60.946180555555415,52.630642361110986,64.25173611111096,54.85156249999987
,,,,,,169.71961805555517,98.03038194444422,61.15277777777764,101.90407986111087,64.25173611111096,54.43836805555543
,,,,,,170.23611111111072,99.16666666666643,61.15277777777764,98.54687499999977,64.28616898148134,52.888888888888765
,,,,,,170.23611111111072,98.75347222222199,61.15277777777764,98.13368055555533,64.25173611111096,52.372395833333215
,,,,,,170.23611111111072,98.34027777777754,61.15277777777764,68.59027777777762,64.25173611111096,51.959201388888765
,,,,,,170.54600694444406,98.96006944444422,61.15277777777764,68.17708333333317,64.25173611111096,51.54600694444432
,,,,,,170.54600694444406,98.54687499999977,61.15277777777764,62.392361111110965,64.25173611111096,51.13281249999988
,,,,,,171.92332175925884,77.8871527777776,61.15277777777764,56.401041666666536,64.28616898148134,49.996527777777665
,,,,,,172.09548611111072,77.26736111111093,61.15277777777764,55.98784722222209,64.25173611111096,49.48003472222211
,,,,,,172.30208333333294,78.09374999999982,61.35937499999986,103.09201388888864,64.25173611111096,49.066840277777665
,,,,,,172.30208333333294,77.68055555555537,61.35937499999986,102.6788194444442,64.14843749999986,48.86024305555544
,,,,,,172.54311342592553,77.30179398148131,61.35937499999986,102.26562499999976,64.45833333333319,103.09201388888864
,,,,,,172.71527777777737,78.30034722222204,61.35937499999986,99.37326388888866,64.45833333333319,100.61284722222199
,,,,,,172.71527777777737,77.8871527777776,61.35937499999986,98.96006944444422,64.45833333333319,96.894097222222
,,,,,,172.95630787036995,77.47395833333316,61.35937499999986,97.823784722222,64.45833333333319,96.48090277777756
,,,,,,172.8185763888885,77.16406249999982,61.35937499999986,67.76388888888873,64.45833333333319,95.65451388888867
,,,,,,173.16290509259218,78.50694444444426,61.35937499999986,67.35069444444429,64.45833333333319,94.105034722222
,,,,,,173.12847222222183,77.9904513888887,61.35937499999986,66.93749999999984,64.35503472222207,93.89843749999979
,,,,,,173.33506944444403,77.47395833333316,61.35937499999986,66.5243055555554,64.49276620370355,66.31770833333319
,,,,,,173.33506944444403,77.11241319444427,61.35937499999986,66.11111111111096,64.45833333333319,65.80121527777763
,,,,,,173.54166666666626,78.71354166666649,61.35937499999986,65.69791666666652,64.45833333333319,65.38802083333319
,,,,,,173.54166666666626,78.30034722222204,61.35937499999986,65.28472222222207,64.45833333333319,64.97482638888874
,,,,,,173.54166666666626,77.8871527777776,61.35937499999986,64.87152777777763,64.45833333333319,64.5616319444443
,,,,,,173.78269675925884,77.47395833333316,61.35937499999986,64.45833333333319,64.45833333333319,64.14843749999986
,,,,,,173.7482638888885,76.9574652777776,61.35937499999986,64.04513888888874,64.45833333333319,63.73524305555541
,,,,,,173.7482638888885,76.54427083333316,61.35937499999986,63.631944444444294,64.45833333333319,63.322048611110965
,,,,,,173.78269675925884,75.82118055555539,61.35937499999986,63.21874999999985,64.45833333333319,62.90885416666652
,,,,,,173.7482638888885,75.40798611111093,61.35937499999986,62.80555555555541,64.49276620370355,60.53298611111097
,,,,,,173.95486111111072,78.9201388888887,61.35937499999986,61.97916666666652,64.49276620370355,53.92187499999987
,,,,,,173.95486111111072,78.50694444444426,61.39380787037023,60.946180555555415,64.45833333333319,53.40538194444432
,,,,,,173.95486111111072,78.09374999999982,61.35937499999986,60.42968749999986,64.49276620370355,50.61631944444433
,,,,,,174.16145833333292,77.68055555555537,61.35937499999986,60.016493055555415,64.6649305555554,102.6788194444442
,,,,,,174.16145833333292,77.26736111111093,61.35937499999986,59.60329861111097,64.6649305555554,102.26562499999976
,,,,,,174.16145833333292,76.85416666666649,61.35937499999986,59.19010416666653,64.6649305555554,101.85243055555532
,,,,,,174.16145833333292,76.44097222222204,61.35937499999986,58.776909722222086,64.6649305555554,101.43923611111087
,,,,,,174.16145833333292,76.0277777777776,61.35937499999986,58.363715277777644,64.6649305555554,101.02604166666643
,,,,,,174.16145833333292,75.61458333333316,61.35937499999986,57.9505208333332,64.6649305555554,100.19965277777754
,,,,,,174.16145833333292,75.20138888888872,61.35937499999986,57.53732638888876,64.6649305555554,99.7864583333331
,,,,,,174.40248842592553,78.9201388888887,61.35937499999986,57.124131944444315,64.6649305555554,99.37326388888866
,,,,,,174.36805555555515,78.40364583333316,61.35937499999986,56.710937499999865,64.6649305555554,98.96006944444422
,,,,,,174.36805555555515,77.9904513888887,61.39380787037023,55.57465277777765,64.6649305555554,98.54687499999977
,,,,,,174.36805555555515,74.94314236111094,61.35937499999986,55.05815972222209,64.6649305555554,98.13368055555533
,,,,,,174.36805555555515,74.5299479166665,61.35937499999986,54.64496527777765,64.6649305555554,97.72048611111089
,,,,,,174.57465277777737,77.47395833333316,61.35937499999986,54.23177083333321,64.6649305555554,97.30729166666644
,,,,,,174.57465277777737,77.06076388888872,61.35937499999986,53.818576388888765,64.6649305555554,96.06770833333312
,,,,,,174.57465277777737,76.64756944444427,61.35937499999986,53.40538194444432,64.69936342592578,62.392361111110965
,,,,,,174.57465277777737,76.23437499999983,61.35937499999986,52.99218749999988,64.6649305555554,61.875868055555415
,,,,,,174.57465277777737,75.82118055555539,61.35937499999986,52.578993055555436,64.6649305555554,61.462673611110965
,,,,,,174.57465277777737,75.40798611111093,61.35937499999986,52.16579861111099,64.6649305555554,61.04947916666652
,,,,,,174.57465277777737,74.1684027777776,61.35937499999986,51.75260416666654,64.69936342592578,59.91319444444431
,,,,,,174.57465277777737,73.85850694444427,61.256076388888744,51.54600694444432,64.6649305555554,59.39670138888875
,,,,,,174.47135416666626,67.14409722222207,61.35937499999986,50.92621527777766,64.6649305555554,58.98350694444431
,,,,,,174.47135416666626,66.73090277777763,61.56597222222208,101.95572916666643,64.6649305555554,58.570312499999865
,,,,,,174.7812499999996,79.12673611111093,61.56597222222208,98.54687499999977,64.6649305555554,58.15711805555542
,,,,,,174.7812499999996,78.71354166666649,61.56597222222208,98.13368055555533,64.6649305555554,57.74392361111098
,,,,,,174.7812499999996,78.30034722222204,61.56597222222208,68.59027777777762,64.6649305555554,57.330729166666536
,,,,,,174.7812499999996,77.8871527777776,61.56597222222208,68.17708333333317,64.6649305555554,56.91753472222209
,,,,,,174.7812499999996,74.99479166666649,61.56597222222208,62.392361111110965,64.6649305555554,56.504340277777644
,,,,,,174.7812499999996,74.58159722222204,61.56597222222208,61.56597222222208,64.6649305555554,56.0911458333332
,,,,,,174.9878472222218,77.47395833333316,61.56597222222208,56.194444444444315,64.6649305555554,55.67795138888876
,,,,,,174.9878472222218,77.06076388888872,61.56597222222208,51.23611111111099,64.6649305555554,55.264756944444315
,,,,,,174.9878472222218,76.64756944444427,61.7725694444443,103.09201388888864,64.6649305555554,54.85156249999987
,,,,,,174.9878472222218,76.23437499999983,61.7725694444443,102.6788194444442,64.6649305555554,54.43836805555543
,,,,,,174.9878472222218,75.82118055555539,61.7725694444443,102.26562499999976,64.69936342592578,52.888888888888765
,,,,,,174.9878472222218,75.40798611111093,61.7725694444443,99.37326388888866,64.6649305555554,52.372395833333215
,,,,,,174.9878472222218,74.22005208333316,61.7725694444443,98.96006944444422,64.6649305555554,51.959201388888765
,,,,,,175.19444444444403,79.12673611111093,61.7725694444443,97.823784722222,64.6649305555554,51.54600694444432
,,,,,,175.19444444444403,78.71354166666649,61.7725694444443,67.76388888888873,64.6649305555554,51.13281249999988
,,,,,,175.19444444444403,78.30034722222204,61.7725694444443,67.35069444444429,64.69936342592578,49.996527777777665
,,,,,,175.19444444444403,77.8871527777776,61.7725694444443,66.93749999999984,64.6649305555554,49.48003472222211
,,,,,,175.19444444444403,74.99479166666649,61.7725694444443,66.5243055555554,64.6649305555554,49.066840277777665
,,,,,,175.09114583333292,74.58159722222204,61.7725694444443,66.11111111111096,64.5616319444443,48.86024305555544
,,,,,,175.40104166666626,77.47395833333316,61.7725694444443,65.69791666666652,64.87152777777763,103.09201388888864
,,,,,,175.40104166666626,77.06076388888872,61.7725694444443,65.28472222222207,64.87152777777763,100.61284722222199
,,,,,,175.40104166666626,76.64756944444427,61.7725694444443,64.87152777777763,64.87152777777763,96.894097222222
,,,,,,175.40104166666626,76.23437499999983,61.7725694444443,64.45833333333319,64.87152777777763,96.48090277777756
,,,,,,175.40104166666626,75.82118055555539,61.7725694444443,64.04513888888874,64.87152777777763,95.65451388888867
,,,,,,175.40104166666626,75.40798611111093,61.7725694444443,63.631944444444294,64.87152777777763,95.29296874999977
,,,,,,175.6076388888885,79.12673611111093,61.7725694444443,63.21874999999985,64.87152777777763,94.105034722222
,,,,,,175.6076388888885,78.71354166666649,61.7725694444443,62.80555555555541,64.87152777777763,66.31770833333319
,,,,,,175.6076388888885,78.30034722222204,61.7725694444443,61.97916666666652,64.87152777777763,65.90451388888873
,,,,,,175.6076388888885,77.8871527777776,61.7725694444443,61.15277777777764,64.87152777777763,65.49131944444429
,,,,,,175.6076388888885,74.99479166666649,61.7725694444443,60.739583333333194,64.87152777777763,65.07812499999984
,,,,,,175.81423611111072,77.47395833333316,61.7725694444443,60.32638888888875,64.87152777777763,64.6649305555554
,,,,,,175.81423611111072,77.06076388888872,61.7725694444443,59.91319444444431,64.87152777777763,64.25173611111096
,,,,,,175.81423611111072,76.64756944444427,61.7725694444443,59.499999999999865,64.87152777777763,63.838541666666515
,,,,,,175.81423611111072,76.23437499999983,61.7725694444443,59.086805555555415,64.87152777777763,63.42534722222207
,,,,,,175.81423611111072,75.82118055555539,61.7725694444443,58.67361111111097,64.87152777777763,63.01215277777763
,,,,,,175.81423611111072,75.40798611111093,61.7725694444443,58.26041666666653,64.87152777777763,60.53298611111097
,,,,,,175.81423611111072,68.17708333333317,61.7725694444443,57.847222222222086,64.87152777777763,53.92187499999987
,,,,,,175.81423611111072,67.86718749999984,61.7725694444443,57.434027777777644,64.87152777777763,53.50868055555543
,,,,,,176.02083333333292,79.12673611111093,61.7725694444443,57.0208333333332,64.87152777777763,50.61631944444433
,,,,,,176.02083333333292,78.71354166666649,61.7725694444443,56.60763888888876,65.07812499999984,102.6788194444442
,,,,,,176.02083333333292,78.30034722222204,61.7725694444443,55.78124999999987,65.07812499999984,102.26562499999976
,,,,,,176.02083333333292,77.8871527777776,61.7725694444443,55.36805555555543,65.07812499999984,101.85243055555532
,,,,,,176.02083333333292,75.04644097222204,61.7725694444443,54.954861111110986,65.07812499999984,101.43923611111087
,,,,,,176.2618634259255,77.47395833333316,61.7725694444443,54.54166666666654,65.07812499999984,101.02604166666643
,,,,,,176.22743055555515,76.9574652777776,61.7725694444443,54.12847222222209,65.07812499999984,100.19965277777754
,,,,,,176.22743055555515,76.54427083333316,61.7725694444443,53.71527777777765,65.07812499999984,99.7864583333331
,,,,,,176.22743055555515,76.13107638888872,61.7725694444443,53.30208333333321,65.07812499999984,99.42491319444422
,,,,,,176.22743055555515,75.71788194444427,61.7725694444443,52.888888888888765,65.07812499999984,97.20399305555533
,,,,,,176.22743055555515,75.30468749999983,61.7725694444443,52.47569444444432,65.11255787037022,96.06770833333312
,,,,,,176.22743055555515,68.17708333333317,61.7725694444443,52.06249999999988,65.07812499999984,62.59895833333319
,,,,,,176.43402777777737,79.33333333333314,61.7725694444443,51.649305555555436,65.07812499999984,62.185763888888744
,,,,,,176.43402777777737,78.9201388888887,61.7725694444443,50.92621527777766,65.07812499999984,61.7725694444443
,,,,,,176.43402777777737,78.50694444444426,61.97916666666652,101.95572916666643,65.07812499999984,61.35937499999986
,,,,,,176.43402777777737,78.09374999999982,61.97916666666652,98.54687499999977,65.07812499999984,60.946180555555415
,,,,,,176.6406249999996,77.68055555555537,61.97916666666652,98.13368055555533,65.07812499999984,60.11979166666653
,,,,,,176.6406249999996,77.26736111111093,61.97916666666652,68.59027777777762,65.07812499999984,59.706597222222086
,,,,,,176.6406249999996,76.85416666666649,61.97916666666652,68.17708333333317,65.07812499999984,59.293402777777644
,,,,,,176.6406249999996,76.44097222222204,61.97916666666652,62.392361111110965,65.07812499999984,58.880208333333194
,,,,,,176.6406249999996,76.0277777777776,61.97916666666652,61.56597222222208,65.07812499999984,58.46701388888875
,,,,,,176.6406249999996,75.61458333333316,61.97916666666652,56.194444444444315,65.07812499999984,58.05381944444431
,,,,,,176.6406249999996,75.20138888888872,61.97916666666652,51.23611111111099,65.07812499999984,57.640624999999865
,,,,,,176.8472222222218,79.23003472222204,62.185763888888744,103.09201388888864,65.07812499999984,57.22743055555542
,,,,,,176.8472222222218,78.8168402777776,62.185763888888744,102.6788194444442,65.07812499999984,56.81423611111098
,,,,,,176.8472222222218,78.40364583333316,62.185763888888744,102.26562499999976,65.07812499999984,56.401041666666536
,,,,,,176.8472222222218,77.9904513888887,62.22019675925912,99.37326388888866,65.07812499999984,55.98784722222209
,,,,,,177.05381944444403,77.47395833333316,62.185763888888744,98.8567708333331,65.07812499999984,55.57465277777765
,,,,,,177.05381944444403,77.06076388888872,62.185763888888744,97.87543402777754,65.07812499999984,55.16145833333321
,,,,,,177.05381944444403,76.64756944444427,62.185763888888744,67.76388888888873,65.07812499999984,54.748263888888765
,,,,,,177.05381944444403,76.23437499999983,62.185763888888744,67.35069444444429,65.07812499999984,54.335069444444315
,,,,,,177.05381944444403,75.87282986111093,62.185763888888744,66.93749999999984,65.07812499999984,53.095486111110986
,,,,,,176.95052083333292,75.40798611111093,62.185763888888744,66.5243055555554,65.07812499999984,52.68229166666654
,,,,,,176.95052083333292,75.0980902777776,62.185763888888744,66.11111111111096,65.07812499999984,52.2690972222221
,,,,,,177.15711805555515,78.71354166666649,62.185763888888744,65.69791666666652,65.07812499999984,51.85590277777766
,,,,,,177.26041666666626,78.19704861111093,62.185763888888744,65.28472222222207,65.07812499999984,51.442708333333215
,,,,,,177.26041666666626,77.78385416666649,62.185763888888744,64.87152777777763,65.07812499999984,51.02951388888877
,,,,,,177.6736111111107,74.37499999999983,62.185763888888744,64.45833333333319,65.07812499999984,50.203124999999886
,,,,,,177.6736111111107,73.96180555555539,62.185763888888744,64.04513888888874,65.07812499999984,49.78993055555544
,,,,,,177.6736111111107,73.54861111111094,62.185763888888744,63.631944444444294,65.07812499999984,49.37673611111099
,,,,,,177.6736111111107,73.1354166666665,62.185763888888744,63.21874999999985,65.07812499999984,48.96354166666655
,,,,,,177.6736111111107,72.72222222222206,62.185763888888744,62.80555555555541,65.28472222222207,103.09201388888864
,,,,,,177.6736111111107,72.36067708333317,62.185763888888744,61.97916666666652,65.28472222222207,100.61284722222199
,,,,,,177.70804398148107,71.68923611111094,62.185763888888744,61.15277777777764,65.31915509259244,96.68749999999977
,,,,,,177.5703124999996,71.37934027777762,62.185763888888744,60.739583333333194,65.31915509259244,95.44791666666644
,,,,,,177.88020833333292,71.06944444444429,62.185763888888744,60.32638888888875,65.18142361111096,95.13802083333312
,,,,,,178.1212384259255,74.37499999999983,62.185763888888744,59.91319444444431,65.28472222222207,66.21440972222207
,,,,,,178.08680555555515,73.85850694444427,62.185763888888744,59.499999999999865,65.28472222222207,65.80121527777763
,,,,,,178.08680555555515,73.44531249999983,62.185763888888744,59.086805555555415,65.28472222222207,65.38802083333319
,,,,,,178.08680555555515,73.03211805555539,62.185763888888744,58.67361111111097,65.28472222222207,64.97482638888874
,,,,,,178.08680555555515,72.61892361111094,62.185763888888744,58.26041666666653,65.28472222222207,64.5616319444443
,,,,,,178.08680555555515,72.2057291666665,62.185763888888744,57.847222222222086,65.28472222222207,64.14843749999986
,,,,,,178.08680555555515,71.79253472222206,62.185763888888744,57.434027777777644,65.28472222222207,63.73524305555541
,,,,,,178.08680555555515,71.37934027777762,62.185763888888744,57.0208333333332,65.28472222222207,63.322048611110965
,,,,,,178.1212384259255,70.65624999999983,62.185763888888744,56.60763888888876,65.28472222222207,62.90885416666652
,,,,,,178.49999999999957,74.58159722222204,62.185763888888744,55.78124999999987,65.31915509259244,60.53298611111097
,,,,,,178.49999999999957,74.1684027777776,62.185763888888744,55.36805555555543,65.31915509259244,53.92187499999987
,,,,,,178.49999999999957,73.75520833333316,62.185763888888744,54.954861111110986,65.28472222222207,53.40538194444432
,,,,,,178.49999999999957,73.34201388888872,62.185763888888744,54.54166666666654,65.31915509259244,50.61631944444433
,,,,,,178.49999999999957,72.92881944444427,62.185763888888744,54.12847222222209,65.49131944444429,102.6788194444442
,,,,,,178.49999999999957,72.51562499999983,62.185763888888744,53.71527777777765,65.49131944444429,102.26562499999976
,,,,,,178.49999999999957,72.10243055555539,62.185763888888744,53.30208333333321,65.49131944444429,101.85243055555532
,,,,,,178.49999999999957,71.68923611111094,62.185763888888744,52.888888888888765,65.49131944444429,101.43923611111087
,,,,,,178.49999999999957,71.2760416666665,62.185763888888744,52.47569444444432,65.49131944444429,101.02604166666643
,,,,,,178.49999999999957,70.86284722222206,62.185763888888744,52.06249999999988,65.49131944444429,100.19965277777754
,,,,,,178.49999999999957,70.50130208333317,62.185763888888744,51.649305555555436,65.49131944444429,99.7864583333331
,,,,,,178.3967013888885,70.13975694444429,62.185763888888744,50.92621527777766,65.52575231481467,96.06770833333312
,,,,,,178.91319444444403,74.47829861111094,62.392361111110965,101.90407986111087,65.49131944444429,62.392361111110965
,,,,,,178.91319444444403,74.0651041666665,62.42679398148134,98.34027777777754,65.49131944444429,61.97916666666652
,,,,,,178.91319444444403,73.65190972222206,62.392361111110965,68.59027777777762,65.49131944444429,61.56597222222208
,,,,,,178.91319444444403,73.2387152777776,62.392361111110965,68.17708333333317,65.49131944444429,61.15277777777764
,,,,,,178.91319444444403,72.82552083333316,62.392361111110965,62.392361111110965,65.49131944444429,59.91319444444431
,,,,,,178.91319444444403,72.41232638888872,62.392361111110965,61.56597222222208,65.49131944444429,59.499999999999865
,,,,,,178.91319444444403,71.99913194444427,62.392361111110965,56.194444444444315,65.49131944444429,59.086805555555415
,,,,,,178.91319444444403,71.58593749999983,62.392361111110965,51.23611111111099,65.49131944444429,58.67361111111097
,,,,,,178.91319444444403,71.17274305555539,62.59895833333319,103.09201388888864,65.49131944444429,58.26041666666653
,,,,,,178.91319444444403,70.8111979166665,62.59895833333319,102.6788194444442,65.49131944444429,57.847222222222086
,,,,,,178.91319444444403,66.11111111111096,62.59895833333319,102.26562499999976,65.49131944444429,57.434027777777644
,,,,,,179.32638888888846,74.27170138888872,62.59895833333319,101.49088541666643,65.49131944444429,57.0208333333332
,,,,,,179.32638888888846,73.85850694444427,62.63339120370356,99.7864583333331,65.49131944444429,56.60763888888876
,,,,,,179.32638888888846,73.44531249999983,62.59895833333319,99.26996527777754,65.49131944444429,56.194444444444315
,,,,,,179.32638888888846,73.03211805555539,62.59895833333319,98.8567708333331,65.49131944444429,55.78124999999987
,,,,,,179.32638888888846,72.61892361111094,62.63339120370356,97.75491898148125,65.49131944444429,55.36805555555543
,,,,,,179.32638888888846,72.2057291666665,62.59895833333319,67.76388888888873,65.49131944444429,54.954861111110986
,,,,,,179.32638888888846,71.79253472222206,62.59895833333319,67.35069444444429,65.49131944444429,54.54166666666654
,,,,,,179.32638888888846,71.37934027777762,62.59895833333319,66.93749999999984,65.49131944444429,52.888888888888765
,,,,,,179.32638888888846,71.01779513888873,62.59895833333319,66.5243055555554,65.49131944444429,52.47569444444432
,,,,,,179.32638888888846,66.0594618055554,62.59895833333319,66.11111111111096,65.49131944444429,52.06249999999988
,,,,,,179.22309027777737,65.80121527777763,62.59895833333319,65.69791666666652,65.49131944444429,51.649305555555436
,,,,,,179.73958333333292,73.03211805555539,62.59895833333319,65.28472222222207,65.49131944444429,51.23611111111099
,,,,,,179.73958333333292,72.61892361111094,62.59895833333319,64.87152777777763,65.49131944444429,49.996527777777665
,,,,,,179.73958333333292,72.2057291666665,62.59895833333319,64.45833333333319,65.49131944444429,49.583333333333215
,,,,,,179.73958333333292,71.79253472222206,62.59895833333319,64.04513888888874,65.49131944444429,49.17013888888877
,,,,,,179.73958333333292,71.37934027777762,62.59895833333319,63.631944444444294,65.49131944444429,48.86024305555544
,,,,,,179.73958333333292,71.01779513888873,62.59895833333319,63.21874999999985,65.69791666666652,103.09201388888864
,,,,,,180.15277777777737,72.82552083333316,62.59895833333319,62.80555555555541,65.69791666666652,100.61284722222199
,,,,,,180.15277777777737,72.41232638888872,62.59895833333319,61.97916666666652,65.69791666666652,97.10069444444422
,,,,,,180.15277777777737,71.99913194444427,62.59895833333319,61.15277777777764,65.69791666666652,96.68749999999977
,,,,,,180.15277777777737,71.58593749999983,62.59895833333319,60.739583333333194,65.5946180555554,95.44791666666644
,,,,,,180.15277777777737,71.17274305555539,62.59895833333319,60.32638888888875,65.73234953703688,66.11111111111096
,,,,,,180.04947916666626,70.96614583333317,62.59895833333319,59.91319444444431,65.69791666666652,65.5946180555554
,,,,,,180.35937499999957,58.26041666666653,62.59895833333319,59.499999999999865,65.69791666666652,65.18142361111096
,,,,,,180.35937499999957,57.847222222222086,62.59895833333319,59.086805555555415,65.69791666666652,64.76822916666652
,,,,,,180.35937499999957,57.434027777777644,62.59895833333319,58.67361111111097,65.69791666666652,64.35503472222207
,,,,,,180.35937499999957,57.0208333333332,62.59895833333319,58.26041666666653,65.69791666666652,63.94184027777763
,,,,,,180.5659722222218,72.41232638888872,62.59895833333319,57.847222222222086,65.69791666666652,63.52864583333319
,,,,,,180.5659722222218,71.99913194444427,62.59895833333319,57.434027777777644,65.69791666666652,63.115451388888744
,,,,,,180.5659722222218,71.58593749999983,62.59895833333319,57.0208333333332,65.69791666666652,62.7022569444443
,,,,,,180.4626736111107,71.2760416666665,62.59895833333319,56.60763888888876,65.73234953703688,60.739583333333194
,,,,,,180.4626736111107,70.96614583333317,62.59895833333319,55.78124999999987,65.69791666666652,60.22309027777764
,,,,,,180.77256944444403,58.26041666666653,62.59895833333319,55.36805555555543,65.73234953703688,54.12847222222209
,,,,,,180.77256944444403,57.847222222222086,62.59895833333319,54.954861111110986,65.69791666666652,53.61197916666654
,,,,,,180.77256944444403,57.434027777777644,62.59895833333319,54.54166666666654,65.69791666666652,53.1987847222221
,,,,,,180.77256944444403,57.0208333333332,62.59895833333319,54.12847222222209,65.73234953703688,50.82291666666655
,,,,,,180.77256944444403,56.710937499999865,62.59895833333319,53.71527777777765,65.69791666666652,50.30642361111099
,,,,,,181.18576388888846,58.26041666666653,62.59895833333319,53.30208333333321,65.90451388888873,102.6788194444442
,,,,,,181.18576388888846,57.847222222222086,62.59895833333319,52.888888888888765,65.90451388888873,102.26562499999976
,,,,,,181.18576388888846,57.434027777777644,62.59895833333319,52.372395833333215,65.90451388888873,101.85243055555532
,,,,,,181.18576388888846,57.0208333333332,62.59895833333319,51.959201388888765,65.90451388888873,101.43923611111087
,,,,,,181.18576388888846,56.710937499999865,62.59895833333319,51.54600694444432,65.90451388888873,101.02604166666643
,,,,,,181.59895833333292,58.26041666666653,62.59895833333319,50.977864583333215,65.90451388888873,100.19965277777754
,,,,,,181.59895833333292,57.847222222222086,62.80555555555541,101.85243055555532,65.90451388888873,99.7864583333331
,,,,,,181.59895833333292,57.434027777777644,62.83998842592578,98.34027777777754,65.93894675925911,97.51388888888866
,,,,,,181.59895833333292,57.0208333333332,62.80555555555541,68.59027777777762,65.93894675925911,96.27430555555533
,,,,,,181.59895833333292,56.710937499999865,62.80555555555541,68.17708333333317,65.90451388888873,95.80946180555533
,,,,,,182.01215277777735,61.61762152777764,62.80555555555541,62.392361111110965,65.90451388888873,62.185763888888744
,,,,,,182.01215277777735,58.26041666666653,62.80555555555541,61.56597222222208,65.90451388888873,61.7725694444443
,,,,,,182.01215277777735,57.847222222222086,62.80555555555541,56.194444444444315,65.90451388888873,61.35937499999986
,,,,,,182.01215277777735,57.434027777777644,63.01215277777763,103.09201388888864,65.90451388888873,59.706597222222086
,,,,,,182.01215277777735,57.0208333333332,63.01215277777763,102.6788194444442,65.90451388888873,59.293402777777644
,,,,,,182.01215277777735,56.710937499999865,63.01215277777763,102.26562499999976,65.90451388888873,58.880208333333194
,,,,,,182.21874999999957,61.97916666666652,63.01215277777763,101.43923611111087,65.90451388888873,58.46701388888875
,,,,,,182.21874999999957,61.256076388888744,63.01215277777763,101.02604166666643,65.90451388888873,58.05381944444431
,,,,,,182.4253472222218,64.25173611111096,63.01215277777763,100.61284722222199,65.90451388888873,57.640624999999865
,,,,,,182.4253472222218,63.838541666666515,63.01215277777763,100.19965277777754,65.90451388888873,57.22743055555542
,,,,,,182.4253472222218,63.52864583333319,63.01215277777763,99.7864583333331,65.90451388888873,56.81423611111098
,,,,,,182.4253472222218,61.56597222222208,63.01215277777763,99.37326388888866,65.90451388888873,56.401041666666536
,,,,,,182.4253472222218,58.15711805555542,63.01215277777763,98.96006944444422,65.90451388888873,55.98784722222209
,,,,,,182.4253472222218,57.74392361111098,63.01215277777763,97.72048611111089,65.90451388888873,55.57465277777765
,,,,,,182.4253472222218,57.330729166666536,63.01215277777763,97.30729166666644,65.90451388888873,55.16145833333321
,,,,,,182.4253472222218,56.91753472222209,63.01215277777763,96.894097222222,65.90451388888873,54.748263888888765
,,,,,,182.3220486111107,56.710937499999865,63.01215277777763,96.48090277777756,65.90451388888873,52.68229166666654
,,,,,,182.63194444444403,65.49131944444429,63.01215277777763,96.06770833333312,65.90451388888873,52.2690972222221
,,,,,,182.63194444444403,65.07812499999984,63.01215277777763,95.75781249999977,65.90451388888873,51.85590277777766
,,,,,,182.63194444444403,64.6649305555554,62.90885416666652,67.76388888888873,65.90451388888873,51.442708333333215
,,,,,,182.63194444444403,61.97916666666652,63.01215277777763,67.35069444444429,65.90451388888873,49.78993055555544
,,,,,,182.52864583333292,61.256076388888744,63.01215277777763,66.93749999999984,65.90451388888873,49.37673611111099
,,,,,,182.83854166666623,65.90451388888873,63.01215277777763,66.5243055555554,65.90451388888873,48.96354166666655
,,,,,,182.83854166666623,61.61762152777764,63.01215277777763,66.11111111111096,66.11111111111096,103.09201388888864
,,,,,,182.83854166666623,58.05381944444431,63.01215277777763,65.69791666666652,66.11111111111096,100.61284722222199
,,,,,,182.83854166666623,57.640624999999865,63.01215277777763,65.28472222222207,66.00781249999984,99.37326388888866
,,,,,,182.83854166666623,57.22743055555542,63.01215277777763,64.87152777777763,66.00781249999984,99.06336805555533
,,,,,,182.83854166666623,56.865885416666536,63.01215277777763,64.45833333333319,66.00781249999984,98.13368055555533
,,,,,,183.07957175925884,65.49131944444429,63.01215277777763,64.04513888888874,66.11111111111096,96.94574652777756
,,,,,,183.04513888888846,65.02647569444429,63.01215277777763,63.631944444444294,66.11111111111096,66.31770833333319
,,,,,,182.94184027777735,64.76822916666652,63.01215277777763,63.21874999999985,66.11111111111096,65.90451388888873
,,,,,,182.94184027777735,61.97916666666652,63.01215277777763,62.80555555555541,66.11111111111096,65.49131944444429
,,,,,,183.28616898148104,66.11111111111096,63.01215277777763,61.97916666666652,66.11111111111096,65.07812499999984
,,,,,,183.2517361111107,58.05381944444431,63.01215277777763,61.15277777777764,66.11111111111096,64.6649305555554
,,,,,,183.2517361111107,57.640624999999865,63.01215277777763,60.739583333333194,66.11111111111096,64.25173611111096
,,,,,,183.2517361111107,57.22743055555542,63.01215277777763,60.32638888888875,66.11111111111096,63.838541666666515
,,,,,,183.2517361111107,56.91753472222209,63.01215277777763,59.91319444444431,66.11111111111096,63.42534722222207
,,,,,,183.45833333333292,65.49131944444429,63.01215277777763,59.499999999999865,66.11111111111096,63.01215277777763
,,,,,,183.3550347222218,65.18142361111096,63.01215277777763,59.086805555555415,66.11111111111096,62.59895833333319
,,,,,,183.66493055555512,66.31770833333319,63.01215277777763,58.67361111111097,66.11111111111096,60.946180555555415
,,,,,,183.66493055555512,65.90451388888873,63.01215277777763,58.26041666666653,66.11111111111096,60.53298611111097
,,,,,,183.56163194444403,57.847222222222086,63.01215277777763,57.847222222222086,66.11111111111096,60.11979166666653
,,,,,,183.56163194444403,57.434027777777644,63.01215277777763,57.434027777777644,66.11111111111096,54.335069444444315
,,,,,,183.56163194444403,57.124131944444315,63.01215277777763,57.0208333333332,66.11111111111096,53.92187499999987
,,,,,,183.76822916666623,65.49131944444429,63.01215277777763,56.60763888888876,66.11111111111096,53.50868055555543
,,,,,,184.07812499999957,66.11111111111096,63.01215277777763,55.78124999999987,66.11111111111096,53.095486111110986
,,,,,,184.07812499999957,65.80121527777763,63.01215277777763,55.36805555555543,66.11111111111096,51.02951388888877
,,,,,,,,63.01215277777763,54.954861111110986,66.11111111111096,50.61631944444433
,,,,,,,,63.01215277777763,54.54166666666654,66.11111111111096,50.203124999999886
,,,,,,,,63.01215277777763,54.12847222222209,66.31770833333319,102.6788194444442
,,,,,,,,63.01215277777763,53.71527777777765,66.31770833333319,102.26562499999976
,,,,,,,,63.01215277777763,53.30208333333321,66.31770833333319,101.85243055555532
,,,,,,,,63.01215277777763,52.94053819444432,66.31770833333319,101.43923611111087
,,,,,,,,63.01215277777763,52.47569444444432,66.31770833333319,101.02604166666643
,,,,,,,,63.01215277777763,52.06249999999988,66.31770833333319,100.30295138888866
,,,,,,,,63.01215277777763,51.649305555555436,66.35214120370355,97.30729166666644
,,,,,,,,63.01215277777763,51.23611111111099,66.31770833333319,96.06770833333312
,,,,,,,,63.01215277777763,50.82291666666655,66.31770833333319,95.75781249999977
,,,,,,,,63.21874999999985,101.85243055555532,66.31770833333319,62.185763888888744
,,,,,,,,63.21874999999985,98.54687499999977,66.31770833333319,61.7725694444443
,,,,,,,,63.21874999999985,98.13368055555533,66.31770833333319,61.35937499999986
,,,,,,,,63.21874999999985,68.3836805555554,66.31770833333319,59.706597222222086
,,,,,,,,63.21874999999985,62.392361111110965,66.31770833333319,59.293402777777644
,,,,,,,,63.21874999999985,61.56597222222208,66.31770833333319,58.880208333333194
,,,,,,,,63.21874999999985,56.194444444444315,66.31770833333319,58.46701388888875
,,,,,,,,63.21874999999985,50.40972222222211,66.31770833333319,58.05381944444431
,,,,,,,,63.42534722222207,103.09201388888864,66.31770833333319,57.640624999999865
,,,,,,,,63.42534722222207,102.6788194444442,66.31770833333319,57.22743055555542
,,,,,,,,63.42534722222207,102.26562499999976,66.31770833333319,56.81423611111098
,,,,,,,,63.42534722222207,101.43923611111087,66.31770833333319,56.401041666666536
,,,,,,,,63.42534722222207,101.02604166666643,66.31770833333319,55.98784722222209
,,,,,,,,63.42534722222207,100.61284722222199,66.31770833333319,55.57465277777765
,,,,,,,,63.42534722222207,100.19965277777754,66.31770833333319,55.16145833333321
,,,,,,,,63.42534722222207,99.7864583333331,66.31770833333319,54.748263888888765
,,,,,,,,63.42534722222207,99.37326388888866,66.31770833333319,52.68229166666654
,,,,,,,,63.42534722222207,98.96006944444422,66.31770833333319,52.2690972222221
,,,,,,,,63.42534722222207,97.72048611111089,66.31770833333319,51.85590277777766
,,,,,,,,63.42534722222207,97.30729166666644,66.31770833333319,51.442708333333215
,,,,,,,,63.42534722222207,96.894097222222,66.21440972222207,49.89322916666655
,,,,,,,,63.42534722222207,96.48090277777756,66.31770833333319,49.42838541666655
,,,,,,,,63.42534722222207,96.06770833333312,66.31770833333319,49.01519097222211
,,,,,,,,63.42534722222207,95.65451388888867,66.55873842592578,103.09201388888864
,,,,,,,,63.42534722222207,95.24131944444423,66.42100694444429,100.61284722222199
,,,,,,,,63.42534722222207,94.82812499999979,66.5243055555554,66.31770833333319
,,,,,,,,63.42534722222207,94.46657986111089,66.5243055555554,65.90451388888873
,,,,,,,,63.42534722222207,67.35069444444429,66.5243055555554,65.49131944444429
,,,,,,,,63.42534722222207,66.93749999999984,66.5243055555554,65.07812499999984
,,,,,,,,63.42534722222207,66.5243055555554,66.5243055555554,64.6649305555554
,,,,,,,,63.42534722222207,66.11111111111096,66.5243055555554,64.25173611111096
,,,,,,,,63.42534722222207,65.69791666666652,66.5243055555554,63.838541666666515
,,,,,,,,63.42534722222207,65.28472222222207,66.5243055555554,63.42534722222207
,,,,,,,,63.42534722222207,64.87152777777763,66.5243055555554,63.01215277777763
,,,,,,,,63.42534722222207,64.45833333333319,66.5243055555554,62.59895833333319
,,,,,,,,63.42534722222207,64.04513888888874,66.5243055555554,60.946180555555415
,,,,,,,,63.42534722222207,63.631944444444294,66.5243055555554,60.53298611111097
,,,,,,,,63.42534722222207,63.21874999999985,66.5243055555554,60.11979166666653
,,,,,,,,63.42534722222207,62.80555555555541,66.5243055555554,54.335069444444315
,,,,,,,,63.42534722222207,61.97916666666652,66.5243055555554,53.92187499999987
,,,,,,,,63.42534722222207,61.15277777777764,66.5243055555554,53.50868055555543
,,,,,,,,63.42534722222207,60.739583333333194,66.5243055555554,53.095486111110986
,,,,,,,,63.42534722222207,60.32638888888875,66.5243055555554,51.02951388888877
,,,,,,,,63.42534722222207,59.91319444444431,66.5243055555554,50.66796874999988
,,,,,,,,63.42534722222207,59.499999999999865,66.42100694444429,50.203124999999886
,,,,,,,,63.42534722222207,59.086805555555415,66.765335648148,102.47222222222199
,,,,,,,,63.42534722222207,58.67361111111097,66.62760416666652,102.05902777777754
,,,,,,,,63.42534722222207,58.26041666666653,66.62760416666652,101.6458333333331
,,,,,,,,63.42534722222207,57.847222222222086,66.62760416666652,101.33593749999976
,,,,,,,,63.42534722222207,57.434027777777644,66.73090277777763,97.25564236111089
,,,,,,,,63.42534722222207,57.0208333333332,66.62760416666652,96.99739583333312
,,,,,,,,63.42534722222207,56.60763888888876,66.62760416666652,96.06770833333312
,,,,,,,,63.42534722222207,55.78124999999987,66.62760416666652,95.75781249999977
,,,,,,,,63.42534722222207,55.36805555555543,66.73090277777763,62.185763888888744
,,,,,,,,63.42534722222207,54.954861111110986,66.73090277777763,61.7725694444443
,,,,,,,,63.42534722222207,54.54166666666654,66.73090277777763,61.35937499999986
,,,,,,,,63.42534722222207,54.12847222222209,66.73090277777763,59.706597222222086
,,,,,,,,63.42534722222207,53.71527777777765,66.73090277777763,59.293402777777644
,,,,,,,,63.42534722222207,53.30208333333321,66.73090277777763,58.880208333333194
,,,,,,,,63.42534722222207,52.888888888888765,66.73090277777763,58.46701388888875
,,,,,,,,63.42534722222207,52.47569444444432,66.73090277777763,58.05381944444431
,,,,,,,,63.42534722222207,52.06249999999988,66.73090277777763,57.640624999999865
,,,,,,,,63.42534722222207,51.649305555555436,66.73090277777763,57.22743055555542
,,,,,,,,63.42534722222207,51.23611111111099,66.73090277777763,56.81423611111098
,,,,,,,,63.42534722222207,50.82291666666655,66.73090277777763,56.401041666666536
,,,,,,,,63.42534722222207,49.996527777777665,66.73090277777763,55.98784722222209
,,,,,,,,63.42534722222207,49.583333333333215,66.73090277777763,55.62630208333321
,,,,,,,,63.42534722222207,49.17013888888877,66.73090277777763,55.16145833333321
,,,,,,,,63.631944444444294,101.85243055555532,66.73090277777763,54.748263888888765
,,,,,,,,63.631944444444294,98.54687499999977,66.73090277777763,52.68229166666654
,,,,,,,,63.631944444444294,98.13368055555533,66.73090277777763,52.2690972222221
,,,,,,,,63.631944444444294,94.105034722222,66.73090277777763,51.85590277777766
,,,,,,,,63.631944444444294,68.3836805555554,66.73090277777763,51.442708333333215
,,,,,,,,63.666377314814675,62.392361111110965,66.62760416666652,49.066840277777665
,,,,,,,,63.666377314814675,61.56597222222208,66.93749999999984,103.09201388888864
,,,,,,,,63.666377314814675,56.194444444444315,66.93749999999984,66.31770833333319
,,,,,,,,63.666377314814675,50.40972222222211,66.93749999999984,65.90451388888873
,,,,,,,,63.631944444444294,48.911892361111,66.93749999999984,65.49131944444429
,,,,,,,,63.838541666666515,103.09201388888864,66.93749999999984,65.07812499999984
,,,,,,,,63.838541666666515,102.6788194444442,66.93749999999984,64.6649305555554
,,,,,,,,63.838541666666515,102.26562499999976,66.93749999999984,64.25173611111096
,,,,,,,,63.838541666666515,101.43923611111087,66.93749999999984,63.89019097222207
,,,,,,,,63.838541666666515,101.02604166666643,66.83420138888873,63.42534722222207
,,,,,,,,63.838541666666515,100.61284722222199,66.93749999999984,62.90885416666652
,,,,,,,,63.838541666666515,100.19965277777754,66.93749999999984,62.49565972222208
,,,,,,,,63.838541666666515,99.7864583333331,66.97193287037022,60.946180555555415
,,,,,,,,63.838541666666515,99.37326388888866,66.93749999999984,60.42968749999986
,,,,,,,,63.838541666666515,98.96006944444422,66.93749999999984,60.016493055555415
,,,,,,,,63.838541666666515,97.72048611111089,66.97193287037022,54.335069444444315
,,,,,,,,63.838541666666515,97.30729166666644,66.93749999999984,53.818576388888765
,,,,,,,,63.838541666666515,96.894097222222,66.93749999999984,53.40538194444432
,,,,,,,,63.838541666666515,96.48090277777756,66.93749999999984,52.99218749999988
,,,,,,,,63.838541666666515,96.06770833333312,66.97193287037022,51.063946759259146
,,,,,,,,63.838541666666515,95.65451388888867,67.14409722222207,102.6788194444442
,,,,,,,,63.838541666666515,95.24131944444423,67.14409722222207,102.31727430555532
,,,,,,,,63.838541666666515,94.82812499999979,67.14409722222207,62.03081597222208
,,,,,,,,63.838541666666515,94.41493055555533,67.14409722222207,61.56597222222208
,,,,,,,,63.838541666666515,67.97048611111096,67.14409722222207,59.499999999999865
,,,,,,,,63.838541666666515,67.55729166666652,67.14409722222207,59.086805555555415
,,,,,,,,63.838541666666515,67.14409722222207,67.14409722222207,58.67361111111097
,,,,,,,,63.838541666666515,66.73090277777763,67.14409722222207,58.26041666666653
,,,,,,,,63.838541666666515,66.31770833333319,67.14409722222207,57.847222222222086
,,,,,,,,63.838541666666515,65.90451388888873,67.14409722222207,57.434027777777644
,,,,,,,,63.838541666666515,65.49131944444429,67.14409722222207,57.07248263888876
,,,,,,,,63.838541666666515,65.07812499999984,67.14409722222207,56.504340277777644
,,,,,,,,63.838541666666515,64.6649305555554,67.14409722222207,56.0911458333332
,,,,,,,,63.838541666666515,64.25173611111096,67.14409722222207,55.67795138888876
,,,,,,,,63.838541666666515,63.838541666666515,67.14409722222207,55.264756944444315
,,,,,,,,63.838541666666515,63.42534722222207,67.14409722222207,54.85156249999987
,,,,,,,,63.838541666666515,63.01215277777763,67.17853009259244,52.47569444444432
,,,,,,,,63.838541666666515,60.946180555555415,67.14409722222207,51.959201388888765
,,,,,,,,63.838541666666515,60.53298611111097,67.14409722222207,51.54600694444432
,,,,,,,,63.838541666666515,60.11979166666653,67.38512731481467,103.09201388888864
,,,,,,,,63.838541666666515,59.706597222222086,67.35069444444429,66.31770833333319
,,,,,,,,63.838541666666515,59.293402777777644,67.35069444444429,65.90451388888873
,,,,,,,,63.838541666666515,58.880208333333194,67.35069444444429,65.49131944444429
,,,,,,,,63.838541666666515,58.46701388888875,67.35069444444429,65.18142361111096
,,,,,,,,63.838541666666515,58.05381944444431,67.35069444444429,64.40668402777763
,,,,,,,,63.838541666666515,57.640624999999865,67.35069444444429,62.392361111110965
,,,,,,,,63.838541666666515,57.22743055555542,67.38512731481467,61.15277777777764
,,,,,,,,63.838541666666515,56.81423611111098,67.35069444444429,60.63628472222208
,,,,,,,,63.838541666666515,55.57465277777765,67.35069444444429,60.22309027777764
,,,,,,,,63.838541666666515,55.16145833333321,67.35069444444429,59.809895833333194
,,,,,,,,63.838541666666515,54.748263888888765,67.35069444444429,54.335069444444315
,,,,,,,,63.838541666666515,54.335069444444315,67.35069444444429,53.92187499999987
,,,,,,,,63.838541666666515,53.92187499999987,67.35069444444429,53.50868055555543
,,,,,,,,63.838541666666515,53.50868055555543,67.35069444444429,53.095486111110986
,,,,,,,,63.838541666666515,53.095486111110986,67.35069444444429,51.02951388888877
,,,,,,,,63.838541666666515,52.68229166666654,67.55729166666652,102.47222222222199
,,,,,,,,63.838541666666515,52.2690972222221,67.55729166666652,102.16232638888866
,,,,,,,,63.838541666666515,51.85590277777766,67.55729166666652,62.08246527777764
,,,,,,,,63.838541666666515,51.442708333333215,67.55729166666652,59.293402777777644
,,,,,,,,63.838541666666515,51.02951388888877,67.55729166666652,58.880208333333194
,,,,,,,,63.838541666666515,49.78993055555544,67.55729166666652,58.46701388888875
,,,,,,,,63.838541666666515,49.37673611111099,67.55729166666652,58.05381944444431
,,,,,,,,64.04513888888874,101.85243055555532,67.55729166666652,57.640624999999865
,,,,,,,,64.04513888888874,98.54687499999977,67.55729166666652,57.22743055555542
,,,,,,,,64.04513888888874,98.13368055555533,67.55729166666652,56.401041666666536
,,,,,,,,64.04513888888874,94.00173611111089,67.55729166666652,55.98784722222209
,,,,,,,,64.04513888888874,68.3836805555554,67.55729166666652,55.57465277777765
,,,,,,,,64.04513888888874,62.59895833333319,67.55729166666652,55.16145833333321
,,,,,,,,64.04513888888874,62.185763888888744,67.55729166666652,54.748263888888765
,,,,,,,,64.04513888888874,61.7725694444443,67.55729166666652,52.68229166666654
,,,,,,,,64.04513888888874,61.35937499999986,67.55729166666652,52.2690972222221
,,,,,,,,64.04513888888874,56.401041666666536,67.55729166666652,51.85590277777766
,,,,,,,,64.04513888888874,55.98784722222209,67.55729166666652,51.442708333333215
,,,,,,,,64.04513888888874,50.61631944444433,67.76388888888873,103.29861111111087
,,,,,,,,64.04513888888874,50.203124999999886,67.76388888888873,102.88541666666643
,,,,,,,,64.04513888888874,48.96354166666655,67.76388888888873,66.31770833333319
,,,,,,,,64.25173611111096,103.09201388888864,67.76388888888873,65.90451388888873
,,,,,,,,64.25173611111096,102.6788194444442,67.76388888888873,65.49131944444429
,,,,,,,,64.25173611111096,102.26562499999976,67.76388888888873,65.07812499999984
,,,,,,,,64.25173611111096,101.43923611111087,67.76388888888873,64.6649305555554
,,,,,,,,64.25173611111096,101.02604166666643,67.76388888888873,64.35503472222207
,,,,,,,,64.25173611111096,100.61284722222199,67.76388888888873,62.28906249999986
,,,,,,,,64.25173611111096,100.19965277777754,67.76388888888873,61.35937499999986
,,,,,,,,64.25173611111096,99.7864583333331,67.76388888888873,60.946180555555415
,,,,,,,,64.25173611111096,99.37326388888866,67.76388888888873,60.53298611111097
,,,,,,,,64.25173611111096,98.96006944444422,67.76388888888873,60.11979166666653
,,,,,,,,64.25173611111096,97.72048611111089,67.76388888888873,59.706597222222086
,,,,,,,,64.25173611111096,97.30729166666644,67.76388888888873,56.81423611111098
,,,,,,,,64.25173611111096,96.894097222222,67.79832175925911,54.335069444444315
,,,,,,,,64.25173611111096,96.48090277777756,67.76388888888873,53.818576388888765
,,,,,,,,64.25173611111096,96.06770833333312,67.76388888888873,53.40538194444432
,,,,,,,,64.25173611111096,95.65451388888867,67.76388888888873,52.99218749999988
,,,,,,,,64.25173611111096,95.24131944444423,67.79832175925911,51.063946759259146
,,,,,,,,64.14843749999986,94.82812499999979,67.97048611111096,102.47222222222199
,,,,,,,,64.25173611111096,94.41493055555533,67.97048611111096,102.16232638888866
,,,,,,,,64.25173611111096,67.97048611111096,67.97048611111096,61.7725694444443
,,,,,,,,64.25173611111096,67.55729166666652,67.97048611111096,59.293402777777644
,,,,,,,,64.25173611111096,67.14409722222207,67.97048611111096,58.880208333333194
,,,,,,,,64.25173611111096,66.73090277777763,67.97048611111096,58.46701388888875
,,,,,,,,64.25173611111096,66.31770833333319,67.97048611111096,58.05381944444431
,,,,,,,,64.25173611111096,65.90451388888873,67.97048611111096,57.640624999999865
,,,,,,,,64.25173611111096,65.49131944444429,67.97048611111096,57.22743055555542
,,,,,,,,64.25173611111096,65.07812499999984,67.97048611111096,56.401041666666536
,,,,,,,,64.25173611111096,64.6649305555554,67.97048611111096,55.98784722222209
,,,,,,,,64.25173611111096,64.25173611111096,67.97048611111096,55.57465277777765
,,,,,,,,64.25173611111096,63.838541666666515,67.97048611111096,52.47569444444432
,,,,,,,,64.25173611111096,63.42534722222207,67.97048611111096,52.06249999999988
,,,,,,,,64.25173611111096,63.01215277777763,67.97048611111096,51.649305555555436
,,,,,,,,64.25173611111096,60.946180555555415,68.17708333333317,103.19531249999976
,,,,,,,,64.25173611111096,60.53298611111097,68.17708333333317,102.78211805555532
,,,,,,,,64.25173611111096,60.11979166666653,68.07378472222206,65.90451388888873
,,,,,,,,64.25173611111096,59.706597222222086,68.07378472222206,65.49131944444429
,,,,,,,,64.25173611111096,59.293402777777644,68.17708333333317,64.6649305555554
,,,,,,,,64.25173611111096,58.880208333333194,68.17708333333317,64.25173611111096
,,,,,,,,64.25173611111096,58.46701388888875,68.17708333333317,63.838541666666515
,,,,,,,,64.25173611111096,58.05381944444431,68.17708333333317,62.185763888888744
,,,,,,,,64.25173611111096,57.640624999999865,68.17708333333317,61.35937499999986
,,,,,,,,64.25173611111096,57.22743055555542,68.17708333333317,60.946180555555415
,,,,,,,,64.25173611111096,56.81423611111098,68.17708333333317,60.53298611111097
,,,,,,,,64.25173611111096,55.57465277777765,68.17708333333317,60.11979166666653
,,,,,,,,64.25173611111096,55.16145833333321,68.17708333333317,59.706597222222086
,,,,,,,,64.25173611111096,54.748263888888765,68.17708333333317,56.81423611111098
,,,,,,,,64.25173611111096,54.335069444444315,68.17708333333317,54.43836805555543
,,,,,,,,64.25173611111096,53.92187499999987,68.17708333333317,54.025173611110986
,,,,,,,,64.25173611111096,53.50868055555543,68.17708333333317,53.61197916666654
,,,,,,,,64.25173611111096,53.095486111110986,68.17708333333317,53.1987847222221
,,,,,,,,64.25173611111096,52.68229166666654,68.17708333333317,52.78559027777766
,,,,,,,,64.25173611111096,52.2690972222221,68.21151620370355,51.23611111111099
,,,,,,,,64.25173611111096,51.85590277777766,68.07378472222206,50.92621527777766
,,,,,,,,64.25173611111096,51.442708333333215,68.3836805555554,102.26562499999976
,,,,,,,,64.25173611111096,51.02951388888877,68.3836805555554,101.90407986111087
,,,,,,,,64.25173611111096,49.78993055555544,68.3836805555554,90.48958333333313
,,,,,,,,64.25173611111096,49.37673611111099,68.3836805555554,63.42534722222207
,,,,,,,,64.45833333333319,101.85243055555532,68.3836805555554,61.7725694444443
,,,,,,,,64.45833333333319,98.54687499999977,68.3836805555554,59.293402777777644
,,,,,,,,64.45833333333319,98.13368055555533,68.3836805555554,58.880208333333194
,,,,,,,,64.49276620370355,94.03616898148127,68.3836805555554,58.46701388888875
,,,,,,,,64.45833333333319,68.33203124999984,68.3836805555554,58.05381944444431
,,,,,,,,64.45833333333319,62.59895833333319,68.3836805555554,57.640624999999865
,,,,,,,,64.45833333333319,62.185763888888744,68.3836805555554,57.22743055555542
,,,,,,,,64.45833333333319,61.7725694444443,68.3836805555554,56.401041666666536
,,,,,,,,64.45833333333319,61.35937499999986,68.3836805555554,55.98784722222209
,,,,,,,,64.45833333333319,56.401041666666536,68.3836805555554,55.57465277777765
,,,,,,,,64.45833333333319,55.98784722222209,68.3836805555554,52.2690972222221
,,,,,,,,64.45833333333319,50.61631944444433,68.3836805555554,51.85590277777766
,,,,,,,,64.45833333333319,50.203124999999886,68.59027777777762,103.09201388888864
,,,,,,,,64.45833333333319,48.96354166666655,68.59027777777762,102.6788194444442
,,,,,,,,64.6649305555554,103.09201388888864,68.624710648148,90.11082175925905
,,,,,,,,64.6649305555554,102.6788194444442,68.59027777777762,64.5616319444443
,,,,,,,,64.6649305555554,102.26562499999976,68.59027777777762,64.14843749999986
,,,,,,,,64.6649305555554,101.43923611111087,68.59027777777762,63.73524305555541
,,,,,,,,64.6649305555554,101.02604166666643,68.624710648148,63.01215277777763
,,,,,,,,64.6649305555554,100.61284722222199,68.59027777777762,62.49565972222208
,,,,,,,,64.6649305555554,100.19965277777754,68.59027777777762,62.08246527777764
,,,,,,,,64.6649305555554,99.7864583333331,68.624710648148,61.35937499999986
,,,,,,,,64.6649305555554,99.37326388888866,68.59027777777762,60.8428819444443
,,,,,,,,64.6649305555554,98.96006944444422,68.59027777777762,60.42968749999986
,,,,,,,,64.6649305555554,97.72048611111089,68.59027777777762,60.016493055555415
,,,,,,,,64.6649305555554,97.30729166666644,68.59027777777762,59.60329861111097
,,,,,,,,64.6649305555554,96.894097222222,68.624710648148,56.81423611111098
,,,,,,,,64.6649305555554,96.48090277777756,68.59027777777762,55.31640624999987
,,,,,,,,64.6649305555554,96.06770833333312,68.59027777777762,54.335069444444315
,,,,,,,,64.6649305555554,95.65451388888867,68.59027777777762,53.92187499999987
,,,,,,,,64.6649305555554,95.24131944444423,68.59027777777762,53.50868055555543
,,,,,,,,64.6649305555554,67.4539930555554,68.59027777777762,53.095486111110986
,,,,,,,,64.6649305555554,67.04079861111096,68.59027777777762,52.68229166666654
,,,,,,,,64.6649305555554,66.62760416666652,68.59027777777762,51.3394097222221
,,,,,,,,64.6649305555554,66.21440972222207,68.4869791666665,51.02951388888877
,,,,,,,,64.6649305555554,65.80121527777763,68.69357638888873,102.36892361111087
,,,,,,,,64.6649305555554,65.38802083333319,68.83130787037021,90.69618055555534
,,,,,,,,64.6649305555554,64.97482638888874,68.79687499999984,59.086805555555415
,,,,,,,,64.6649305555554,64.5616319444443,68.79687499999984,58.67361111111097
,,,,,,,,64.6649305555554,64.14843749999986,68.79687499999984,58.26041666666653
,,,,,,,,64.6649305555554,63.73524305555541,68.79687499999984,57.847222222222086
,,,,,,,,64.6649305555554,63.322048611110965,68.79687499999984,57.434027777777644
,,,,,,,,64.6649305555554,62.90885416666652,68.79687499999984,56.194444444444315
,,,,,,,,64.69936342592578,60.946180555555415,68.79687499999984,55.78124999999987
,,,,,,,,64.6649305555554,60.42968749999986,68.69357638888873,52.2690972222221
,,,,,,,,64.6649305555554,60.016493055555415,69.00347222222206,90.07638888888869
,,,,,,,,64.6649305555554,59.60329861111097,69.00347222222206,64.25173611111096
,,,,,,,,64.6649305555554,59.19010416666653,69.00347222222206,63.838541666666515
,,,,,,,,64.6649305555554,58.776909722222086,69.00347222222206,63.42534722222207
,,,,,,,,64.6649305555554,58.363715277777644,69.00347222222206,63.06380208333319
,,,,,,,,64.6649305555554,57.9505208333332,69.00347222222206,62.392361111110965
,,,,,,,,64.6649305555554,57.53732638888876,69.00347222222206,61.97916666666652
,,,,,,,,64.6649305555554,57.124131944444315,69.00347222222206,61.56597222222208
,,,,,,,,64.6649305555554,56.710937499999865,69.00347222222206,61.15277777777764
,,,,,,,,64.69936342592578,55.57465277777765,69.00347222222206,60.739583333333194
,,,,,,,,64.6649305555554,55.05815972222209,69.00347222222206,60.32638888888875
,,,,,,,,64.6649305555554,54.64496527777765,69.00347222222206,59.91319444444431
,,,,,,,,64.6649305555554,54.23177083333321,69.00347222222206,59.499999999999865
,,,,,,,,64.6649305555554,53.818576388888765,69.00347222222206,57.0208333333332
,,,,,,,,64.6649305555554,53.40538194444432,68.90017361111096,56.60763888888876
,,,,,,,,64.6649305555554,52.99218749999988,69.03790509259244,55.36805555555543
,,,,,,,,64.6649305555554,52.578993055555436,69.00347222222206,54.85156249999987
,,,,,,,,64.6649305555554,52.16579861111099,69.00347222222206,54.43836805555543
,,,,,,,,64.6649305555554,51.75260416666654,69.00347222222206,54.025173611110986
,,,,,,,,64.6649305555554,51.3394097222221,69.00347222222206,53.61197916666654
,,,,,,,,64.6649305555554,50.92621527777766,69.00347222222206,53.1987847222221
,,,,,,,,64.69936342592578,49.78993055555544,69.00347222222206,52.83723958333321
,,,,,,,,64.6649305555554,49.273437499999886,69.21006944444429,90.90277777777757
,,,,,,,,64.87152777777763,101.85243055555532,69.21006944444429,90.48958333333313
,,,,,,,,64.87152777777763,98.54687499999977,69.21006944444429,89.76649305555534
,,,,,,,,64.87152777777763,98.13368055555533,69.21006944444429,59.086805555555415
,,,,,,,,64.87152777777763,94.93142361111089,69.21006944444429,58.67361111111097
,,,,,,,,64.87152777777763,94.41493055555533,69.21006944444429,58.26041666666653
,,,,,,,,64.87152777777763,94.00173611111089,69.21006944444429,57.847222222222086
,,,,,,,,64.905960648148,62.392361111110965,69.21006944444429,57.434027777777644
,,,,,,,,64.87152777777763,61.875868055555415,69.4166666666665,90.07638888888869
,,,,,,,,64.87152777777763,61.462673611110965,69.4166666666665,64.04513888888874
,,,,,,,,64.905960648148,56.194444444444315,69.4166666666665,63.631944444444294
,,,,,,,,64.905960648148,50.40972222222211,69.4166666666665,63.21874999999985
,,,,,,,,64.87152777777763,48.911892361111,69.4166666666665,62.392361111110965
,,,,,,,,65.07812499999984,103.09201388888864,69.4166666666665,61.97916666666652
,,,,,,,,65.07812499999984,102.6788194444442,69.4166666666665,61.56597222222208
,,,,,,,,65.07812499999984,102.26562499999976,69.4166666666665,61.15277777777764
,,,,,,,,65.07812499999984,101.43923611111087,69.4166666666665,60.739583333333194
,,,,,,,,65.07812499999984,101.02604166666643,69.4166666666665,60.32638888888875
,,,,,,,,65.07812499999984,100.61284722222199,69.4166666666665,59.91319444444431
,,,,,,,,65.07812499999984,100.19965277777754,69.4166666666665,59.499999999999865
,,,,,,,,65.07812499999984,99.7864583333331,69.3133680555554,55.57465277777765
,,,,,,,,65.07812499999984,99.37326388888866,69.4166666666665,55.16145833333321
,,,,,,,,65.07812499999984,98.96006944444422,69.4166666666665,54.748263888888765
,,,,,,,,65.07812499999984,97.72048611111089,69.4166666666665,54.335069444444315
,,,,,,,,65.07812499999984,97.30729166666644,69.4166666666665,53.92187499999987
,,,,,,,,65.07812499999984,96.894097222222,69.4166666666665,53.50868055555543
,,,,,,,,65.07812499999984,96.48090277777756,69.4166666666665,53.14713541666654
,,,,,,,,65.07812499999984,96.06770833333312,69.62326388888873,90.90277777777757
,,,,,,,,65.07812499999984,95.65451388888867,69.62326388888873,90.48958333333313
,,,,,,,,65.07812499999984,95.24131944444423,69.62326388888873,89.66319444444423
,,,,,,,,64.97482638888874,67.24739583333317,69.62326388888873,62.80555555555541
,,,,,,,,65.07812499999984,66.62760416666652,69.62326388888873,59.086805555555415
,,,,,,,,65.07812499999984,66.21440972222207,69.62326388888873,58.67361111111097
,,,,,,,,65.07812499999984,65.80121527777763,69.62326388888873,58.26041666666653
,,,,,,,,65.07812499999984,65.38802083333319,69.62326388888873,57.847222222222086
,,,,,,,,65.07812499999984,64.97482638888874,69.62326388888873,57.434027777777644
,,,,,,,,65.07812499999984,64.5616319444443,69.62326388888873,57.0208333333332
,,,,,,,,65.07812499999984,64.14843749999986,69.62326388888873,56.60763888888876
,,,,,,,,65.07812499999984,63.73524305555541,69.62326388888873,56.194444444444315
,,,,,,,,65.07812499999984,63.322048611110965,69.62326388888873,55.83289930555543
,,,,,,,,65.07812499999984,62.90885416666652,69.82986111111094,90.07638888888869
,,,,,,,,65.11255787037022,60.946180555555415,69.82986111111094,64.04513888888874
,,,,,,,,65.07812499999984,60.42968749999986,69.82986111111094,63.631944444444294
,,,,,,,,65.07812499999984,60.016493055555415,69.82986111111094,63.21874999999985
,,,,,,,,65.07812499999984,59.60329861111097,69.72656249999984,62.392361111110965
,,,,,,,,65.07812499999984,59.19010416666653,69.82986111111094,61.875868055555415
,,,,,,,,65.07812499999984,58.776909722222086,69.82986111111094,61.462673611110965
,,,,,,,,65.07812499999984,58.363715277777644,69.82986111111094,61.04947916666652
,,,,,,,,65.07812499999984,57.9505208333332,69.82986111111094,60.63628472222208
,,,,,,,,65.07812499999984,57.53732638888876,69.82986111111094,60.22309027777764
,,,,,,,,65.07812499999984,57.124131944444315,69.82986111111094,59.809895833333194
,,,,,,,,65.07812499999984,56.710937499999865,69.82986111111094,59.39670138888875
,,,,,,,,65.11255787037022,55.57465277777765,69.82986111111094,55.36805555555543
,,,,,,,,65.07812499999984,55.05815972222209,69.72656249999984,54.954861111110986
,,,,,,,,65.07812499999984,54.64496527777765,69.82986111111094,54.54166666666654
,,,,,,,,65.07812499999984,54.23177083333321,69.82986111111094,54.12847222222209
,,,,,,,,65.07812499999984,53.818576388888765,69.82986111111094,53.71527777777765
,,,,,,,,65.07812499999984,53.40538194444432,69.82986111111094,53.30208333333321
,,,,,,,,65.07812499999984,52.99218749999988,69.82986111111094,52.888888888888765
,,,,,,,,65.07812499999984,52.578993055555436,70.03645833333317,90.90277777777757
,,,,,,,,65.07812499999984,52.16579861111099,70.03645833333317,90.48958333333313
,,,,,,,,65.07812499999984,51.75260416666654,70.03645833333317,89.66319444444423
,,,,,,,,65.07812499999984,51.3394097222221,70.03645833333317,89.30164930555534
,,,,,,,,65.07812499999984,50.92621527777766,70.03645833333317,62.857204861110965
,,,,,,,,65.11255787037022,49.78993055555544,70.07089120370354,58.880208333333194
,,,,,,,,65.07812499999984,49.273437499999886,70.03645833333317,58.4153645833332
,,,,,,,,65.28472222222207,101.85243055555532,70.03645833333317,57.0208333333332
,,,,,,,,65.28472222222207,98.54687499999977,70.03645833333317,56.60763888888876
,,,,,,,,65.28472222222207,98.13368055555533,70.03645833333317,56.194444444444315
,,,,,,,,65.28472222222207,94.82812499999979,70.03645833333317,55.78124999999987
,,,,,,,,65.28472222222207,94.41493055555533,70.27748842592577,90.07638888888869
,,,,,,,,65.28472222222207,94.00173611111089,70.24305555555539,63.631944444444294
,,,,,,,,65.28472222222207,62.392361111110965,70.24305555555539,63.21874999999985
,,,,,,,,65.28472222222207,61.97916666666652,70.24305555555539,60.739583333333194
,,,,,,,,65.28472222222207,61.56597222222208,70.24305555555539,60.32638888888875
,,,,,,,,65.28472222222207,56.194444444444315,70.24305555555539,59.91319444444431
,,,,,,,,65.28472222222207,50.40972222222211,70.24305555555539,59.499999999999865
,,,,,,,,65.28472222222207,48.86024305555544,70.24305555555539,55.471354166666536
,,,,,,,,65.49131944444429,103.09201388888864,70.27748842592577,54.54166666666654
,,,,,,,,65.49131944444429,102.6788194444442,70.24305555555539,54.025173611110986
,,,,,,,,65.49131944444429,102.26562499999976,70.24305555555539,53.61197916666654
,,,,,,,,65.49131944444429,101.43923611111087,70.24305555555539,53.1987847222221
,,,,,,,,65.49131944444429,101.02604166666643,70.24305555555539,52.83723958333321
,,,,,,,,65.49131944444429,100.61284722222199,70.48408564814798,91.10937499999979
,,,,,,,,65.49131944444429,100.19965277777754,70.44965277777762,90.59288194444423
,,,,,,,,65.49131944444429,99.7864583333331,70.48408564814798,89.45659722222202
,,,,,,,,65.49131944444429,99.37326388888866,70.44965277777762,88.94010416666646
,,,,,,,,65.49131944444429,98.96006944444422,70.44965277777762,88.52690972222202
,,,,,,,,65.49131944444429,97.72048611111089,70.44965277777762,88.11371527777757
,,,,,,,,65.49131944444429,97.30729166666644,70.44965277777762,87.70052083333313
,,,,,,,,65.49131944444429,96.894097222222,70.3463541666665,87.4939236111109
,,,,,,,,65.49131944444429,96.48090277777756,70.44965277777762,64.04513888888874
,,,,,,,,65.49131944444429,96.06770833333312,70.44965277777762,62.96050347222208
,,,,,,,,65.49131944444429,95.65451388888867,70.44965277777762,61.56597222222208
,,,,,,,,65.49131944444429,95.24131944444423,70.44965277777762,61.15277777777764
,,,,,,,,65.49131944444429,66.5243055555554,70.44965277777762,59.086805555555415
,,,,,,,,65.49131944444429,66.11111111111096,70.44965277777762,58.67361111111097
,,,,,,,,65.49131944444429,65.69791666666652,70.44965277777762,58.26041666666653
,,,,,,,,65.49131944444429,65.28472222222207,70.44965277777762,57.434027777777644
,,,,,,,,65.49131944444429,64.87152777777763,70.44965277777762,57.0208333333332
,,,,,,,,65.49131944444429,64.45833333333319,70.44965277777762,56.60763888888876
,,,,,,,,65.49131944444429,64.04513888888874,70.44965277777762,56.194444444444315
,,,,,,,,65.49131944444429,63.631944444444294,70.44965277777762,55.67795138888876
,,,,,,,,65.49131944444429,63.21874999999985,70.55295138888873,90.07638888888869
,,,,,,,,65.49131944444429,62.80555555555541,70.55295138888873,87.18402777777757
,,,,,,,,65.49131944444429,61.15277777777764,70.55295138888873,63.631944444444294
,,,,,,,,65.49131944444429,60.739583333333194,70.65624999999983,60.32638888888875
,,,,,,,,65.49131944444429,60.32638888888875,70.65624999999983,59.91319444444431
,,,,,,,,65.49131944444429,59.91319444444431,70.65624999999983,59.499999999999865
,,,,,,,,65.49131944444429,59.499999999999865,70.65624999999983,57.847222222222086
,,,,,,,,65.49131944444429,59.086805555555415,70.69068287037021,54.98929398148136
,,,,,,,,65.49131944444429,58.67361111111097,70.55295138888873,54.54166666666654
,,,,,,,,65.49131944444429,58.26041666666653,70.55295138888873,54.12847222222209
,,,,,,,,65.49131944444429,57.847222222222086,70.55295138888873,53.71527777777765
,,,,,,,,65.49131944444429,57.434027777777644,70.55295138888873,53.30208333333321
,,,,,,,,65.49131944444429,57.0208333333332,70.55295138888873,52.888888888888765
,,,,,,,,65.49131944444429,56.60763888888876,70.89728009259244,59.086805555555415
,,,,,,,,65.49131944444429,55.78124999999987,70.86284722222206,58.570312499999865
,,,,,,,,65.49131944444429,55.36805555555543,70.86284722222206,58.15711805555542
,,,,,,,,65.49131944444429,54.954861111110986,70.89728009259244,57.434027777777644
,,,,,,,,65.49131944444429,54.54166666666654,70.86284722222206,56.91753472222209
,,,,,,,,65.49131944444429,54.12847222222209,70.86284722222206,56.504340277777644
,,,,,,,,65.49131944444429,53.71527777777765,70.86284722222206,56.0911458333332
,,,,,,,,65.49131944444429,53.30208333333321,70.86284722222206,55.57465277777765
,,,,,,,,65.49131944444429,52.888888888888765,71.06944444444429,60.11979166666653
,,,,,,,,65.49131944444429,52.47569444444432,71.06944444444429,59.706597222222086
,,,,,,,,65.49131944444429,52.06249999999988,71.06944444444429,55.21310763888876
,,,,,,,,65.49131944444429,51.649305555555436,71.2760416666665,59.293402777777644
,,,,,,,,65.49131944444429,51.23611111111099,71.2760416666665,58.880208333333194
,,,,,,,,65.49131944444429,50.82291666666655,71.2760416666665,58.46701388888875
,,,,,,,,65.49131944444429,49.996527777777665,71.2760416666665,58.05381944444431
,,,,,,,,65.49131944444429,49.583333333333215,71.2760416666665,57.640624999999865
,,,,,,,,65.49131944444429,49.17013888888877,71.2760416666665,57.22743055555542
,,,,,,,,65.69791666666652,101.85243055555532,71.2760416666665,56.81423611111098
,,,,,,,,65.69791666666652,98.54687499999977,71.2760416666665,56.401041666666536
,,,,,,,,65.69791666666652,98.13368055555533,71.2760416666665,55.98784722222209
,,,,,,,,65.69791666666652,94.82812499999979,71.2760416666665,55.57465277777765
,,,,,,,,65.69791666666652,94.41493055555533,71.17274305555539,54.85156249999987
,,,,,,,,65.69791666666652,94.00173611111089,71.48263888888873,60.11979166666653
,,,,,,,,65.69791666666652,62.392361111110965,71.48263888888873,59.706597222222086
,,,,,,,,65.69791666666652,61.97916666666652,71.37934027777762,55.264756944444315
,,,,,,,,65.69791666666652,61.56597222222208,71.68923611111094,59.293402777777644
,,,,,,,,65.69791666666652,56.194444444444315,71.68923611111094,58.880208333333194
,,,,,,,,65.69791666666652,50.40972222222211,71.68923611111094,58.46701388888875
,,,,,,,,65.69791666666652,48.86024305555544,71.68923611111094,58.05381944444431
,,,,,,,,65.90451388888873,103.09201388888864,71.68923611111094,57.640624999999865
,,,,,,,,65.90451388888873,102.6788194444442,71.68923611111094,57.22743055555542
,,,,,,,,65.90451388888873,102.26562499999976,71.68923611111094,56.81423611111098
,,,,,,,,65.90451388888873,101.43923611111087,71.68923611111094,56.401041666666536
,,,,,,,,65.90451388888873,101.02604166666643,71.68923611111094,55.98784722222209
,,,,,,,,65.90451388888873,100.61284722222199,71.68923611111094,55.57465277777765
,,,,,,,,65.90451388888873,100.19965277777754,71.89583333333317,60.016493055555415
,,,,,,,,65.90451388888873,99.7864583333331,71.89583333333317,59.60329861111097
,,,,,,,,65.90451388888873,99.37326388888866,72.10243055555539,59.086805555555415
,,,,,,,,65.90451388888873,98.96006944444422,72.10243055555539,58.67361111111097
,,,,,,,,65.90451388888873,97.72048611111089,72.10243055555539,58.26041666666653
,,,,,,,,65.90451388888873,97.30729166666644,72.10243055555539,57.847222222222086
,,,,,,,,65.90451388888873,96.894097222222,72.10243055555539,57.434027777777644
,,,,,,,,65.90451388888873,96.48090277777756,72.10243055555539,57.0208333333332
,,,,,,,,65.90451388888873,96.06770833333312,72.10243055555539,56.60763888888876
,,,,,,,,65.90451388888873,95.65451388888867,72.10243055555539,56.194444444444315
,,,,,,,,65.90451388888873,95.24131944444423,72.10243055555539,55.78124999999987
,,,,,,,,65.90451388888873,66.5243055555554,72.10243055555539,55.41970486111098
,,,,,,,,65.90451388888873,66.11111111111096,72.10243055555539,54.954861111110986
,,,,,,,,65.90451388888873,65.69791666666652,72.30902777777762,82.12239583333314
,,,,,,,,65.90451388888873,65.28472222222207,72.30902777777762,81.76085069444426
,,,,,,,,65.90451388888873,64.87152777777763,72.30902777777762,59.91319444444431
,,,,,,,,65.90451388888873,64.45833333333319,72.30902777777762,59.499999999999865
,,,,,,,,65.90451388888873,64.04513888888874,72.51562499999983,59.086805555555415
,,,,,,,,65.90451388888873,63.631944444444294,72.51562499999983,58.67361111111097
,,,,,,,,65.90451388888873,63.21874999999985,72.51562499999983,58.26041666666653
,,,,,,,,65.90451388888873,62.80555555555541,72.51562499999983,57.847222222222086
,,,,,,,,65.90451388888873,61.15277777777764,72.51562499999983,57.434027777777644
,,,,,,,,65.90451388888873,60.739583333333194,72.51562499999983,57.0208333333332
,,,,,,,,65.90451388888873,60.32638888888875,72.51562499999983,56.60763888888876
,,,,,,,,65.90451388888873,59.91319444444431,72.51562499999983,56.194444444444315
,,,,,,,,65.90451388888873,59.499999999999865,72.41232638888872,55.78124999999987
,,,,,,,,65.90451388888873,59.086805555555415,72.41232638888872,55.471354166666536
,,,,,,,,65.90451388888873,58.67361111111097,72.51562499999983,54.85156249999987
,,,,,,,,65.90451388888873,58.26041666666653,72.72222222222206,59.91319444444431
,,,,,,,,65.90451388888873,57.847222222222086,72.72222222222206,59.499999999999865
,,,,,,,,65.90451388888873,57.434027777777644,72.92881944444427,59.086805555555415
,,,,,,,,65.90451388888873,57.0208333333332,72.92881944444427,58.67361111111097
,,,,,,,,65.90451388888873,56.60763888888876,72.92881944444427,58.26041666666653
,,,,,,,,65.90451388888873,55.78124999999987,72.92881944444427,57.847222222222086
,,,,,,,,65.90451388888873,55.36805555555543,72.92881944444427,57.434027777777644
,,,,,,,,65.90451388888873,54.954861111110986,72.82552083333316,57.0208333333332
,,,,,,,,65.90451388888873,54.54166666666654,72.82552083333316,56.710937499999865
,,,,,,,,65.90451388888873,54.12847222222209,73.1354166666665,59.91319444444431
,,,,,,,,65.90451388888873,53.71527777777765,73.1354166666665,59.551649305555415
,,,,,,,,65.90451388888873,53.30208333333321,73.2387152777776,59.19010416666653
,,,,,,,,65.90451388888873,52.888888888888765,73.34201388888872,58.67361111111097
,,,,,,,,65.90451388888873,52.47569444444432,73.34201388888872,58.26041666666653
,,,,,,,,65.90451388888873,52.06249999999988,73.34201388888872,57.847222222222086
,,,,,,,,65.90451388888873,51.649305555555436,73.34201388888872,57.4856770833332
,,,,,,,,65.90451388888873,51.23611111111099,73.58304398148131,59.91319444444431
,,,,,,,,65.90451388888873,50.82291666666655,73.54861111111094,59.44835069444431
,,,,,,,,65.90451388888873,49.996527777777665,73.75520833333316,58.46701388888875
,,,,,,,,65.90451388888873,49.583333333333215,73.75520833333316,58.05381944444431
,,,,,,,,65.90451388888873,49.17013888888877,73.75520833333316,57.640624999999865
,,,,,,,,66.11111111111096,101.85243055555532,73.75520833333316,57.330729166666536
,,,,,,,,66.00781249999984,98.54687499999977,73.96180555555539,60.11979166666653
,,,,,,,,66.11111111111096,98.18532986111089,73.96180555555539,59.706597222222086
,,,,,,,,66.14554398148134,94.82812499999979,73.96180555555539,59.39670138888875
,,,,,,,,66.11111111111096,94.31163194444423,74.1684027777776,58.363715277777644
,,,,,,,,66.11111111111096,93.95008680555534,74.1684027777776,57.9505208333332
,,,,,,,,66.14554398148134,62.392361111110965,74.1684027777776,57.53732638888876
,,,,,,,,66.11111111111096,61.875868055555415,74.0651041666665,57.330729166666536
,,,,,,,,66.11111111111096,61.462673611110965,74.37499999999983,60.016493055555415
,,,,,,,,66.14554398148134,56.194444444444315,74.37499999999983,59.60329861111097
,,,,,,,,66.14554398148134,50.40972222222211,74.27170138888872,59.39670138888875
,,,,,,,,66.11111111111096,48.96354166666655,74.58159722222204,58.363715277777644
,,,,,,,,66.31770833333319,103.09201388888864,74.58159722222204,57.9505208333332
,,,,,,,,66.31770833333319,102.6788194444442,74.47829861111094,57.640624999999865
,,,,,,,,66.31770833333319,102.26562499999976,74.78819444444427,78.40364583333316
,,,,,,,,66.31770833333319,101.43923611111087,74.78819444444427,59.60329861111097
,,,,,,,,66.31770833333319,101.02604166666643,74.68489583333316,59.39670138888875
,,,,,,,,66.31770833333319,100.61284722222199,74.99479166666649,78.71354166666649
,,,,,,,,66.31770833333319,100.19965277777754,75.20138888888872,78.30034722222204
,,,,,,,,66.31770833333319,99.7864583333331,75.20138888888872,77.83550347222204
,,,,,,,,66.31770833333319,99.37326388888866,75.40798611111093,78.71354166666649
,,,,,,,,66.21440972222207,99.06336805555533,75.40798611111093,77.47395833333316
,,,,,,,,66.35214120370355,97.51388888888866,75.61458333333316,78.30034722222204
,,,,,,,,66.31770833333319,96.99739583333312,75.61458333333316,77.8871527777776
,,,,,,,,66.31770833333319,96.58420138888866,75.82118055555539,78.71354166666649
,,,,,,,,66.31770833333319,96.17100694444422,75.82118055555539,77.47395833333316
,,,,,,,,66.31770833333319,95.75781249999977,76.0277777777776,78.30034722222204
,,,,,,,,66.31770833333319,95.34461805555533,76.0277777777776,77.8871527777776
,,,,,,,,66.31770833333319,66.73090277777763,76.23437499999983,78.71354166666649
,,,,,,,,66.31770833333319,66.31770833333319,76.23437499999983,77.47395833333316
,,,,,,,,66.31770833333319,65.90451388888873,76.23437499999983,77.16406249999982
,,,,,,,,66.31770833333319,65.49131944444429,76.47540509259242,78.30034722222204
,,,,,,,,66.31770833333319,65.07812499999984,76.44097222222204,77.78385416666649
,,,,,,,,66.31770833333319,64.6649305555554,76.54427083333316,77.26736111111093
,,,,,,,,66.31770833333319,64.25173611111096,76.85416666666649,76.75086805555537
,,,,,,,,66.31770833333319,63.838541666666515,77.26736111111093,76.64756944444427
,,,,,,,,66.31770833333319,63.42534722222207,77.26736111111093,76.23437499999983
,,,,,,,,66.31770833333319,63.01215277777763,77.26736111111093,75.87282986111093
,,,,,,,,66.31770833333319,60.946180555555415,77.68055555555537,76.64756944444427
,,,,,,,,66.31770833333319,60.53298611111097,77.68055555555537,76.23437499999983
,,,,,,,,66.31770833333319,60.11979166666653,77.68055555555537,75.82118055555539
,,,,,,,,66.31770833333319,59.706597222222086,77.68055555555537,75.45963541666649
,,,,,,,,66.31770833333319,59.293402777777644,77.8871527777776,65.74956597222207
,,,,,,,,66.31770833333319,58.880208333333194,77.8871527777776,59.39670138888875
,,,,,,,,66.31770833333319,58.46701388888875,78.09374999999982,76.64756944444427
,,,,,,,,66.31770833333319,58.05381944444431,78.09374999999982,76.23437499999983
,,,,,,,,66.31770833333319,57.640624999999865,78.09374999999982,75.82118055555539
,,,,,,,,66.31770833333319,57.22743055555542,78.09374999999982,75.40798611111093
,,,,,,,,66.31770833333319,56.81423611111098,78.09374999999982,74.99479166666649
,,,,,,,,66.31770833333319,55.57465277777765,78.19704861111093,74.68489583333316
,,,,,,,,66.31770833333319,55.16145833333321,78.33478009259241,65.90451388888873
,,,,,,,,66.31770833333319,54.748263888888765,78.30034722222204,65.49131944444429
,,,,,,,,66.31770833333319,54.335069444444315,78.30034722222204,59.39670138888875
,,,,,,,,66.31770833333319,53.92187499999987,78.50694444444426,76.64756944444427
,,,,,,,,66.31770833333319,53.50868055555543,78.50694444444426,76.23437499999983
,,,,,,,,66.31770833333319,53.095486111110986,78.50694444444426,75.82118055555539
,,,,,,,,66.31770833333319,52.68229166666654,78.50694444444426,75.40798611111093
,,,,,,,,66.31770833333319,52.2690972222221,78.50694444444426,74.99479166666649
,,,,,,,,66.31770833333319,51.85590277777766,78.71354166666649,74.6332465277776
,,,,,,,,66.31770833333319,51.442708333333215,78.71354166666649,66.31770833333319
,,,,,,,,66.31770833333319,51.02951388888877,78.71354166666649,65.90451388888873
,,,,,,,,66.5243055555554,101.85243055555532,78.71354166666649,65.49131944444429
,,,,,,,,66.42100694444429,98.13368055555533,78.71354166666649,59.39670138888875
,,,,,,,,66.55873842592578,94.82812499999979,78.8168402777776,76.64756944444427
,,,,,,,,66.5243055555554,94.31163194444423,78.8168402777776,76.23437499999983
,,,,,,,,66.5243055555554,93.95008680555534,78.8168402777776,75.82118055555539
,,,,,,,,66.5243055555554,62.59895833333319,78.8168402777776,74.99479166666649
,,,,,,,,66.5243055555554,62.185763888888744,79.02343749999982,74.58159722222204
,,,,,,,,66.5243055555554,61.7725694444443,79.12673611111093,66.5243055555554
,,,,,,,,66.5243055555554,61.35937499999986,79.12673611111093,66.11111111111096
,,,,,,,,66.5243055555554,56.401041666666536,79.12673611111093,65.69791666666652
,,,,,,,,66.5243055555554,55.98784722222209,79.12673611111093,65.28472222222207
,,,,,,,,66.5243055555554,50.66796874999988,79.12673611111093,59.39670138888875
,,,,,,,,66.73090277777763,103.09201388888864,79.23003472222204,67.4539930555554
,,,,,,,,66.73090277777763,102.6788194444442,79.33333333333314,59.706597222222086
,,,,,,,,66.73090277777763,102.26562499999976,79.53993055555537,73.54861111111094
,,,,,,,,66.73090277777763,101.43923611111087,79.53993055555537,73.1354166666665
,,,,,,,,66.73090277777763,101.02604166666643,79.57436342592574,66.73090277777763
,,,,,,,,66.73090277777763,100.61284722222199,79.53993055555537,66.26605902777763
,,,,,,,,66.73090277777763,100.19965277777754,79.43663194444426,65.49131944444429
,,,,,,,,66.62760416666652,99.7864583333331,79.53993055555537,65.18142361111096
,,,,,,,,66.73090277777763,97.41059027777756,79.57436342592574,59.32783564814802
,,,,,,,,66.73090277777763,96.99739583333312,79.78096064814797,67.35069444444429
,,,,,,,,66.73090277777763,96.58420138888866,79.74652777777759,59.91319444444431
,,,,,,,,66.73090277777763,96.17100694444422,79.95312499999982,73.54861111111094
,,,,,,,,66.73090277777763,95.75781249999977,79.95312499999982,73.18706597222206
,,,,,,,,66.73090277777763,95.34461805555533,79.98755787037018,67.97048611111096
,,,,,,,,66.73090277777763,66.73090277777763,79.98755787037018,66.73090277777763
,,,,,,,,66.73090277777763,66.31770833333319,79.95312499999982,66.26605902777763
,,,,,,,,66.73090277777763,65.90451388888873,79.95312499999982,59.499999999999865
,,,,,,,,66.73090277777763,65.49131944444429,79.95312499999982,59.19010416666653
,,,,,,,,66.73090277777763,65.07812499999984,80.19415509259241,67.35069444444429
,,,,,,,,66.73090277777763,64.6649305555554,80.15972222222203,59.91319444444431
,,,,,,,,66.73090277777763,64.25173611111096,80.40075231481464,73.58304398148131
,,,,,,,,66.73090277777763,63.838541666666515,80.36631944444426,68.3836805555554
,,,,,,,,66.73090277777763,63.42534722222207,80.36631944444426,67.97048611111096
,,,,,,,,66.73090277777763,63.01215277777763,80.36631944444426,66.73090277777763
,,,,,,,,66.73090277777763,60.946180555555415,80.36631944444426,66.31770833333319
,,,,,,,,66.73090277777763,60.53298611111097,80.36631944444426,59.499999999999865
,,,,,,,,66.73090277777763,60.11979166666653,80.36631944444426,59.19010416666653
,,,,,,,,66.73090277777763,59.706597222222086,80.60734953703685,67.55729166666652
,,,,,,,,66.73090277777763,59.293402777777644,80.57291666666649,67.04079861111096
,,,,,,,,66.73090277777763,58.880208333333194,80.57291666666649,66.0594618055554
,,,,,,,,66.73090277777763,58.46701388888875,80.57291666666649,59.91319444444431
,,,,,,,,66.73090277777763,58.05381944444431,80.7795138888887,73.96180555555539
,,,,,,,,66.73090277777763,57.640624999999865,80.7795138888887,73.54861111111094
,,,,,,,,66.73090277777763,57.22743055555542,80.7795138888887,68.4869791666665
,,,,,,,,66.73090277777763,56.81423611111098,80.7795138888887,68.12543402777762
,,,,,,,,66.73090277777763,55.57465277777765,80.7795138888887,66.5243055555554
,,,,,,,,66.73090277777763,55.16145833333321,80.81394675925908,65.14699074074059
,,,,,,,,66.73090277777763,54.748263888888765,80.81394675925908,59.499999999999865
,,,,,,,,66.73090277777763,54.335069444444315,80.67621527777759,59.19010416666653
,,,,,,,,66.73090277777763,53.92187499999987,80.98611111111093,67.35069444444429
,,,,,,,,66.73090277777763,53.50868055555543,80.98611111111093,66.93749999999984
,,,,,,,,66.73090277777763,53.095486111110986,80.98611111111093,66.11111111111096
,,,,,,,,66.73090277777763,52.68229166666654,80.98611111111093,65.69791666666652
,,,,,,,,66.73090277777763,52.2690972222221,80.98611111111093,60.016493055555415
,,,,,,,,66.73090277777763,51.85590277777766,81.19270833333314,73.96180555555539
,,,,,,,,66.73090277777763,51.442708333333215,81.19270833333314,73.54861111111094
,,,,,,,,66.73090277777763,51.02951388888877,81.19270833333314,73.1354166666665
,,,,,,,,66.93749999999984,101.85243055555532,81.19270833333314,72.36067708333317
,,,,,,,,66.97193287037022,94.86255787037015,81.22714120370352,68.59027777777762
,,,,,,,,66.83420138888873,94.41493055555533,81.19270833333314,68.07378472222206
,,,,,,,,66.83420138888873,94.00173611111089,81.19270833333314,67.66059027777762
,,,,,,,,66.93749999999984,62.59895833333319,81.22714120370352,66.5243055555554
,,,,,,,,66.93749999999984,62.185763888888744,81.22714120370352,65.28472222222207
,,,,,,,,66.93749999999984,61.7725694444443,81.08940972222203,64.97482638888874
,,,,,,,,66.93749999999984,61.35937499999986,81.22714120370352,59.499999999999865
,,,,,,,,66.93749999999984,56.401041666666536,81.08940972222203,59.19010416666653
,,,,,,,,66.93749999999984,55.98784722222209,81.43373842592574,71.89583333333317
,,,,,,,,67.14409722222207,103.09201388888864,81.39930555555537,71.37934027777762
,,,,,,,,67.14409722222207,102.6788194444442,81.29600694444426,71.17274305555539
,,,,,,,,67.14409722222207,102.26562499999976,81.43373842592574,70.65624999999983
,,,,,,,,67.14409722222207,101.43923611111087,81.39930555555537,70.13975694444429
,,,,,,,,67.04079861111096,101.02604166666643,81.39930555555537,69.72656249999984
,,,,,,,,67.14409722222207,100.56119791666643,81.39930555555537,69.36501736111094
,,,,,,,,67.04079861111096,100.30295138888866,81.39930555555537,67.14409722222207
,,,,,,,,67.14409722222207,97.15234374999977,81.39930555555537,65.90451388888873
,,,,,,,,67.04079861111096,96.79079861111089,81.39930555555537,60.11979166666653
,,,,,,,,67.14409722222207,96.17100694444422,81.60590277777759,74.1684027777776
,,,,,,,,67.14409722222207,95.75781249999977,81.60590277777759,73.75520833333316
,,,,,,,,67.14409722222207,95.39626736111089,81.60590277777759,73.34201388888872
,,,,,,,,67.17853009259244,90.90277777777757,81.60590277777759,72.92881944444427
,,,,,,,,67.04079861111096,90.59288194444423,81.60590277777759,72.51562499999983
,,,,,,,,67.14409722222207,66.62760416666652,81.60590277777759,68.79687499999984
,,,,,,,,67.14409722222207,66.21440972222207,81.60590277777759,68.3836805555554
,,,,,,,,67.14409722222207,65.80121527777763,81.60590277777759,67.97048611111096
,,,,,,,,67.14409722222207,65.38802083333319,81.60590277777759,67.55729166666652
,,,,,,,,67.14409722222207,64.97482638888874,81.60590277777759,66.73090277777763
,,,,,,,,67.14409722222207,64.5616319444443,81.60590277777759,66.31770833333319
,,,,,,,,67.14409722222207,64.14843749999986,81.60590277777759,65.49131944444429
,,,,,,,,67.14409722222207,63.73524305555541,81.60590277777759,65.07812499999984
,,,,,,,,67.14409722222207,63.322048611110965,81.64033564814797,59.706597222222086
,,,,,,,,67.14409722222207,62.90885416666652,81.60590277777759,59.241753472222086
,,,,,,,,67.17853009259244,60.946180555555415,81.81249999999982,72.10243055555539
,,,,,,,,67.14409722222207,60.42968749999986,81.81249999999982,71.68923611111094
,,,,,,,,67.14409722222207,60.016493055555415,81.81249999999982,71.2760416666665
,,,,,,,,67.14409722222207,59.60329861111097,81.81249999999982,70.86284722222206
,,,,,,,,67.14409722222207,59.19010416666653,81.81249999999982,70.44965277777762
,,,,,,,,67.14409722222207,58.776909722222086,81.81249999999982,70.03645833333317
,,,,,,,,67.14409722222207,58.363715277777644,81.81249999999982,69.62326388888873
,,,,,,,,67.14409722222207,57.9505208333332,81.81249999999982,69.21006944444429
,,,,,,,,67.14409722222207,57.53732638888876,81.81249999999982,67.14409722222207
,,,,,,,,67.14409722222207,57.124131944444315,81.81249999999982,65.90451388888873
,,,,,,,,67.14409722222207,56.710937499999865,82.05353009259241,74.1684027777776
,,,,,,,,67.17853009259244,55.57465277777765,82.01909722222203,73.65190972222206
,,,,,,,,67.14409722222207,55.05815972222209,82.01909722222203,73.2387152777776
,,,,,,,,67.14409722222207,54.64496527777765,82.01909722222203,72.82552083333316
,,,,,,,,67.14409722222207,54.23177083333321,82.01909722222203,72.41232638888872
,,,,,,,,67.14409722222207,53.818576388888765,82.05353009259241,68.79687499999984
,,,,,,,,67.14409722222207,53.40538194444432,82.01909722222203,68.28038194444429
,,,,,,,,67.14409722222207,52.99218749999988,82.01909722222203,67.86718749999984
,,,,,,,,67.14409722222207,52.578993055555436,82.01909722222203,67.4539930555554
,,,,,,,,67.14409722222207,52.16579861111099,82.05353009259241,66.73090277777763
,,,,,,,,67.14409722222207,51.75260416666654,82.01909722222203,66.21440972222207
,,,,,,,,67.14409722222207,51.3394097222221,82.05353009259241,65.49131944444429
,,,,,,,,67.14409722222207,50.977864583333215,81.91579861111092,65.07812499999984
,,,,,,,,67.35069444444429,101.85243055555532,82.01909722222203,59.91319444444431
,,,,,,,,67.38512731481467,91.52256944444423,82.01909722222203,59.499999999999865
,,,,,,,,67.38512731481467,90.2829861111109,82.01909722222203,59.19010416666653
,,,,,,,,67.35069444444429,89.76649305555534,82.26012731481462,71.89583333333317
,,,,,,,,67.35069444444429,89.45659722222202,82.22569444444426,71.37934027777762
,,,,,,,,67.35069444444429,62.392361111110965,82.22569444444426,70.96614583333317
,,,,,,,,67.35069444444429,61.97916666666652,82.22569444444426,70.55295138888873
,,,,,,,,67.35069444444429,61.56597222222208,82.22569444444426,70.13975694444429
,,,,,,,,67.35069444444429,56.194444444444315,82.22569444444426,69.72656249999984
,,,,,,,,67.55729166666652,103.09201388888864,82.22569444444426,69.3133680555554
,,,,,,,,67.55729166666652,102.6788194444442,82.43229166666647,74.58159722222204
,,,,,,,,67.55729166666652,102.26562499999976,82.43229166666647,74.1684027777776
,,,,,,,,67.55729166666652,101.49088541666643,82.43229166666647,73.75520833333316
,,,,,,,,67.55729166666652,97.15234374999977,82.43229166666647,73.34201388888872
,,,,,,,,67.55729166666652,96.06770833333312,82.43229166666647,72.92881944444427
,,,,,,,,67.55729166666652,95.70616319444422,82.43229166666647,72.51562499999983
,,,,,,,,67.59172453703688,90.90277777777757,82.43229166666647,68.79687499999984
,,,,,,,,67.55729166666652,66.5243055555554,82.43229166666647,68.3836805555554
,,,,,,,,67.55729166666652,66.11111111111096,82.43229166666647,67.97048611111096
,,,,,,,,67.55729166666652,65.69791666666652,82.43229166666647,67.55729166666652
,,,,,,,,67.55729166666652,65.28472222222207,82.43229166666647,67.14409722222207
,,,,,,,,67.55729166666652,64.87152777777763,82.43229166666647,66.73090277777763
,,,,,,,,67.55729166666652,64.45833333333319,82.43229166666647,66.31770833333319
,,,,,,,,67.55729166666652,64.04513888888874,82.43229166666647,65.90451388888873
,,,,,,,,67.55729166666652,63.631944444444294,82.43229166666647,65.28472222222207
,,,,,,,,67.55729166666652,63.21874999999985,82.43229166666647,64.97482638888874
,,,,,,,,67.55729166666652,62.80555555555541,82.43229166666647,59.91319444444431
,,,,,,,,67.55729166666652,61.15277777777764,82.43229166666647,59.499999999999865
,,,,,,,,67.55729166666652,60.739583333333194,82.43229166666647,59.19010416666653
,,,,,,,,67.55729166666652,60.32638888888875,82.6388888888887,72.10243055555539
,,,,,,,,67.55729166666652,59.91319444444431,82.6388888888887,71.68923611111094
,,,,,,,,67.55729166666652,59.499999999999865,82.6388888888887,71.2760416666665
,,,,,,,,67.55729166666652,59.086805555555415,82.6388888888887,70.86284722222206
,,,,,,,,67.55729166666652,58.67361111111097,82.6388888888887,70.44965277777762
,,,,,,,,67.55729166666652,58.26041666666653,82.6388888888887,70.03645833333317
,,,,,,,,67.55729166666652,57.847222222222086,82.6388888888887,69.67491319444429
,,,,,,,,67.55729166666652,57.434027777777644,82.6388888888887,69.10677083333317
,,,,,,,,67.55729166666652,57.0208333333332,82.7421874999998,74.58159722222204
,,,,,,,,67.55729166666652,56.60763888888876,82.7421874999998,74.1684027777776
,,,,,,,,67.55729166666652,55.78124999999987,82.7421874999998,73.75520833333316
,,,,,,,,67.55729166666652,55.36805555555543,82.7421874999998,73.34201388888872
,,,,,,,,67.55729166666652,54.954861111110986,82.7421874999998,72.92881944444427
,,,,,,,,67.55729166666652,54.54166666666654,82.7421874999998,72.51562499999983
,,,,,,,,67.55729166666652,54.12847222222209,82.8799189814813,68.59027777777762
,,,,,,,,67.55729166666652,53.71527777777765,82.84548611111092,68.07378472222206
,,,,,,,,67.55729166666652,53.30208333333321,82.84548611111092,67.66059027777762
,,,,,,,,67.55729166666652,52.888888888888765,82.84548611111092,67.24739583333317
,,,,,,,,67.55729166666652,52.47569444444432,82.84548611111092,66.83420138888873
,,,,,,,,67.55729166666652,52.06249999999988,82.84548611111092,66.11111111111096
,,,,,,,,67.55729166666652,51.649305555555436,82.84548611111092,65.69791666666652
,,,,,,,,67.55729166666652,51.23611111111099,82.84548611111092,65.28472222222207
,,,,,,,,67.55729166666652,50.92621527777766,82.84548611111092,64.97482638888874
,,,,,,,,67.76388888888873,101.85243055555532,82.84548611111092,59.91319444444431
,,,,,,,,67.79832175925911,96.48090277777756,82.84548611111092,59.499999999999865
,,,,,,,,67.76388888888873,91.52256944444423,82.84548611111092,59.19010416666653
,,,,,,,,67.76388888888873,90.2829861111109,83.05208333333314,70.3463541666665
,,,,,,,,67.76388888888873,89.86979166666646,83.05208333333314,69.93315972222206
,,,,,,,,67.76388888888873,89.45659722222202,83.05208333333314,69.51996527777762
,,,,,,,,67.76388888888873,62.392361111110965,83.05208333333314,69.10677083333317
,,,,,,,,67.76388888888873,61.97916666666652,83.25868055555536,68.59027777777762
,,,,,,,,67.76388888888873,61.56597222222208,83.25868055555536,68.17708333333317
,,,,,,,,67.76388888888873,56.194444444444315,83.25868055555536,67.76388888888873
,,,,,,,,67.97048611111096,103.09201388888864,83.25868055555536,67.35069444444429
,,,,,,,,67.97048611111096,102.6788194444442,83.25868055555536,66.93749999999984
,,,,,,,,67.97048611111096,102.26562499999976,83.25868055555536,66.5243055555554
,,,,,,,,67.97048611111096,101.43923611111087,83.25868055555536,66.11111111111096
,,,,,,,,67.97048611111096,97.10069444444422,83.15538194444426,65.80121527777763
,,,,,,,,67.97048611111096,95.86111111111089,83.25868055555536,65.28472222222207
,,,,,,,,67.97048611111096,91.10937499999979,83.25868055555536,64.97482638888874
,,,,,,,,67.97048611111096,90.69618055555534,83.25868055555536,59.91319444444431
,,,,,,,,67.97048611111096,66.5243055555554,83.25868055555536,59.499999999999865
,,,,,,,,67.97048611111096,66.11111111111096,83.25868055555536,59.19010416666653
,,,,,,,,67.97048611111096,65.69791666666652,83.46527777777759,70.24305555555539
,,,,,,,,67.97048611111096,65.28472222222207,83.46527777777759,69.82986111111094
,,,,,,,,67.97048611111096,64.87152777777763,83.46527777777759,69.4166666666665
,,,,,,,,67.97048611111096,64.45833333333319,83.46527777777759,69.00347222222206
,,,,,,,,67.97048611111096,64.04513888888874,83.6718749999998,68.59027777777762
,,,,,,,,67.97048611111096,63.631944444444294,83.6718749999998,68.17708333333317
,,,,,,,,67.97048611111096,63.21874999999985,83.6718749999998,67.76388888888873
,,,,,,,,67.97048611111096,62.80555555555541,83.6718749999998,67.35069444444429
,,,,,,,,67.97048611111096,61.15277777777764,83.6718749999998,66.93749999999984
,,,,,,,,67.97048611111096,60.739583333333194,83.6718749999998,66.5243055555554
,,,,,,,,67.97048611111096,60.32638888888875,83.6718749999998,66.11111111111096
,,,,,,,,67.97048611111096,59.91319444444431,83.6718749999998,65.74956597222207
,,,,,,,,67.97048611111096,59.499999999999865,83.6718749999998,65.28472222222207
,,,,,,,,67.97048611111096,59.086805555555415,83.6718749999998,64.97482638888874
,,,,,,,,67.97048611111096,58.67361111111097,83.6718749999998,59.91319444444431
,,,,,,,,67.97048611111096,58.26041666666653,83.6718749999998,59.499999999999865
,,,,,,,,67.97048611111096,57.847222222222086,83.6718749999998,59.19010416666653
,,,,,,,,67.97048611111096,57.434027777777644,83.87847222222203,70.24305555555539
,,,,,,,,67.97048611111096,57.0208333333332,83.87847222222203,69.82986111111094
,,,,,,,,67.97048611111096,56.60763888888876,83.87847222222203,69.4166666666665
,,,,,,,,67.97048611111096,55.78124999999987,83.87847222222203,69.00347222222206
,,,,,,,,67.97048611111096,55.36805555555543,84.08506944444424,68.59027777777762
,,,,,,,,67.97048611111096,54.954861111110986,84.08506944444424,68.17708333333317
,,,,,,,,67.97048611111096,54.54166666666654,84.08506944444424,67.76388888888873
,,,,,,,,67.97048611111096,54.12847222222209,84.08506944444424,67.35069444444429
,,,,,,,,67.97048611111096,53.71527777777765,84.08506944444424,66.93749999999984
,,,,,,,,67.97048611111096,53.30208333333321,84.08506944444424,66.5243055555554
,,,,,,,,67.97048611111096,52.888888888888765,84.08506944444424,66.11111111111096
,,,,,,,,67.97048611111096,52.47569444444432,84.08506944444424,65.69791666666652
,,,,,,,,67.97048611111096,52.06249999999988,84.08506944444424,65.28472222222207
,,,,,,,,67.97048611111096,51.649305555555436,84.08506944444424,64.97482638888874
,,,,,,,,67.97048611111096,51.23611111111099,84.08506944444424,59.91319444444431
,,,,,,,,67.97048611111096,50.92621527777766,84.08506944444424,59.499999999999865
,,,,,,,,68.21151620370355,101.85243055555532,84.08506944444424,59.19010416666653
,,,,,,,,68.17708333333317,96.68749999999977,84.29166666666647,70.24305555555539
,,,,,,,,68.17708333333317,96.27430555555533,84.29166666666647,69.82986111111094
,,,,,,,,68.17708333333317,91.52256944444423,84.29166666666647,69.4166666666665
,,,,,,,,68.17708333333317,90.2829861111109,84.29166666666647,69.00347222222206
,,,,,,,,68.17708333333317,89.86979166666646,84.49826388888869,68.59027777777762
,,,,,,,,68.17708333333317,89.45659722222202,84.49826388888869,68.17708333333317
,,,,,,,,68.17708333333317,89.14670138888869,84.49826388888869,67.76388888888873
,,,,,,,,68.17708333333317,62.392361111110965,84.49826388888869,67.35069444444429
,,,,,,,,68.17708333333317,61.97916666666652,84.49826388888869,66.93749999999984
,,,,,,,,68.17708333333317,61.56597222222208,84.49826388888869,66.5243055555554
,,,,,,,,68.17708333333317,56.194444444444315,84.49826388888869,66.11111111111096
,,,,,,,,68.3836805555554,102.78211805555532,84.49826388888869,65.69791666666652
,,,,,,,,68.3836805555554,102.36892361111087,84.49826388888869,65.28472222222207
,,,,,,,,68.41811342592577,101.23263888888866,84.49826388888869,64.97482638888874
,,,,,,,,68.3836805555554,97.10069444444422,84.49826388888869,59.91319444444431
,,,,,,,,68.3836805555554,95.86111111111089,84.49826388888869,59.499999999999865
,,,,,,,,68.3836805555554,91.10937499999979,84.49826388888869,59.19010416666653
,,,,,,,,68.3836805555554,90.69618055555534,84.70486111111092,70.24305555555539
,,,,,,,,68.3836805555554,66.5243055555554,84.70486111111092,69.82986111111094
,,,,,,,,68.3836805555554,66.11111111111096,84.70486111111092,69.4166666666665
,,,,,,,,68.3836805555554,65.69791666666652,84.70486111111092,69.00347222222206
,,,,,,,,68.3836805555554,65.28472222222207,84.80815972222203,68.59027777777762
,,,,,,,,68.3836805555554,64.87152777777763,84.80815972222203,68.17708333333317
,,,,,,,,68.3836805555554,64.45833333333319,84.80815972222203,67.76388888888873
,,,,,,,,68.3836805555554,64.04513888888874,84.80815972222203,67.35069444444429
,,,,,,,,68.3836805555554,63.631944444444294,84.80815972222203,66.93749999999984
,,,,,,,,68.3836805555554,63.21874999999985,84.80815972222203,66.5243055555554
,,,,,,,,68.3836805555554,62.80555555555541,84.80815972222203,66.11111111111096
,,,,,,,,68.3836805555554,61.15277777777764,84.80815972222203,65.69791666666652
,,,,,,,,68.3836805555554,60.739583333333194,84.80815972222203,65.28472222222207
,,,,,,,,68.3836805555554,60.32638888888875,84.80815972222203,64.97482638888874
,,,,,,,,68.3836805555554,59.91319444444431,84.80815972222203,59.91319444444431
,,,,,,,,68.3836805555554,59.499999999999865,84.80815972222203,59.499999999999865
,,,,,,,,68.3836805555554,59.086805555555415,84.80815972222203,59.19010416666653
,,,,,,,,68.3836805555554,58.67361111111097,147.5448495370367,72.10243055555539
,,,,,,,,68.3836805555554,58.26041666666653,147.5448495370367,70.86284722222206
,,,,,,,,68.3836805555554,57.847222222222086,147.51041666666632,70.24305555555539
,,,,,,,,68.3836805555554,57.434027777777644,147.51041666666632,69.82986111111094
,,,,,,,,68.3836805555554,57.0208333333332,147.51041666666632,69.51996527777762
,,,,,,,,68.3836805555554,56.60763888888876,147.5448495370367,66.11111111111096
,,,,,,,,68.3836805555554,55.78124999999987,147.51041666666632,65.5946180555554
,,,,,,,,68.3836805555554,55.36805555555543,147.71701388888854,71.48263888888873
,,,,,,,,68.3836805555554,54.954861111110986,147.71701388888854,65.07812499999984
,,,,,,,,68.3836805555554,54.54166666666654,147.92361111111077,72.30902777777762
,,,,,,,,68.3836805555554,54.12847222222209,147.92361111111077,71.89583333333317
,,,,,,,,68.3836805555554,53.71527777777765,147.92361111111077,71.06944444444429
,,,,,,,,68.3836805555554,53.30208333333321,147.92361111111077,70.65624999999983
,,,,,,,,68.3836805555554,52.888888888888765,147.92361111111077,70.24305555555539
,,,,,,,,68.3836805555554,52.47569444444432,147.92361111111077,69.82986111111094
,,,,,,,,68.3836805555554,52.06249999999988,147.92361111111077,69.51996527777762
,,,,,,,,68.28038194444429,51.649305555555436,147.92361111111077,66.31770833333319
,,,,,,,,68.28038194444429,51.23611111111099,147.92361111111077,65.90451388888873
,,,,,,,,68.28038194444429,50.92621527777766,147.92361111111077,65.49131944444429
,,,,,,,,68.4869791666665,101.85243055555532,148.130208333333,71.48263888888873
,,,,,,,,68.4869791666665,100.61284722222199,148.130208333333,65.02647569444429
,,,,,,,,68.4869791666665,96.68749999999977,148.3368055555552,72.30902777777762
,,,,,,,,68.59027777777762,96.17100694444422,148.3368055555552,71.89583333333317
,,,,,,,,68.59027777777762,91.52256944444423,148.3368055555552,71.06944444444429
,,,,,,,,68.59027777777762,90.2829861111109,148.3368055555552,70.65624999999983
,,,,,,,,68.59027777777762,89.86979166666646,148.3368055555552,70.24305555555539
,,,,,,,,68.59027777777762,89.45659722222202,148.3368055555552,69.82986111111094
,,,,,,,,68.59027777777762,89.04340277777757,148.3368055555552,69.51996527777762
,,,,,,,,68.59027777777762,88.68185763888869,148.3368055555552,66.21440972222207
,,,,,,,,68.59027777777762,62.392361111110965,148.3368055555552,65.80121527777763
,,,,,,,,68.59027777777762,61.97916666666652,148.3368055555552,65.43967013888874
,,,,,,,,68.59027777777762,61.56597222222208,148.54340277777743,71.48263888888873
,,,,,,,,68.59027777777762,56.194444444444315,148.54340277777743,64.97482638888874
,,,,,,,,68.79687499999984,97.15234374999977,148.74999999999966,72.30902777777762
,,,,,,,,68.83130787037021,91.10937499999979,148.74999999999966,71.89583333333317
,,,,,,,,68.79687499999984,90.59288194444423,148.74999999999966,71.06944444444429
,,,,,,,,68.83130787037021,88.21701388888869,148.74999999999966,70.65624999999983
,,,,,,,,68.79687499999984,66.42100694444429,148.74999999999966,70.24305555555539
,,,,,,,,68.79687499999984,66.00781249999984,148.74999999999966,69.82986111111094
,,,,,,,,68.79687499999984,65.5946180555554,148.74999999999966,69.51996527777762
,,,,,,,,68.79687499999984,65.18142361111096,148.78443287037,66.11111111111096
,,,,,,,,68.79687499999984,64.76822916666652,148.74999999999966,65.5946180555554
,,,,,,,,68.79687499999984,64.35503472222207,148.64670138888854,65.38802083333319
,,,,,,,,68.79687499999984,63.94184027777763,148.9565972222219,71.48263888888873
,,,,,,,,68.79687499999984,63.52864583333319,148.9565972222219,65.07812499999984
,,,,,,,,68.79687499999984,63.115451388888744,149.1631944444441,72.30902777777762
,,,,,,,,68.79687499999984,62.7022569444443,149.1631944444441,71.89583333333317
,,,,,,,,68.83130787037021,61.15277777777764,149.1631944444441,71.06944444444429
,,,,,,,,68.79687499999984,60.63628472222208,149.1631944444441,70.65624999999983
,,,,,,,,68.79687499999984,60.22309027777764,149.1631944444441,70.24305555555539
,,,,,,,,68.79687499999984,59.809895833333194,149.1631944444441,69.82986111111094
,,,,,,,,68.79687499999984,59.39670138888875,149.1631944444441,69.46831597222206
,,,,,,,,68.79687499999984,58.98350694444431,149.19762731481447,66.31770833333319
,,,,,,,,68.79687499999984,58.570312499999865,149.1631944444441,65.80121527777763
,,,,,,,,68.79687499999984,58.15711805555542,149.1631944444441,65.38802083333319
,,,,,,,,68.79687499999984,57.74392361111098,149.40422453703667,72.72222222222206
,,,,,,,,68.79687499999984,57.330729166666536,149.40422453703667,71.48263888888873
,,,,,,,,68.79687499999984,56.91753472222209,149.40422453703667,69.00347222222206
,,,,,,,,68.79687499999984,56.504340277777644,149.36979166666632,65.02647569444429
,,,,,,,,68.83130787037021,55.78124999999987,149.57638888888854,74.37499999999983
,,,,,,,,68.79687499999984,55.264756944444315,149.57638888888854,73.96180555555539
,,,,,,,,68.79687499999984,54.85156249999987,149.57638888888854,73.6002604166665
,,,,,,,,68.79687499999984,54.43836805555543,149.6108217592589,72.10243055555539
,,,,,,,,68.79687499999984,54.025173611110986,149.6108217592589,70.86284722222206
,,,,,,,,68.79687499999984,53.61197916666654,149.57638888888854,70.3463541666665
,,,,,,,,68.79687499999984,53.1987847222221,149.57638888888854,69.93315972222206
,,,,,,,,68.79687499999984,52.83723958333321,149.57638888888854,69.51996527777762
,,,,,,,,68.69357638888873,52.47569444444432,149.6108217592589,68.3836805555554
,,,,,,,,69.00347222222206,91.72916666666646,149.57638888888854,67.86718749999984
,,,,,,,,69.00347222222206,90.07638888888869,149.57638888888854,67.4539930555554
,,,,,,,,69.00347222222206,89.66319444444423,149.57638888888854,67.04079861111096
,,,,,,,,69.00347222222206,89.24999999999979,149.57638888888854,66.62760416666652
,,,,,,,,69.00347222222206,88.83680555555534,149.57638888888854,66.21440972222207
,,,,,,,,69.03790509259244,62.185763888888744,149.57638888888854,65.80121527777763
,,,,,,,,69.00347222222206,61.669270833333194,149.57638888888854,65.38802083333319
,,,,,,,,69.21006944444429,91.31597222222202,149.81741898148113,73.1354166666665
,,,,,,,,69.21006944444429,90.90277777777757,149.78298611111077,72.61892361111094
,,,,,,,,69.21006944444429,90.48958333333313,149.81741898148113,71.48263888888873
,,,,,,,,69.21006944444429,88.4236111111109,149.81741898148113,69.00347222222206
,,,,,,,,69.21006944444429,88.01041666666646,149.78298611111077,65.02647569444429
,,,,,,,,69.21006944444429,87.59722222222202,149.98958333333297,74.1684027777776
,,,,,,,,69.21006944444429,84.70486111111092,149.98958333333297,73.75520833333316
,,,,,,,,69.21006944444429,84.29166666666647,149.98958333333297,72.10243055555539
,,,,,,,,69.21006944444429,83.87847222222203,149.98958333333297,70.86284722222206
,,,,,,,,69.21006944444429,83.46527777777759,149.98958333333297,70.44965277777762
,,,,,,,,69.21006944444429,83.1037326388887,149.98958333333297,70.03645833333317
,,,,,,,,69.21006944444429,82.22569444444426,149.98958333333297,69.62326388888873
,,,,,,,,69.10677083333317,65.69791666666652,149.98958333333297,68.3836805555554
,,,,,,,,69.10677083333317,65.28472222222207,149.98958333333297,67.97048611111096
,,,,,,,,69.21006944444429,64.87152777777763,149.98958333333297,67.55729166666652
,,,,,,,,69.21006944444429,64.45833333333319,149.98958333333297,67.14409722222207
,,,,,,,,69.21006944444429,64.04513888888874,149.98958333333297,66.73090277777763
,,,,,,,,69.21006944444429,63.631944444444294,149.98958333333297,66.31770833333319
,,,,,,,,69.21006944444429,63.21874999999985,149.98958333333297,65.90451388888873
,,,,,,,,69.21006944444429,62.80555555555541,149.98958333333297,65.49131944444429
,,,,,,,,69.21006944444429,61.15277777777764,150.23061342592558,73.34201388888872
,,,,,,,,69.21006944444429,60.739583333333194,150.1961805555552,72.82552083333316
,,,,,,,,69.21006944444429,60.32638888888875,150.1961805555552,72.41232638888872
,,,,,,,,69.21006944444429,59.91319444444431,150.23061342592558,71.68923611111094
,,,,,,,,69.21006944444429,59.499999999999865,150.1961805555552,71.17274305555539
,,,,,,,,69.21006944444429,59.086805555555415,150.23061342592558,69.21006944444429
,,,,,,,,69.21006944444429,58.67361111111097,150.1961805555552,68.69357638888873
,,,,,,,,69.21006944444429,58.26041666666653,150.1961805555552,65.07812499999984
,,,,,,,,69.21006944444429,57.847222222222086,150.40277777777743,70.65624999999983
,,,,,,,,69.21006944444429,57.434027777777644,150.40277777777743,70.24305555555539
,,,,,,,,69.21006944444429,57.0208333333332,150.40277777777743,69.82986111111094
,,,,,,,,69.21006944444429,56.60763888888876,150.40277777777743,68.17708333333317
,,,,,,,,69.21006944444429,56.194444444444315,150.40277777777743,67.76388888888873
,,,,,,,,69.21006944444429,55.78124999999987,150.40277777777743,67.35069444444429
,,,,,,,,69.21006944444429,55.36805555555543,150.40277777777743,66.93749999999984
,,,,,,,,69.21006944444429,54.954861111110986,150.40277777777743,66.5243055555554
,,,,,,,,69.21006944444429,54.54166666666654,150.43721064814778,65.90451388888873
,,,,,,,,69.21006944444429,54.12847222222209,150.40277777777743,65.38802083333319
,,,,,,,,69.21006944444429,53.71527777777765,150.60937499999966,73.54861111111094
,,,,,,,,69.21006944444429,53.30208333333321,150.60937499999966,73.1354166666665
,,,,,,,,69.21006944444429,52.888888888888765,150.60937499999966,72.72222222222206
,,,,,,,,69.4166666666665,91.62586805555534,150.60937499999966,72.30902777777762
,,,,,,,,69.45109953703688,90.07638888888869,150.60937499999966,71.89583333333317
,,,,,,,,69.4166666666665,89.55989583333313,150.60937499999966,71.48263888888873
,,,,,,,,69.4166666666665,89.14670138888869,150.60937499999966,71.06944444444429
,,,,,,,,69.4166666666665,88.73350694444424,150.60937499999966,69.4166666666665
,,,,,,,,69.45109953703688,87.2528935185183,150.60937499999966,69.00347222222206
,,,,,,,,69.4166666666665,85.11805555555536,150.60937499999966,68.59027777777762
,,,,,,,,69.4166666666665,82.6388888888887,150.60937499999966,64.97482638888874
,,,,,,,,69.4166666666665,81.86414930555537,150.85040509259224,70.65624999999983
,,,,,,,,69.45109953703688,62.392361111110965,150.81597222222186,70.13975694444429
,,,,,,,,69.4166666666665,61.875868055555415,150.81597222222186,69.72656249999984
,,,,,,,,69.4166666666665,61.462673611110965,150.85040509259224,68.17708333333317
,,,,,,,,69.62326388888873,91.10937499999979,150.81597222222186,67.66059027777762
,,,,,,,,69.62326388888873,90.69618055555534,150.81597222222186,67.24739583333317
,,,,,,,,69.62326388888873,88.21701388888869,150.81597222222186,66.83420138888873
,,,,,,,,69.62326388888873,87.80381944444424,150.81597222222186,66.42100694444429
,,,,,,,,69.6576967592591,85.5312499999998,150.81597222222186,66.00781249999984
,,,,,,,,69.6576967592591,84.70486111111092,150.81597222222186,65.5946180555554
,,,,,,,,69.62326388888873,84.18836805555536,150.81597222222186,65.18142361111096
,,,,,,,,69.62326388888873,83.77517361111092,151.0225694444441,73.75520833333316
,,,,,,,,69.62326388888873,83.36197916666647,151.0225694444441,73.34201388888872
,,,,,,,,69.62326388888873,82.94878472222203,151.0225694444441,72.92881944444427
,,,,,,,,69.6576967592591,82.22569444444426,151.0225694444441,72.51562499999983
,,,,,,,,69.62326388888873,64.6649305555554,151.0225694444441,72.10243055555539
,,,,,,,,69.62326388888873,64.25173611111096,151.0225694444441,71.68923611111094
,,,,,,,,69.62326388888873,63.838541666666515,151.0225694444441,71.2760416666665
,,,,,,,,69.62326388888873,63.42534722222207,151.0225694444441,69.21006944444429
,,,,,,,,69.62326388888873,63.01215277777763,151.0225694444441,68.79687499999984
,,,,,,,,69.62326388888873,60.946180555555415,151.22916666666632,74.58159722222204
,,,,,,,,69.62326388888873,60.53298611111097,151.22916666666632,74.1684027777776
,,,,,,,,69.62326388888873,60.11979166666653,151.22916666666632,70.86284722222206
,,,,,,,,69.62326388888873,59.706597222222086,151.22916666666632,70.44965277777762
,,,,,,,,69.62326388888873,59.293402777777644,151.22916666666632,70.03645833333317
,,,,,,,,69.62326388888873,58.880208333333194,151.22916666666632,69.62326388888873
,,,,,,,,69.62326388888873,58.46701388888875,151.22916666666632,68.3836805555554
,,,,,,,,69.62326388888873,58.05381944444431,151.22916666666632,67.97048611111096
,,,,,,,,69.62326388888873,57.640624999999865,151.22916666666632,67.55729166666652
,,,,,,,,69.62326388888873,57.22743055555542,151.22916666666632,67.14409722222207
,,,,,,,,69.62326388888873,56.81423611111098,151.22916666666632,66.73090277777763
,,,,,,,,69.62326388888873,56.401041666666536,151.22916666666632,66.31770833333319
,,,,,,,,69.62326388888873,55.98784722222209,151.22916666666632,65.90451388888873
,,,,,,,,69.62326388888873,55.57465277777765,151.22916666666632,65.49131944444429
,,,,,,,,69.62326388888873,55.16145833333321,151.22916666666632,65.07812499999984
,,,,,,,,69.62326388888873,54.748263888888765,151.43576388888854,76.23437499999983
,,,,,,,,69.62326388888873,54.335069444444315,151.43576388888854,75.82118055555539
,,,,,,,,69.62326388888873,53.92187499999987,151.43576388888854,74.99479166666649
,,,,,,,,69.62326388888873,53.50868055555543,151.4701967592589,73.75520833333316
,,,,,,,,69.62326388888873,53.095486111110986,151.43576388888854,73.2387152777776
,,,,,,,,69.86429398148132,91.52256944444423,151.43576388888854,72.82552083333316
,,,,,,,,69.86429398148132,90.2829861111109,151.43576388888854,72.41232638888872
,,,,,,,,69.82986111111094,89.76649305555534,151.43576388888854,71.99913194444427
,,,,,,,,69.82986111111094,89.3532986111109,151.43576388888854,71.58593749999983
,,,,,,,,69.82986111111094,88.94010416666646,151.43576388888854,71.17274305555539
,,,,,,,,69.82986111111094,88.52690972222202,151.4701967592589,69.21006944444429
,,,,,,,,69.86429398148132,87.3906249999998,151.43576388888854,68.69357638888873
,,,,,,,,69.72656249999984,87.08072916666646,151.64236111111077,76.64756944444427
,,,,,,,,69.82986111111094,81.76085069444426,151.53906249999966,75.51128472222204
,,,,,,,,69.82986111111094,62.59895833333319,151.64236111111077,74.6332465277776
,,,,,,,,69.82986111111094,62.185763888888744,151.67679398148113,70.65624999999983
,,,,,,,,69.82986111111094,61.7725694444443,151.64236111111077,70.13975694444429
,,,,,,,,69.82986111111094,61.35937499999986,151.64236111111077,69.72656249999984
,,,,,,,,69.82986111111094,52.78559027777766,151.67679398148113,68.17708333333317
,,,,,,,,70.03645833333317,90.90277777777757,151.64236111111077,67.66059027777762
,,,,,,,,70.03645833333317,88.01041666666646,151.64236111111077,67.24739583333317
,,,,,,,,70.03645833333317,86.77083333333313,151.64236111111077,66.83420138888873
,,,,,,,,70.03645833333317,86.35763888888869,151.64236111111077,66.42100694444429
,,,,,,,,70.03645833333317,85.94444444444424,151.64236111111077,66.00781249999984
,,,,,,,,70.03645833333317,85.5312499999998,151.64236111111077,65.5946180555554
,,,,,,,,70.03645833333317,85.11805555555536,151.64236111111077,65.18142361111096
,,,,,,,,70.03645833333317,84.70486111111092,151.53906249999966,64.97482638888874
,,,,,,,,70.03645833333317,84.29166666666647,151.74565972222186,76.23437499999983
,,,,,,,,70.03645833333317,83.87847222222203,151.88339120370335,74.99479166666649
,,,,,,,,70.03645833333317,83.46527777777759,151.84895833333297,74.0651041666665
,,,,,,,,70.03645833333317,83.05208333333314,151.84895833333297,73.65190972222206
,,,,,,,,70.03645833333317,82.6388888888887,151.84895833333297,73.2387152777776
,,,,,,,,70.03645833333317,82.22569444444426,151.84895833333297,72.82552083333316
,,,,,,,,70.03645833333317,64.6649305555554,151.84895833333297,72.41232638888872
,,,,,,,,70.03645833333317,64.25173611111096,151.84895833333297,71.99913194444427
,,,,,,,,70.03645833333317,63.838541666666515,151.84895833333297,71.58593749999983
,,,,,,,,70.03645833333317,63.42534722222207,151.84895833333297,71.17274305555539
,,,,,,,,70.03645833333317,63.01215277777763,151.88339120370335,69.21006944444429
,,,,,,,,70.03645833333317,60.946180555555415,151.84895833333297,68.69357638888873
,,,,,,,,70.03645833333317,60.53298611111097,152.0555555555552,76.75086805555537
,,,,,,,,70.03645833333317,60.11979166666653,152.0555555555552,75.61458333333316
,,,,,,,,70.03645833333317,59.706597222222086,152.0555555555552,74.42664930555539
,,,,,,,,70.03645833333317,59.293402777777644,152.0555555555552,70.65624999999983
,,,,,,,,70.03645833333317,58.880208333333194,152.0555555555552,70.24305555555539
,,,,,,,,70.03645833333317,58.46701388888875,152.0555555555552,69.82986111111094
,,,,,,,,70.03645833333317,58.05381944444431,152.0555555555552,68.17708333333317
,,,,,,,,70.03645833333317,57.640624999999865,152.0555555555552,67.76388888888873
,,,,,,,,70.03645833333317,57.22743055555542,152.0555555555552,67.35069444444429
,,,,,,,,70.03645833333317,56.81423611111098,152.0555555555552,66.93749999999984
,,,,,,,,70.03645833333317,56.401041666666536,152.0555555555552,66.5243055555554
,,,,,,,,70.03645833333317,55.98784722222209,152.0555555555552,66.11111111111096
,,,,,,,,70.03645833333317,55.57465277777765,152.0555555555552,65.69791666666652
,,,,,,,,70.03645833333317,55.16145833333321,152.0555555555552,65.28472222222207
,,,,,,,,70.03645833333317,54.748263888888765,152.0555555555552,64.97482638888874
,,,,,,,,70.03645833333317,54.335069444444315,152.26215277777743,75.20138888888872
,,,,,,,,70.03645833333317,53.92187499999987,152.26215277777743,74.78819444444427
,,,,,,,,70.03645833333317,53.50868055555543,152.26215277777743,73.96180555555539
,,,,,,,,70.03645833333317,53.095486111110986,152.26215277777743,73.54861111111094
,,,,,,,,70.24305555555539,97.15234374999977,152.26215277777743,73.1354166666665
,,,,,,,,70.24305555555539,91.72916666666646,152.26215277777743,72.72222222222206
,,,,,,,,70.24305555555539,91.31597222222202,152.26215277777743,72.30902777777762
,,,,,,,,70.24305555555539,90.48958333333313,152.26215277777743,71.89583333333317
,,,,,,,,70.24305555555539,90.07638888888869,152.26215277777743,71.48263888888873
,,,,,,,,70.24305555555539,89.66319444444423,152.26215277777743,71.06944444444429
,,,,,,,,70.24305555555539,89.24999999999979,152.26215277777743,69.4166666666665
,,,,,,,,70.24305555555539,88.83680555555534,152.26215277777743,69.00347222222206
,,,,,,,,70.24305555555539,88.4236111111109,152.26215277777743,68.59027777777762
,,,,,,,,70.24305555555539,87.59722222222202,152.46874999999966,76.69921874999982
,,,,,,,,70.24305555555539,87.18402777777757,152.46874999999966,75.61458333333316
,,,,,,,,70.24305555555539,81.81249999999982,152.46874999999966,74.37499999999983
,,,,,,,,70.27748842592577,62.59895833333319,152.46874999999966,70.65624999999983
,,,,,,,,70.24305555555539,62.08246527777764,152.46874999999966,70.24305555555539
,,,,,,,,70.24305555555539,61.669270833333194,152.46874999999966,69.82986111111094
,,,,,,,,70.24305555555539,61.256076388888744,152.46874999999966,68.17708333333317
,,,,,,,,70.24305555555539,52.83723958333321,152.46874999999966,67.76388888888873
,,,,,,,,70.44965277777762,95.86111111111089,152.46874999999966,67.35069444444429
,,,,,,,,70.44965277777762,95.44791666666644,152.46874999999966,66.93749999999984
,,,,,,,,70.44965277777762,95.034722222222,152.46874999999966,66.5243055555554
,,,,,,,,70.44965277777762,94.62152777777756,152.46874999999966,66.11111111111096
,,,,,,,,70.44965277777762,94.25998263888867,152.46874999999966,65.69791666666652
,,,,,,,,70.44965277777762,93.79513888888867,152.46874999999966,65.28472222222207
,,,,,,,,70.44965277777762,93.38194444444423,152.46874999999966,64.97482638888874
,,,,,,,,70.44965277777762,92.96874999999979,152.67534722222186,76.33767361111093
,,,,,,,,70.44965277777762,92.55555555555534,152.67534722222186,75.25303819444427
,,,,,,,,70.44965277777762,90.90277777777757,152.67534722222186,74.78819444444427
,,,,,,,,70.48408564814798,88.01041666666646,152.67534722222186,73.96180555555539
,,,,,,,,70.48408564814798,86.77083333333313,152.67534722222186,73.54861111111094
,,,,,,,,70.44965277777762,86.25434027777757,152.67534722222186,73.1354166666665
,,,,,,,,70.44965277777762,85.84114583333313,152.67534722222186,72.72222222222206
,,,,,,,,70.44965277777762,85.42795138888869,152.67534722222186,72.30902777777762
,,,,,,,,70.44965277777762,85.01475694444424,152.67534722222186,71.89583333333317
,,,,,,,,70.44965277777762,84.6015624999998,152.67534722222186,71.48263888888873
,,,,,,,,70.44965277777762,84.18836805555536,152.67534722222186,71.06944444444429
,,,,,,,,70.44965277777762,83.77517361111092,152.67534722222186,69.4166666666665
,,,,,,,,70.44965277777762,83.36197916666647,152.67534722222186,69.00347222222206
,,,,,,,,70.44965277777762,82.94878472222203,152.67534722222186,68.59027777777762
,,,,,,,,70.44965277777762,82.53559027777759,152.8819444444441,76.69921874999982
,,,,,,,,70.44965277777762,82.12239583333314,152.77864583333297,75.61458333333316
,,,,,,,,70.44965277777762,64.87152777777763,152.91637731481444,74.37499999999983
,,,,,,,,70.44965277777762,64.45833333333319,152.91637731481444,70.65624999999983
,,,,,,,,70.44965277777762,64.04513888888874,152.8819444444441,70.13975694444429
,,,,,,,,70.44965277777762,63.631944444444294,152.8819444444441,69.72656249999984
,,,,,,,,70.44965277777762,63.21874999999985,152.91637731481444,68.17708333333317
,,,,,,,,70.44965277777762,60.739583333333194,152.8819444444441,67.66059027777762
,,,,,,,,70.44965277777762,60.32638888888875,152.8819444444441,67.24739583333317
,,,,,,,,70.44965277777762,59.91319444444431,152.8819444444441,66.83420138888873
,,,,,,,,70.44965277777762,59.499999999999865,152.8819444444441,66.42100694444429
,,,,,,,,70.44965277777762,59.086805555555415,152.8819444444441,66.00781249999984
,,,,,,,,70.44965277777762,58.67361111111097,152.8819444444441,65.5946180555554
,,,,,,,,70.44965277777762,58.26041666666653,152.8819444444441,65.18142361111096
,,,,,,,,70.44965277777762,57.847222222222086,152.77864583333297,64.97482638888874
,,,,,,,,70.44965277777762,57.434027777777644,153.08854166666632,73.75520833333316
,,,,,,,,70.44965277777762,57.0208333333332,153.08854166666632,73.34201388888872
,,,,,,,,70.44965277777762,56.60763888888876,153.08854166666632,72.92881944444427
,,,,,,,,70.44965277777762,56.194444444444315,153.08854166666632,72.51562499999983
,,,,,,,,70.44965277777762,55.78124999999987,153.08854166666632,72.10243055555539
,,,,,,,,70.44965277777762,55.36805555555543,153.08854166666632,71.68923611111094
,,,,,,,,70.44965277777762,54.954861111110986,153.08854166666632,71.2760416666665
,,,,,,,,70.44965277777762,54.54166666666654,153.08854166666632,69.21006944444429
,,,,,,,,70.44965277777762,54.18012152777765,153.08854166666632,68.79687499999984
,,,,,,,,70.3463541666665,53.71527777777765,153.29513888888854,74.47829861111094
,,,,,,,,70.44965277777762,53.1987847222221,153.29513888888854,74.0651041666665
,,,,,,,,70.55295138888873,97.10069444444422,153.3295717592589,70.86284722222206
,,,,,,,,70.55295138888873,96.68749999999977,153.29513888888854,70.3463541666665
,,,,,,,,70.55295138888873,96.27430555555533,153.29513888888854,69.93315972222206
,,,,,,,,70.55295138888873,92.1423611111109,153.29513888888854,69.51996527777762
,,,,,,,,70.55295138888873,91.72916666666646,153.19184027777743,67.55729166666652
,,,,,,,,70.55295138888873,91.31597222222202,153.29513888888854,67.04079861111096
,,,,,,,,70.55295138888873,90.59288194444423,153.29513888888854,66.62760416666652
,,,,,,,,70.55295138888873,89.86979166666646,153.29513888888854,66.21440972222207
,,,,,,,,70.55295138888873,89.45659722222202,153.29513888888854,65.85286458333319
,,,,,,,,70.55295138888873,89.04340277777757,153.29513888888854,65.43967013888874
,,,,,,,,70.55295138888873,88.63020833333313,153.29513888888854,65.02647569444429
,,,,,,,,70.55295138888873,87.3906249999998,153.50173611111074,90.69618055555534
,,,,,,,,70.65624999999983,81.65755208333314,153.53616898148113,89.66319444444423
,,,,,,,,70.65624999999983,62.80555555555541,153.50173611111074,88.63020833333313
,,,,,,,,70.65624999999983,62.392361111110965,153.50173611111074,73.44531249999983
,,,,,,,,70.65624999999983,61.97916666666652,153.50173611111074,73.03211805555539
,,,,,,,,70.65624999999983,61.56597222222208,153.50173611111074,72.61892361111094
,,,,,,,,70.65624999999983,61.15277777777764,153.50173611111074,72.2057291666665
,,,,,,,,70.55295138888873,52.78559027777766,153.50173611111074,71.79253472222206
,,,,,,,,70.75954861111094,84.91145833333313,153.50173611111074,71.37934027777762
,,,,,,,,70.75954861111094,84.49826388888869,153.53616898148113,69.03790509259244
,,,,,,,,70.86284722222206,84.08506944444424,153.70833333333297,90.43793402777757
,,,,,,,,70.86284722222206,83.6718749999998,153.70833333333297,70.86284722222206
,,,,,,,,70.86284722222206,83.25868055555536,153.70833333333297,70.44965277777762
,,,,,,,,70.86284722222206,82.84548611111092,153.60503472222186,70.03645833333317
,,,,,,,,70.86284722222206,82.43229166666647,153.70833333333297,69.51996527777762
,,,,,,,,70.86284722222206,82.01909722222203,153.70833333333297,66.62760416666652
,,,,,,,,70.75954861111094,64.45833333333319,153.60503472222186,66.42100694444429
,,,,,,,,70.75954861111094,64.04513888888874,153.70833333333297,65.69791666666652
,,,,,,,,70.75954861111094,63.631944444444294,153.70833333333297,65.33637152777763
,,,,,,,,70.75954861111094,63.21874999999985,153.60503472222186,64.97482638888874
,,,,,,,,70.86284722222206,60.739583333333194,153.9149305555552,90.90277777777757
,,,,,,,,70.86284722222206,60.32638888888875,153.9149305555552,90.07638888888869
,,,,,,,,70.86284722222206,59.91319444444431,153.9149305555552,89.66319444444423
,,,,,,,,70.86284722222206,59.499999999999865,153.9149305555552,89.24999999999979
,,,,,,,,70.86284722222206,59.086805555555415,153.9149305555552,88.83680555555534
,,,,,,,,70.86284722222206,58.67361111111097,153.9149305555552,88.4236111111109
,,,,,,,,70.86284722222206,58.26041666666653,153.9149305555552,88.01041666666646
,,,,,,,,70.86284722222206,57.847222222222086,153.9149305555552,72.92881944444427
,,,,,,,,70.86284722222206,57.434027777777644,153.9149305555552,72.51562499999983
,,,,,,,,70.86284722222206,57.0208333333332,153.9149305555552,72.10243055555539
,,,,,,,,70.86284722222206,56.60763888888876,153.9149305555552,71.68923611111094
,,,,,,,,70.86284722222206,56.194444444444315,153.9149305555552,71.17274305555539
,,,,,,,,70.86284722222206,55.78124999999987,153.94936342592555,66.11111111111096
,,,,,,,,70.86284722222206,55.36805555555543,154.12152777777743,90.48958333333313
,,,,,,,,70.86284722222206,55.006510416666536,154.12152777777743,73.34201388888872
,,,,,,,,71.06944444444429,81.60590277777759,154.12152777777743,70.65624999999983
,,,,,,,,71.06944444444429,81.19270833333314,154.12152777777743,70.24305555555539
,,,,,,,,71.06944444444429,62.28906249999986,154.15596064814778,69.62326388888873
,,,,,,,,71.06944444444429,61.875868055555415,154.12152777777743,69.21006944444429
,,,,,,,,71.06944444444429,61.462673611110965,154.15596064814778,65.49131944444429
,,,,,,,,70.96614583333317,61.256076388888744,154.01822916666632,65.18142361111096
,,,,,,,,71.2760416666665,83.5685763888887,154.32812499999963,90.90277777777757
,,,,,,,,71.2760416666665,83.15538194444426,154.32812499999963,90.07638888888869
,,,,,,,,71.2760416666665,82.7421874999998,154.32812499999963,89.66319444444423
,,,,,,,,71.2760416666665,82.32899305555536,154.32812499999963,89.24999999999979
,,,,,,,,71.17274305555539,82.12239583333314,154.22482638888854,88.83680555555534
,,,,,,,,71.17274305555539,62.7022569444443,154.32812499999963,88.4236111111109
,,,,,,,,71.31047453703688,60.946180555555415,154.32812499999963,88.01041666666646
,,,,,,,,71.2760416666665,60.42968749999986,154.32812499999963,72.92881944444427
,,,,,,,,71.2760416666665,60.016493055555415,154.32812499999963,72.51562499999983
,,,,,,,,71.2760416666665,59.60329861111097,154.32812499999963,72.10243055555539
,,,,,,,,71.2760416666665,59.19010416666653,154.22482638888854,71.79253472222206
,,,,,,,,71.2760416666665,58.776909722222086,154.32812499999963,70.96614583333317
,,,,,,,,71.2760416666665,58.363715277777644,154.36255787037,66.31770833333319
,,,,,,,,71.2760416666665,57.9505208333332,154.53472222222186,90.48958333333313
,,,,,,,,71.2760416666665,57.53732638888876,154.53472222222186,73.2387152777776
,,,,,,,,71.2760416666665,57.124131944444315,154.53472222222186,70.44965277777762
,,,,,,,,71.2760416666665,56.710937499999865,154.53472222222186,70.03645833333317
,,,,,,,,71.2760416666665,56.29774305555542,154.53472222222186,69.62326388888873
,,,,,,,,71.2760416666665,55.88454861111098,154.43142361111074,69.3133680555554
,,,,,,,,71.2760416666665,55.471354166666536,154.53472222222186,65.69791666666652
,,,,,,,,71.2760416666665,55.10980902777765,154.53472222222186,65.33637152777763
,,,,,,,,71.17274305555539,54.85156249999987,154.7413194444441,90.90277777777757
,,,,,,,,71.5170717592591,81.81249999999982,154.63802083333297,90.07638888888869
,,,,,,,,71.48263888888873,81.29600694444426,154.7413194444441,89.71484374999979
,,,,,,,,71.37934027777762,81.08940972222203,154.63802083333297,89.24999999999979
,,,,,,,,71.48263888888873,61.97916666666652,154.63802083333297,88.3203124999998
,,,,,,,,71.48263888888873,61.56597222222208,154.77575231481444,72.72222222222206
,,,,,,,,71.68923611111094,99.01171874999977,154.7413194444441,72.2057291666665
,,,,,,,,71.68923611111094,98.65017361111089,154.63802083333297,71.99913194444427
,,,,,,,,71.68923611111094,83.15538194444426,154.77575231481444,70.86284722222206
,,,,,,,,71.68923611111094,82.7421874999998,154.7413194444441,66.5243055555554
,,,,,,,,71.68923611111094,82.32899305555536,154.7413194444441,66.11111111111096
,,,,,,,,71.68923611111094,79.95312499999982,154.8446180555552,90.48958333333313
,,,,,,,,71.68923611111094,61.15277777777764,154.94791666666632,70.24305555555539
,,,,,,,,71.68923611111094,60.739583333333194,154.94791666666632,69.82986111111094
,,,,,,,,71.68923611111094,60.32638888888875,154.94791666666632,69.51996527777762
,,,,,,,,71.68923611111094,59.91319444444431,154.8446180555552,65.69791666666652
,,,,,,,,71.68923611111094,59.499999999999865,155.15451388888852,72.92881944444427
,,,,,,,,71.68923611111094,59.086805555555415,155.15451388888852,72.51562499999983
,,,,,,,,71.68923611111094,58.67361111111097,155.15451388888852,72.10243055555539
,,,,,,,,71.68923611111094,58.26041666666653,155.15451388888852,71.68923611111094
,,,,,,,,71.68923611111094,57.847222222222086,155.1889467592589,71.10387731481465
,,,,,,,,71.68923611111094,57.434027777777644,155.15451388888852,70.55295138888873
,,,,,,,,71.68923611111094,57.0208333333332,155.05121527777743,66.31770833333319
,,,,,,,,71.68923611111094,56.60763888888876,155.25781249999963,70.03645833333317
,,,,,,,,71.68923611111094,56.194444444444315,155.36111111111074,69.72656249999984
,,,,,,,,71.68923611111094,55.78124999999987,155.36111111111074,64.76822916666652
,,,,,,,,71.68923611111094,55.36805555555543,155.36111111111074,63.37369791666652
,,,,,,,,71.68923611111094,55.05815972222209,155.56770833333297,72.77387152777762
,,,,,,,,71.93026620370354,81.81249999999982,155.46440972222186,72.30902777777762
,,,,,,,,71.89583333333317,81.34765624999982,155.56770833333297,71.89583333333317
,,,,,,,,71.89583333333317,79.64322916666649,155.56770833333297,71.48263888888873
,,,,,,,,71.89583333333317,61.875868055555415,155.46440972222186,71.06944444444429
,,,,,,,,71.89583333333317,61.462673611110965,155.7743055555552,81.81249999999982
,,,,,,,,72.10243055555539,98.96006944444422,155.7743055555552,64.87152777777763
,,,,,,,,72.10243055555539,98.54687499999977,155.7743055555552,64.45833333333319
,,,,,,,,72.13686342592577,83.25868055555536,155.7743055555552,64.04513888888874
,,,,,,,,72.10243055555539,82.7421874999998,155.7743055555552,63.631944444444294
,,,,,,,,72.10243055555539,82.32899305555536,155.7743055555552,63.21874999999985
,,,,,,,,72.10243055555539,79.95312499999982,155.9809027777774,83.05208333333314
,,,,,,,,72.10243055555539,72.72222222222206,155.9809027777774,82.6388888888887
,,,,,,,,72.10243055555539,72.30902777777762,155.9809027777774,82.22569444444426
,,,,,,,,72.10243055555539,71.89583333333317,155.9809027777774,81.50260416666647
,,,,,,,,72.10243055555539,60.946180555555415,155.9809027777774,65.28472222222207
,,,,,,,,72.10243055555539,60.53298611111097,156.22193287037,81.84693287037018
,,,,,,,,72.10243055555539,60.11979166666653,156.18749999999963,64.87152777777763
,,,,,,,,72.10243055555539,59.706597222222086,156.18749999999963,64.45833333333319
,,,,,,,,72.10243055555539,59.293402777777644,156.18749999999963,64.04513888888874
,,,,,,,,72.10243055555539,58.880208333333194,156.18749999999963,63.631944444444294
,,,,,,,,72.10243055555539,58.46701388888875,156.18749999999963,63.21874999999985
,,,,,,,,72.10243055555539,58.05381944444431,156.29079861111074,82.84548611111092
,,,,,,,,72.10243055555539,57.640624999999865,156.39409722222186,82.32899305555536
,,,,,,,,72.10243055555539,57.22743055555542,156.39409722222186,72.10243055555539
,,,,,,,,72.10243055555539,56.81423611111098,156.39409722222186,71.68923611111094
,,,,,,,,72.10243055555539,56.401041666666536,156.6006944444441,81.86414930555537
,,,,,,,,72.10243055555539,55.98784722222209,156.6006944444441,71.48263888888873
,,,,,,,,72.10243055555539,55.57465277777765,156.6006944444441,64.87152777777763
,,,,,,,,72.10243055555539,55.16145833333321,156.6006944444441,64.45833333333319
,,,,,,,,72.10243055555539,54.85156249999987,156.6006944444441,64.04513888888874
,,,,,,,,72.30902777777762,81.81249999999982,156.6006944444441,63.631944444444294
,,,,,,,,72.30902777777762,81.39930555555537,156.6006944444441,63.21874999999985
,,,,,,,,72.30902777777762,80.98611111111093,156.7039930555552,82.22569444444426
,,,,,,,,72.30902777777762,61.7725694444443,156.7039930555552,71.89583333333317
,,,,,,,,72.30902777777762,61.35937499999986,157.01388888888852,81.91579861111092
,,,,,,,,72.51562499999983,83.36197916666647,157.0483217592589,65.07812499999984
,,,,,,,,72.51562499999983,82.94878472222203,157.01388888888852,64.5616319444443
,,,,,,,,72.51562499999983,82.53559027777759,157.01388888888852,64.14843749999986
,,,,,,,,72.51562499999983,82.12239583333314,157.01388888888852,63.73524305555541
,,,,,,,,72.55005787037021,79.98755787037018,157.01388888888852,63.322048611110965
,,,,,,,,72.55005787037021,72.72222222222206,156.9105902777774,63.115451388888744
,,,,,,,,72.51562499999983,72.2057291666665,157.22048611111074,82.38064236111092
,,,,,,,,72.51562499999983,71.79253472222206,157.42708333333297,82.01909722222203
,,,,,,,,72.55005787037021,60.946180555555415,157.42708333333297,65.28472222222207
,,,,,,,,72.51562499999983,60.42968749999986,157.42708333333297,64.87152777777763
,,,,,,,,72.51562499999983,60.016493055555415,157.42708333333297,64.45833333333319
,,,,,,,,72.51562499999983,59.60329861111097,157.42708333333297,64.04513888888874
,,,,,,,,72.51562499999983,59.19010416666653,157.42708333333297,63.631944444444294
,,,,,,,,72.51562499999983,58.776909722222086,157.42708333333297,63.21874999999985
,,,,,,,,72.51562499999983,58.363715277777644,157.66811342592555,82.43229166666647
,,,,,,,,72.51562499999983,57.9505208333332,157.66811342592555,66.31770833333319
,,,,,,,,72.51562499999983,57.53732638888876,157.8402777777774,84.80815972222203
,,,,,,,,72.51562499999983,57.124131944444315,157.8402777777774,81.96744791666647
,,,,,,,,72.51562499999983,56.710937499999865,157.87471064814778,65.28472222222207
,,,,,,,,72.51562499999983,56.29774305555542,157.8402777777774,64.76822916666652
,,,,,,,,72.51562499999983,55.88454861111098,157.8402777777774,64.35503472222207
,,,,,,,,72.51562499999983,55.471354166666536,157.8402777777774,63.94184027777763
,,,,,,,,72.51562499999983,55.05815972222209,157.8402777777774,63.52864583333319
,,,,,,,,72.41232638888872,54.85156249999987,157.8402777777774,63.1671006944443
,,,,,,,,72.61892361111094,81.60590277777759,158.04687499999963,82.43229166666647
,,,,,,,,72.72222222222206,80.7795138888887,158.08130787036998,66.73090277777763
,,,,,,,,72.72222222222206,61.97916666666652,158.04687499999963,66.21440972222207
,,,,,,,,72.72222222222206,61.56597222222208,157.94357638888852,66.00781249999984
,,,,,,,,72.92881944444427,80.36631944444426,158.25347222222186,84.80815972222203
,,,,,,,,72.92881944444427,79.95312499999982,158.2879050925922,82.05353009259241
,,,,,,,,72.92881944444427,79.59157986111093,158.25347222222186,67.76388888888873
,,,,,,,,72.92881944444427,73.54861111111094,158.25347222222186,67.35069444444429
,,,,,,,,72.92881944444427,73.1354166666665,158.25347222222186,65.69791666666652
,,,,,,,,72.92881944444427,72.72222222222206,158.25347222222186,65.28472222222207
,,,,,,,,72.92881944444427,72.30902777777762,158.25347222222186,64.87152777777763
,,,,,,,,72.92881944444427,71.89583333333317,158.25347222222186,64.45833333333319
,,,,,,,,72.92881944444427,71.53428819444427,158.25347222222186,64.04513888888874
,,,,,,,,72.92881944444427,62.392361111110965,158.25347222222186,63.631944444444294
,,,,,,,,72.92881944444427,61.15277777777764,158.25347222222186,63.21874999999985
,,,,,,,,72.92881944444427,60.739583333333194,158.4600694444441,66.93749999999984
,,,,,,,,72.92881944444427,60.32638888888875,158.6666666666663,84.80815972222203
,,,,,,,,72.92881944444427,59.91319444444431,158.5633680555552,82.22569444444426
,,,,,,,,72.92881944444427,59.499999999999865,158.5633680555552,67.76388888888873
,,,,,,,,72.92881944444427,59.086805555555415,158.6666666666663,67.35069444444429
,,,,,,,,72.92881944444427,58.67361111111097,158.70109953703667,65.69791666666652
,,,,,,,,72.92881944444427,58.26041666666653,158.6666666666663,65.18142361111096
,,,,,,,,72.92881944444427,57.847222222222086,158.6666666666663,64.76822916666652
,,,,,,,,72.92881944444427,57.434027777777644,158.6666666666663,64.35503472222207
,,,,,,,,72.92881944444427,57.0208333333332,158.6666666666663,63.94184027777763
,,,,,,,,72.92881944444427,56.60763888888876,158.6666666666663,63.52864583333319
,,,,,,,,72.92881944444427,56.24609374999987,158.6666666666663,63.1671006944443
,,,,,,,,72.82552083333316,55.78124999999987,158.87326388888852,84.08506944444424
,,,,,,,,72.82552083333316,55.36805555555543,158.90769675925887,66.31770833333319
,,,,,,,,73.1354166666665,79.2816840277776,158.97656249999963,83.77517361111092
,,,,,,,,73.1354166666665,73.96180555555539,159.07986111111074,65.69791666666652
,,,,,,,,73.1354166666665,61.97916666666652,159.07986111111074,65.28472222222207
,,,,,,,,73.1354166666665,61.56597222222208,159.07986111111074,64.87152777777763
,,,,,,,,73.34201388888872,80.57291666666649,159.07986111111074,64.45833333333319
,,,,,,,,73.34201388888872,80.15972222222203,159.07986111111074,64.04513888888874
,,,,,,,,73.34201388888872,79.74652777777759,159.07986111111074,63.631944444444294
,,,,,,,,73.3764467592591,74.37499999999983,159.07986111111074,63.21874999999985
,,,,,,,,73.3764467592591,73.54861111111094,159.28645833333297,66.5243055555554
,,,,,,,,73.34201388888872,73.03211805555539,159.28645833333297,66.11111111111096
,,,,,,,,73.34201388888872,72.61892361111094,159.49305555555517,84.96310763888869
,,,,,,,,73.34201388888872,72.2057291666665,159.49305555555517,65.69791666666652
,,,,,,,,73.34201388888872,71.79253472222206,159.49305555555517,65.28472222222207
,,,,,,,,73.34201388888872,71.43098958333317,159.49305555555517,64.87152777777763
,,,,,,,,73.34201388888872,62.392361111110965,159.49305555555517,64.45833333333319
,,,,,,,,73.34201388888872,61.15277777777764,159.49305555555517,64.04513888888874
,,,,,,,,73.34201388888872,60.739583333333194,159.49305555555517,63.631944444444294
,,,,,,,,73.34201388888872,60.32638888888875,159.49305555555517,63.21874999999985
,,,,,,,,73.34201388888872,59.91319444444431,159.6996527777774,66.5243055555554
,,,,,,,,73.34201388888872,59.499999999999865,159.6996527777774,66.11111111111096
,,,,,,,,73.34201388888872,59.086805555555415,159.6996527777774,62.857204861110965
,,,,,,,,73.34201388888872,58.67361111111097,159.94068287036998,88.21701388888869
,,,,,,,,73.34201388888872,58.26041666666653,159.90624999999963,87.70052083333313
,,,,,,,,73.34201388888872,57.847222222222086,159.90624999999963,87.28732638888869
,,,,,,,,73.34201388888872,57.434027777777644,159.90624999999963,86.87413194444424
,,,,,,,,73.34201388888872,57.0208333333332,159.90624999999963,86.4609374999998
,,,,,,,,73.34201388888872,56.60763888888876,159.90624999999963,86.04774305555536
,,,,,,,,73.54861111111094,79.33333333333314,159.80295138888852,85.84114583333313
,,,,,,,,73.54861111111094,78.9201388888887,159.90624999999963,85.11805555555536
,,,,,,,,73.54861111111094,78.50694444444426,159.80295138888852,84.80815972222203
,,,,,,,,73.54861111111094,78.09374999999982,159.90624999999963,65.69791666666652
,,,,,,,,73.54861111111094,77.68055555555537,159.90624999999963,65.28472222222207
,,,,,,,,73.54861111111094,77.26736111111093,159.90624999999963,64.87152777777763
,,,,,,,,73.54861111111094,76.85416666666649,159.90624999999963,64.45833333333319
,,,,,,,,73.54861111111094,76.44097222222204,159.90624999999963,64.04513888888874
,,,,,,,,73.58304398148131,74.99479166666649,159.90624999999963,63.631944444444294
,,,,,,,,73.54861111111094,61.97916666666652,159.90624999999963,63.21874999999985
,,,,,,,,73.54861111111094,61.56597222222208,159.90624999999963,62.392361111110965
,,,,,,,,73.75520833333316,80.57291666666649,159.90624999999963,61.97916666666652
,,,,,,,,73.75520833333316,80.15972222222203,159.90624999999963,61.56597222222208
,,,,,,,,73.75520833333316,79.74652777777759,159.90624999999963,61.15277777777764
,,,,,,,,73.75520833333316,76.0277777777776,160.11284722222186,85.5312499999998
,,,,,,,,73.75520833333316,75.61458333333316,160.11284722222186,66.5243055555554
,,,,,,,,73.75520833333316,74.37499999999983,160.11284722222186,66.11111111111096
,,,,,,,,73.75520833333316,73.96180555555539,160.11284722222186,62.80555555555541
,,,,,,,,73.75520833333316,73.54861111111094,160.31944444444406,87.08072916666646
,,,,,,,,73.75520833333316,73.1354166666665,160.31944444444406,86.66753472222202
,,,,,,,,73.75520833333316,72.72222222222206,160.31944444444406,86.25434027777757
,,,,,,,,73.75520833333316,72.30902777777762,160.31944444444406,85.84114583333313
,,,,,,,,73.75520833333316,71.89583333333317,160.31944444444406,65.69791666666652
,,,,,,,,73.75520833333316,71.48263888888873,160.31944444444406,65.28472222222207
,,,,,,,,73.75520833333316,71.17274305555539,160.31944444444406,64.87152777777763
,,,,,,,,73.75520833333316,62.392361111110965,160.31944444444406,64.45833333333319
,,,,,,,,73.75520833333316,61.15277777777764,160.31944444444406,64.04513888888874
,,,,,,,,73.75520833333316,60.739583333333194,160.31944444444406,63.631944444444294
,,,,,,,,73.75520833333316,60.32638888888875,160.31944444444406,63.21874999999985
,,,,,,,,73.75520833333316,59.91319444444431,160.31944444444406,62.392361111110965
,,,,,,,,73.75520833333316,59.499999999999865,160.31944444444406,61.97916666666652
,,,,,,,,73.75520833333316,59.086805555555415,160.31944444444406,61.56597222222208
,,,,,,,,73.75520833333316,58.67361111111097,160.31944444444406,61.15277777777764
,,,,,,,,73.75520833333316,58.26041666666653,160.5260416666663,66.5243055555554
,,,,,,,,73.75520833333316,57.847222222222086,160.5260416666663,66.11111111111096
,,,,,,,,73.75520833333316,57.434027777777644,160.5260416666663,62.80555555555541
,,,,,,,,73.75520833333316,57.0208333333332,160.73263888888852,86.87413194444424
,,,,,,,,73.75520833333316,56.710937499999865,160.73263888888852,86.51258680555536
,,,,,,,,73.96180555555539,79.33333333333314,160.73263888888852,86.04774305555536
,,,,,,,,73.96180555555539,78.9201388888887,160.6293402777774,85.73784722222203
,,,,,,,,73.96180555555539,78.50694444444426,160.73263888888852,65.69791666666652
,,,,,,,,73.96180555555539,78.09374999999982,160.73263888888852,65.28472222222207
,,,,,,,,73.96180555555539,77.68055555555537,160.73263888888852,64.87152777777763
,,,,,,,,73.96180555555539,77.26736111111093,160.73263888888852,64.45833333333319
,,,,,,,,73.96180555555539,76.85416666666649,160.73263888888852,64.04513888888874
,,,,,,,,73.96180555555539,76.44097222222204,160.73263888888852,63.631944444444294
,,,,,,,,73.96180555555539,75.20138888888872,160.73263888888852,63.21874999999985
,,,,,,,,73.96180555555539,74.78819444444427,160.6293402777774,62.392361111110965
,,,,,,,,73.96180555555539,61.97916666666652,160.6293402777774,61.97916666666652
,,,,,,,,73.96180555555539,61.56597222222208,160.73263888888852,61.56597222222208
,,,,,,,,74.1684027777776,80.57291666666649,160.6293402777774,61.15277777777764
,,,,,,,,74.1684027777776,80.15972222222203,160.93923611111074,66.5243055555554
,,,,,,,,74.1684027777776,79.74652777777759,160.93923611111074,66.11111111111096
,,,,,,,,74.1684027777776,76.0277777777776,160.93923611111074,62.857204861110965
,,,,,,,,74.1684027777776,75.61458333333316,161.14583333333297,86.71918402777757
,,,,,,,,74.1684027777776,74.37499999999983,161.04253472222186,85.84114583333313
,,,,,,,,74.1684027777776,73.96180555555539,161.14583333333297,65.5946180555554
,,,,,,,,74.1684027777776,73.54861111111094,161.14583333333297,65.18142361111096
,,,,,,,,74.1684027777776,73.1354166666665,161.14583333333297,64.76822916666652
,,,,,,,,74.1684027777776,72.72222222222206,161.14583333333297,64.35503472222207
,,,,,,,,74.1684027777776,72.30902777777762,161.14583333333297,63.94184027777763
,,,,,,,,74.1684027777776,71.89583333333317,161.14583333333297,63.52864583333319
,,,,,,,,74.1684027777776,71.48263888888873,161.14583333333297,63.115451388888744
,,,,,,,,74.1684027777776,71.17274305555539,161.04253472222186,61.7725694444443
,,,,,,,,74.1684027777776,62.392361111110965,161.04253472222186,61.462673611110965
,,,,,,,,74.1684027777776,61.15277777777764,161.35243055555517,66.5243055555554
,,,,,,,,74.1684027777776,60.739583333333194,161.35243055555517,66.11111111111096
,,,,,,,,74.1684027777776,60.32638888888875,161.5590277777774,65.38802083333319
,,,,,,,,74.1684027777776,59.91319444444431,161.5590277777774,64.97482638888874
,,,,,,,,74.1684027777776,59.499999999999865,161.5590277777774,64.5616319444443
,,,,,,,,74.1684027777776,59.086805555555415,161.5590277777774,64.14843749999986
,,,,,,,,74.1684027777776,58.67361111111097,161.5590277777774,63.73524305555541
,,,,,,,,74.1684027777776,58.26041666666653,161.5590277777774,63.322048611110965
,,,,,,,,74.1684027777776,57.847222222222086,161.4557291666663,63.115451388888744
,,,,,,,,74.1684027777776,57.434027777777644,161.76562499999963,96.27430555555533
,,,,,,,,74.1684027777776,57.0208333333332,161.76562499999963,95.44791666666644
,,,,,,,,74.1684027777776,56.710937499999865,161.80005787036998,93.65740740740719
,,,,,,,,74.4094328703702,79.36776620370352,161.76562499999963,66.5243055555554
,,,,,,,,74.37499999999983,78.8168402777776,161.76562499999963,66.11111111111096
,,,,,,,,74.37499999999983,78.40364583333316,161.76562499999963,65.80121527777763
,,,,,,,,74.27170138888872,78.09374999999982,161.97222222222186,97.10069444444422
,,,,,,,,74.37499999999983,77.68055555555537,161.97222222222186,96.68749999999977
,,,,,,,,74.37499999999983,77.26736111111093,161.97222222222186,95.86111111111089
,,,,,,,,74.37499999999983,76.85416666666649,161.97222222222186,95.034722222222
,,,,,,,,74.37499999999983,76.44097222222204,161.97222222222186,94.62152777777756
,,,,,,,,74.37499999999983,75.20138888888872,161.97222222222186,94.20833333333312
,,,,,,,,74.37499999999983,74.78819444444427,161.97222222222186,65.28472222222207
,,,,,,,,74.4094328703702,61.97916666666652,161.97222222222186,64.92317708333319
,,,,,,,,74.37499999999983,61.462673611110965,161.86892361111074,64.45833333333319
,,,,,,,,74.47829861111094,80.36631944444426,161.97222222222186,64.04513888888874
,,,,,,,,74.61603009259242,76.0277777777776,161.97222222222186,63.631944444444294
,,,,,,,,74.58159722222204,75.51128472222204,161.97222222222186,63.21874999999985
,,,,,,,,74.61603009259242,74.37499999999983,162.17881944444406,96.27430555555533
,,,,,,,,74.58159722222204,73.85850694444427,162.17881944444406,95.44791666666644
,,,,,,,,74.58159722222204,73.44531249999983,162.17881944444406,93.84678819444423
,,,,,,,,74.58159722222204,73.03211805555539,162.17881944444406,66.31770833333319
,,,,,,,,74.58159722222204,72.61892361111094,162.17881944444406,65.90451388888873
,,,,,,,,74.58159722222204,72.2057291666665,162.3854166666663,97.10069444444422
,,,,,,,,74.58159722222204,71.79253472222206,162.3854166666663,96.68749999999977
,,,,,,,,74.58159722222204,71.43098958333317,162.3854166666663,95.86111111111089
,,,,,,,,74.47829861111094,71.17274305555539,162.28211805555517,95.13802083333312
,,,,,,,,74.58159722222204,60.946180555555415,162.41984953703664,65.28472222222207
,,,,,,,,74.58159722222204,60.53298611111097,162.3854166666663,64.76822916666652
,,,,,,,,74.58159722222204,60.11979166666653,162.28211805555517,64.45833333333319
,,,,,,,,74.58159722222204,59.706597222222086,162.41984953703664,63.838541666666515
,,,,,,,,74.58159722222204,59.293402777777644,162.3854166666663,63.322048611110965
,,,,,,,,74.58159722222204,58.880208333333194,162.28211805555517,63.115451388888744
,,,,,,,,74.58159722222204,58.46701388888875,162.59201388888852,96.27430555555533
,,,,,,,,74.58159722222204,58.05381944444431,162.59201388888852,95.44791666666644
,,,,,,,,74.58159722222204,57.640624999999865,162.59201388888852,94.00173611111089
,,,,,,,,74.58159722222204,57.22743055555542,162.59201388888852,66.31770833333319
,,,,,,,,74.58159722222204,56.81423611111098,162.59201388888852,65.95616319444429
,,,,,,,,74.78819444444427,78.71354166666649,162.79861111111074,97.10069444444422
,,,,,,,,74.78819444444427,78.30034722222204,162.79861111111074,96.68749999999977
,,,,,,,,74.78819444444427,77.8871527777776,162.79861111111074,95.86111111111089
,,,,,,,,74.78819444444427,77.47395833333316,162.79861111111074,65.49131944444429
,,,,,,,,74.78819444444427,77.06076388888872,162.79861111111074,64.97482638888874
,,,,,,,,74.78819444444427,76.64756944444427,162.69531249999963,64.76822916666652
,,,,,,,,74.78819444444427,74.99479166666649,162.79861111111074,63.631944444444294
,,,,,,,,74.78819444444427,62.08246527777764,162.79861111111074,63.21874999999985
,,,,,,,,74.78819444444427,61.669270833333194,163.00520833333294,96.27430555555533
,,,,,,,,74.78819444444427,61.256076388888744,163.00520833333294,95.55121527777756
,,,,,,,,74.99479166666649,76.23437499999983,163.00520833333294,66.31770833333319
,,,,,,,,74.99479166666649,75.82118055555539,163.00520833333294,65.95616319444429
,,,,,,,,74.99479166666649,75.40798611111093,163.00520833333294,64.35503472222207
,,,,,,,,74.99479166666649,74.58159722222204,162.90190972222183,64.04513888888874
,,,,,,,,74.99479166666649,74.1684027777776,163.21180555555517,97.10069444444422
,,,,,,,,74.99479166666649,73.75520833333316,163.21180555555517,96.68749999999977
,,,,,,,,74.99479166666649,73.39366319444427,163.21180555555517,95.86111111111089
,,,,,,,,74.89149305555539,73.03211805555539,163.21180555555517,65.5946180555554
,,,,,,,,74.89149305555539,72.10243055555539,163.21180555555517,64.97482638888874
,,,,,,,,74.99479166666649,71.68923611111094,163.10850694444406,63.631944444444294
,,,,,,,,74.89149305555539,71.37934027777762,163.4184027777774,96.27430555555533
,,,,,,,,74.99479166666649,60.739583333333194,163.4184027777774,66.31770833333319
,,,,,,,,74.99479166666649,60.32638888888875,163.4184027777774,65.95616319444429
,,,,,,,,74.99479166666649,59.91319444444431,163.62499999999963,97.10069444444422
,,,,,,,,74.99479166666649,59.499999999999865,163.52170138888852,96.68749999999977
,,,,,,,,74.99479166666649,59.086805555555415,163.62499999999963,95.91276041666644
,,,,,,,,74.99479166666649,58.67361111111097,163.62499999999963,65.33637152777763
,,,,,,,,74.99479166666649,58.26041666666653,163.83159722222183,96.27430555555533
,,,,,,,,74.99479166666649,57.847222222222086,163.83159722222183,66.31770833333319
,,,,,,,,74.99479166666649,57.434027777777644,163.83159722222183,64.97482638888874
,,,,,,,,74.99479166666649,57.0208333333332,164.03819444444406,97.10069444444422
,,,,,,,,75.20138888888872,78.71354166666649,164.03819444444406,96.79079861111089
,,,,,,,,75.20138888888872,78.30034722222204,164.03819444444406,65.38802083333319
,,,,,,,,75.20138888888872,77.8871527777776,164.2447916666663,66.26605902777763
,,,,,,,,75.20138888888872,77.47395833333316,164.2447916666663,65.80121527777763
,,,,,,,,75.20138888888872,77.06076388888872,164.45138888888852,97.15234374999977
,,,,,,,,75.20138888888872,76.64756944444427,164.3480902777774,96.79079861111089
,,,,,,,,75.20138888888872,74.99479166666649,164.45138888888852,65.38802083333319
,,,,,,,,75.20138888888872,61.875868055555415,164.65798611111072,66.11111111111096
,,,,,,,,75.20138888888872,61.462673611110965,164.65798611111072,65.74956597222207
,,,,,,,,75.20138888888872,61.04947916666652,164.86458333333294,65.38802083333319
,,,,,,,,75.40798611111093,76.23437499999983,165.07118055555517,66.11111111111096
,,,,,,,,75.40798611111093,75.82118055555539,165.07118055555517,65.69791666666652
,,,,,,,,75.40798611111093,75.40798611111093,165.2777777777774,65.38802083333319
,,,,,,,,75.40798611111093,74.47829861111094,165.51880787036998,66.93749999999984
,,,,,,,,75.40798611111093,74.0651041666665,165.4843749999996,66.42100694444429
,,,,,,,,75.30468749999983,73.75520833333316,165.4843749999996,66.00781249999984
,,,,,,,,75.30468749999983,73.44531249999983,165.4843749999996,65.5946180555554
,,,,,,,,75.40798611111093,60.53298611111097,165.69097222222183,67.76388888888873
,,,,,,,,75.40798611111093,60.11979166666653,165.69097222222183,64.97482638888874
,,,,,,,,75.40798611111093,59.706597222222086,165.9320023148144,68.17708333333317
,,,,,,,,75.40798611111093,59.293402777777644,165.9320023148144,67.35069444444429
,,,,,,,,75.40798611111093,58.880208333333194,165.89756944444406,66.83420138888873
,,,,,,,,75.40798611111093,58.46701388888875,165.89756944444406,66.42100694444429
,,,,,,,,75.40798611111093,58.05381944444431,165.89756944444406,66.00781249999984
,,,,,,,,75.40798611111093,57.640624999999865,165.89756944444406,65.5946180555554
,,,,,,,,75.40798611111093,57.27907986111098,165.89756944444406,65.18142361111096
,,,,,,,,75.61458333333316,78.61024305555537,166.1041666666663,105.15798611111087
,,,,,,,,75.61458333333316,78.19704861111093,166.1041666666663,104.74479166666643
,,,,,,,,75.61458333333316,77.78385416666649,166.1041666666663,104.33159722222199
,,,,,,,,75.61458333333316,77.37065972222204,166.1041666666663,103.91840277777753
,,,,,,,,75.61458333333316,76.9574652777776,166.1041666666663,103.50520833333309
,,,,,,,,75.61458333333316,76.54427083333316,166.1041666666663,103.09201388888864
,,,,,,,,75.51128472222204,74.99479166666649,166.1041666666663,102.6788194444442
,,,,,,,,75.61458333333316,60.8428819444443,166.1041666666663,102.26562499999976
,,,,,,,,75.82118055555539,76.0277777777776,166.1041666666663,101.85243055555532
,,,,,,,,75.82118055555539,75.61458333333316,166.1041666666663,101.43923611111087
,,,,,,,,75.82118055555539,75.30468749999983,166.1041666666663,101.02604166666643
,,,,,,,,75.82118055555539,74.27170138888872,166.1041666666663,100.61284722222199
,,,,,,,,75.71788194444427,73.96180555555539,166.1041666666663,100.19965277777754
,,,,,,,,75.82118055555539,60.32638888888875,166.1041666666663,99.7864583333331
,,,,,,,,75.82118055555539,59.91319444444431,166.1041666666663,68.79687499999984
,,,,,,,,75.82118055555539,59.499999999999865,166.31076388888852,105.57118055555532
,,,,,,,,75.82118055555539,59.086805555555415,166.31076388888852,99.37326388888866
,,,,,,,,75.82118055555539,58.67361111111097,166.31076388888852,98.96006944444422
,,,,,,,,75.82118055555539,58.26041666666653,166.31076388888852,98.54687499999977
,,,,,,,,75.82118055555539,57.847222222222086,166.2074652777774,98.13368055555533
,,,,,,,,75.82118055555539,57.434027777777644,166.34519675925887,69.21006944444429
,,,,,,,,76.06221064814798,78.50694444444426,166.34519675925887,68.3836805555554
,,,,,,,,76.0277777777776,77.9904513888887,166.31076388888852,67.86718749999984
,,,,,,,,76.0277777777776,77.57725694444426,166.31076388888852,67.4539930555554
,,,,,,,,76.0277777777776,77.16406249999982,166.31076388888852,67.04079861111096
,,,,,,,,76.0277777777776,76.75086805555537,166.31076388888852,66.62760416666652
,,,,,,,,76.0277777777776,76.33767361111093,166.31076388888852,66.21440972222207
,,,,,,,,76.06221064814798,60.739583333333194,166.31076388888852,65.80121527777763
,,,,,,,,76.2688078703702,75.82118055555539,166.31076388888852,65.38802083333319
,,,,,,,,76.23437499999983,75.35633680555539,166.31076388888852,65.02647569444429
,,,,,,,,76.23437499999983,74.1684027777776,166.51736111111072,105.15798611111087
,,,,,,,,76.23437499999983,73.85850694444427,166.51736111111072,104.74479166666643
,,,,,,,,76.2688078703702,60.11979166666653,166.51736111111072,104.33159722222199
,,,,,,,,76.23437499999983,59.60329861111097,166.51736111111072,103.91840277777753
,,,,,,,,76.23437499999983,59.19010416666653,166.51736111111072,103.50520833333309
,,,,,,,,76.23437499999983,58.776909722222086,166.51736111111072,103.09201388888864
,,,,,,,,76.23437499999983,58.363715277777644,166.51736111111072,102.6788194444442
,,,,,,,,76.23437499999983,57.9505208333332,166.51736111111072,102.26562499999976
,,,,,,,,76.23437499999983,57.53732638888876,166.51736111111072,101.85243055555532
,,,,,,,,76.13107638888872,57.22743055555542,166.51736111111072,101.43923611111087
,,,,,,,,76.33767361111093,78.50694444444426,166.51736111111072,101.02604166666643
,,,,,,,,76.44097222222204,78.14539930555537,166.51736111111072,100.61284722222199
,,,,,,,,76.44097222222204,77.68055555555537,166.51736111111072,100.19965277777754
,,,,,,,,76.44097222222204,77.26736111111093,166.51736111111072,99.7864583333331
,,,,,,,,76.44097222222204,76.85416666666649,166.51736111111072,70.65624999999983
,,,,,,,,76.44097222222204,76.44097222222204,166.51736111111072,70.24305555555539
,,,,,,,,76.44097222222204,60.63628472222208,166.51736111111072,69.82986111111094
,,,,,,,,76.64756944444427,76.0277777777776,166.72395833333294,105.4678819444442
,,,,,,,,76.54427083333316,75.61458333333316,166.7583912037033,99.37326388888866
,,,,,,,,76.64756944444427,75.20138888888872,166.62065972222183,98.96006944444422
,,,,,,,,76.64756944444427,74.37499999999983,166.62065972222183,98.54687499999977
,,,,,,,,76.64756944444427,73.96180555555539,166.72395833333294,69.4166666666665
,,,,,,,,76.68200231481464,60.11979166666653,166.72395833333294,69.00347222222206
,,,,,,,,76.64756944444427,59.60329861111097,166.72395833333294,68.59027777777762
,,,,,,,,76.64756944444427,59.19010416666653,166.72395833333294,68.17708333333317
,,,,,,,,76.64756944444427,58.776909722222086,166.72395833333294,67.76388888888873
,,,,,,,,76.54427083333316,58.46701388888875,166.72395833333294,67.35069444444429
,,,,,,,,76.54427083333316,58.05381944444431,166.72395833333294,66.93749999999984
,,,,,,,,76.64756944444427,57.58897569444431,166.72395833333294,66.5243055555554
,,,,,,,,76.54427083333316,57.330729166666536,166.72395833333294,66.11111111111096
,,,,,,,,76.85416666666649,76.75086805555537,166.72395833333294,65.69791666666652
,,,,,,,,76.85416666666649,76.33767361111093,166.72395833333294,65.28472222222207
,,,,,,,,76.88859953703687,74.78819444444427,166.72395833333294,64.97482638888874
,,,,,,,,77.06076388888872,75.82118055555539,166.96498842592553,104.95138888888864
,,,,,,,,77.06076388888872,75.40798611111093,166.93055555555517,104.43489583333309
,,,,,,,,77.06076388888872,74.27170138888872,166.93055555555517,104.02170138888864
,,,,,,,,77.06076388888872,73.75520833333316,166.93055555555517,103.6085069444442
,,,,,,,,77.06076388888872,73.34201388888872,166.93055555555517,103.19531249999976
,,,,,,,,77.06076388888872,72.98046874999983,166.93055555555517,102.78211805555532
,,,,,,,,77.06076388888872,60.22309027777764,166.93055555555517,102.36892361111087
,,,,,,,,77.06076388888872,59.809895833333194,166.93055555555517,101.95572916666643
,,,,,,,,77.06076388888872,59.39670138888875,166.93055555555517,101.54253472222199
,,,,,,,,76.9574652777776,59.086805555555415,166.93055555555517,101.12934027777754
,,,,,,,,77.26736111111093,76.64756944444427,166.93055555555517,100.7161458333331
,,,,,,,,77.26736111111093,76.23437499999983,166.93055555555517,100.30295138888866
,,,,,,,,77.26736111111093,74.99479166666649,166.93055555555517,99.88975694444422
,,,,,,,,77.26736111111093,74.58159722222204,166.93055555555517,70.65624999999983
,,,,,,,,77.26736111111093,72.51562499999983,166.93055555555517,70.24305555555539
,,,,,,,,77.26736111111093,72.10243055555539,166.93055555555517,69.82986111111094
,,,,,,,,77.26736111111093,71.68923611111094,167.0338541666663,99.47656249999977
,,,,,,,,77.26736111111093,66.31770833333319,167.1371527777774,69.46831597222206
,,,,,,,,77.26736111111093,65.95616319444429,167.1371527777774,69.00347222222206
,,,,,,,,77.26736111111093,65.49131944444429,167.1371527777774,68.59027777777762
,,,,,,,,77.47395833333316,75.82118055555539,167.1371527777774,68.17708333333317
,,,,,,,,77.47395833333316,75.40798611111093,167.1371527777774,67.76388888888873
,,,,,,,,77.47395833333316,73.75520833333316,167.1371527777774,67.35069444444429
,,,,,,,,77.47395833333316,73.34201388888872,167.1371527777774,66.93749999999984
,,,,,,,,77.47395833333316,72.92881944444427,167.1371527777774,66.5243055555554
,,,,,,,,77.50839120370352,66.73090277777763,167.1371527777774,66.11111111111096
,,,,,,,,77.50839120370352,65.14699074074059,167.1371527777774,65.5946180555554
,,,,,,,,77.47395833333316,60.11979166666653,167.1371527777774,65.18142361111096
,,,,,,,,77.47395833333316,59.706597222222086,167.37818287036998,72.30902777777762
,,,,,,,,77.47395833333316,59.293402777777644,167.3437499999996,71.79253472222206
,,,,,,,,77.68055555555537,76.64756944444427,167.3437499999996,71.37934027777762
,,,,,,,,77.68055555555537,76.23437499999983,167.3437499999996,70.96614583333317
,,,,,,,,77.68055555555537,74.99479166666649,167.3437499999996,70.55295138888873
,,,,,,,,77.68055555555537,74.58159722222204,167.3437499999996,70.13975694444429
,,,,,,,,77.68055555555537,72.51562499999983,167.3437499999996,69.72656249999984
,,,,,,,,77.68055555555537,72.10243055555539,167.55034722222183,69.21006944444429
,,,,,,,,77.68055555555537,71.68923611111094,167.55034722222183,68.79687499999984
,,,,,,,,77.68055555555537,67.35069444444429,167.55034722222183,68.3836805555554
,,,,,,,,77.68055555555537,66.11111111111096,167.55034722222183,67.97048611111096
,,,,,,,,77.68055555555537,65.69791666666652,167.55034722222183,67.55729166666652
,,,,,,,,77.8871527777776,75.82118055555539,167.55034722222183,67.14409722222207
,,,,,,,,77.8871527777776,75.40798611111093,167.55034722222183,66.73090277777763
,,,,,,,,77.8871527777776,73.75520833333316,167.55034722222183,66.31770833333319
,,,,,,,,77.8871527777776,73.34201388888872,167.55034722222183,65.28472222222207
,,,,,,,,77.8871527777776,72.92881944444427,167.55034722222183,64.97482638888874
,,,,,,,,77.78385416666649,71.37934027777762,167.75694444444406,72.51562499999983
,,,,,,,,77.8871527777776,66.93749999999984,167.75694444444406,72.10243055555539
,,,,,,,,77.8871527777776,66.5243055555554,167.75694444444406,71.68923611111094
,,,,,,,,77.8871527777776,65.28472222222207,167.75694444444406,71.2760416666665
,,,,,,,,77.8871527777776,64.97482638888874,167.75694444444406,70.86284722222206
,,,,,,,,77.8871527777776,60.32638888888875,167.75694444444406,70.44965277777762
,,,,,,,,77.8871527777776,59.91319444444431,167.75694444444406,70.03645833333317
,,,,,,,,77.8871527777776,59.499999999999865,167.75694444444406,69.62326388888873
,,,,,,,,77.8871527777776,59.19010416666653,167.9635416666663,69.21006944444429
,,,,,,,,78.09374999999982,76.64756944444427,167.9635416666663,68.79687499999984
,,,,,,,,78.09374999999982,76.23437499999983,167.9635416666663,68.3836805555554
,,,,,,,,78.09374999999982,74.99479166666649,167.9635416666663,67.97048611111096
,,,,,,,,78.09374999999982,74.58159722222204,167.9635416666663,67.55729166666652
,,,,,,,,78.09374999999982,74.22005208333316,167.9635416666663,67.14409722222207
,,,,,,,,78.09374999999982,72.51562499999983,167.9635416666663,66.73090277777763
,,,,,,,,78.09374999999982,72.10243055555539,167.9635416666663,66.31770833333319
,,,,,,,,78.09374999999982,71.68923611111094,167.9635416666663,65.90451388888873
,,,,,,,,78.1281828703702,67.76388888888873,167.9635416666663,65.49131944444429
,,,,,,,,78.09374999999982,67.24739583333317,167.9635416666663,65.07812499999984
,,,,,,,,78.1281828703702,66.11111111111096,168.20457175925887,74.1684027777776
,,,,,,,,78.09374999999982,65.5946180555554,168.1701388888885,73.65190972222206
,,,,,,,,78.33478009259241,75.82118055555539,168.1701388888885,73.2387152777776
,,,,,,,,78.30034722222204,75.30468749999983,168.1701388888885,72.82552083333316
,,,,,,,,78.33478009259241,73.75520833333316,168.1701388888885,72.41232638888872
,,,,,,,,78.30034722222204,73.2387152777776,168.1701388888885,71.99913194444427
,,,,,,,,78.30034722222204,72.82552083333316,168.1701388888885,71.58593749999983
,,,,,,,,78.33478009259241,66.73090277777763,168.1701388888885,71.17274305555539
,,,,,,,,78.33478009259241,65.11255787037022,168.1701388888885,70.75954861111094
,,,,,,,,78.30034722222204,60.32638888888875,168.1701388888885,70.3463541666665
,,,,,,,,78.30034722222204,59.91319444444431,168.1701388888885,69.93315972222206
,,,,,,,,78.30034722222204,59.499999999999865,168.1701388888885,69.51996527777762
,,,,,,,,78.30034722222204,59.19010416666653,168.20457175925887,64.6649305555554
,,,,,,,,78.50694444444426,76.33767361111093,168.1701388888885,64.14843749999986
,,,,,,,,78.50694444444426,74.78819444444427,168.1701388888885,63.73524305555541
,,,,,,,,78.50694444444426,74.37499999999983,168.1701388888885,63.322048611110965
,,,,,,,,78.50694444444426,72.30902777777762,168.0668402777774,63.115451388888744
,,,,,,,,78.50694444444426,71.89583333333317,168.1701388888885,55.98784722222209
,,,,,,,,78.50694444444426,71.53428819444427,168.1701388888885,55.57465277777765
,,,,,,,,78.50694444444426,68.17708333333317,168.1701388888885,55.16145833333321
,,,,,,,,78.50694444444426,67.76388888888873,168.1701388888885,54.85156249999987
,,,,,,,,78.50694444444426,67.35069444444429,168.37673611111072,69.00347222222206
,,,,,,,,78.50694444444426,66.11111111111096,168.37673611111072,68.59027777777762
,,,,,,,,78.50694444444426,65.69791666666652,168.37673611111072,68.17708333333317
,,,,,,,,78.61024305555537,75.61458333333316,168.37673611111072,67.76388888888873
,,,,,,,,78.71354166666649,75.0980902777776,168.37673611111072,67.35069444444429
,,,,,,,,78.74797453703685,73.96180555555539,168.37673611111072,66.93749999999984
,,,,,,,,78.71354166666649,73.44531249999983,168.37673611111072,66.5243055555554
,,,,,,,,78.71354166666649,73.03211805555539,168.37673611111072,66.11111111111096
,,,,,,,,78.71354166666649,72.61892361111094,168.37673611111072,65.69791666666652
,,,,,,,,78.71354166666649,66.93749999999984,168.37673611111072,65.28472222222207
,,,,,,,,78.71354166666649,66.5243055555554,168.58333333333294,74.37499999999983
,,,,,,,,78.71354166666649,65.28472222222207,168.58333333333294,73.96180555555539
,,,,,,,,78.71354166666649,64.97482638888874,168.58333333333294,73.54861111111094
,,,,,,,,78.71354166666649,60.32638888888875,168.58333333333294,73.1354166666665
,,,,,,,,78.71354166666649,59.91319444444431,168.58333333333294,72.72222222222206
,,,,,,,,78.71354166666649,59.499999999999865,168.58333333333294,72.30902777777762
,,,,,,,,78.71354166666649,59.19010416666653,168.58333333333294,71.89583333333317
,,,,,,,,78.9201388888887,74.58159722222204,168.58333333333294,71.48263888888873
,,,,,,,,78.9201388888887,72.10243055555539,168.58333333333294,71.06944444444429
,,,,,,,,78.9201388888887,71.68923611111094,168.58333333333294,70.65624999999983
,,,,,,,,78.9201388888887,71.37934027777762,168.58333333333294,70.24305555555539
,,,,,,,,78.9201388888887,68.17708333333317,168.58333333333294,69.82986111111094
,,,,,,,,78.9201388888887,67.76388888888873,168.58333333333294,69.4166666666665
,,,,,,,,78.9201388888887,67.35069444444429,168.58333333333294,64.87152777777763
,,,,,,,,78.9201388888887,66.11111111111096,168.58333333333294,64.45833333333319
,,,,,,,,78.9201388888887,65.69791666666652,168.58333333333294,64.04513888888874
,,,,,,,,79.12673611111093,74.1684027777776,168.58333333333294,63.631944444444294
,,,,,,,,79.12673611111093,73.75520833333316,168.58333333333294,63.21874999999985
,,,,,,,,79.12673611111093,73.34201388888872,168.58333333333294,55.98784722222209
,,,,,,,,79.12673611111093,72.92881944444427,168.58333333333294,55.57465277777765
,,,,,,,,79.12673611111093,72.51562499999983,168.58333333333294,55.16145833333321
,,,,,,,,79.12673611111093,68.59027777777762,168.58333333333294,54.85156249999987
,,,,,,,,79.12673611111093,66.93749999999984,168.78993055555517,69.00347222222206
,,,,,,,,79.12673611111093,66.5243055555554,168.78993055555517,68.59027777777762
,,,,,,,,79.12673611111093,65.28472222222207,168.78993055555517,68.17708333333317
,,,,,,,,79.12673611111093,64.97482638888874,168.78993055555517,67.76388888888873
,,,,,,,,79.12673611111093,60.32638888888875,168.78993055555517,67.35069444444429
,,,,,,,,79.12673611111093,59.91319444444431,168.78993055555517,66.93749999999984
,,,,,,,,79.12673611111093,59.499999999999865,168.78993055555517,66.5243055555554
,,,,,,,,79.12673611111093,59.19010416666653,168.78993055555517,66.11111111111096
,,,,,,,,79.23003472222204,74.58159722222204,168.78993055555517,65.69791666666652
,,,,,,,,79.33333333333314,72.10243055555539,168.78993055555517,65.28472222222207
,,,,,,,,79.33333333333314,71.68923611111094,168.99652777777737,74.37499999999983
,,,,,,,,79.33333333333314,71.32769097222206,168.99652777777737,73.96180555555539
,,,,,,,,79.33333333333314,68.17708333333317,168.99652777777737,73.54861111111094
,,,,,,,,79.33333333333314,67.76388888888873,168.99652777777737,73.1354166666665
,,,,,,,,79.33333333333314,67.35069444444429,168.99652777777737,72.72222222222206
,,,,,,,,79.33333333333314,66.11111111111096,168.99652777777737,72.30902777777762
,,,,,,,,79.33333333333314,65.69791666666652,168.99652777777737,71.89583333333317
,,,,,,,,79.53993055555537,74.1684027777776,168.99652777777737,71.48263888888873
,,,,,,,,79.53993055555537,73.75520833333316,168.99652777777737,71.06944444444429
,,,,,,,,79.53993055555537,73.34201388888872,168.99652777777737,70.65624999999983
,,,,,,,,79.53993055555537,72.92881944444427,168.99652777777737,70.24305555555539
,,,,,,,,79.53993055555537,72.51562499999983,168.99652777777737,69.82986111111094
,,,,,,,,79.53993055555537,70.86284722222206,168.99652777777737,69.4166666666665
,,,,,,,,79.53993055555537,70.50130208333317,168.99652777777737,64.87152777777763
,,,,,,,,79.57436342592574,69.00347222222206,168.99652777777737,64.45833333333319
,,,,,,,,79.53993055555537,68.4869791666665,168.99652777777737,64.04513888888874
,,,,,,,,79.57436342592574,66.93749999999984,168.99652777777737,63.631944444444294
,,,,,,,,79.53993055555537,66.42100694444429,168.99652777777737,63.21874999999985
,,,,,,,,79.57436342592574,65.28472222222207,168.99652777777737,55.98784722222209
,,,,,,,,79.43663194444426,64.97482638888874,168.99652777777737,55.57465277777765
,,,,,,,,79.53993055555537,60.53298611111097,168.99652777777737,55.16145833333321
,,,,,,,,79.53993055555537,60.11979166666653,168.99652777777737,54.85156249999987
,,,,,,,,79.53993055555537,59.706597222222086,169.2031249999996,69.10677083333317
,,,,,,,,79.53993055555537,59.293402777777644,169.2031249999996,68.59027777777762
,,,,,,,,79.74652777777759,72.10243055555539,169.2031249999996,68.17708333333317
,,,,,,,,79.74652777777759,71.68923611111094,169.2031249999996,67.76388888888873
,,,,,,,,79.74652777777759,71.2760416666665,169.2031249999996,67.35069444444429
,,,,,,,,79.74652777777759,70.03645833333317,169.2031249999996,66.93749999999984
,,,,,,,,79.74652777777759,69.62326388888873,169.2031249999996,66.5243055555554
,,,,,,,,79.74652777777759,67.97048611111096,169.2031249999996,66.11111111111096
,,,,,,,,79.74652777777759,67.55729166666652,169.2031249999996,65.69791666666652
,,,,,,,,79.74652777777759,65.90451388888873,169.2031249999996,65.28472222222207
,,,,,,,,79.95312499999982,74.1684027777776,169.40972222222183,74.58159722222204
,,,,,,,,79.95312499999982,73.75520833333316,169.40972222222183,74.1684027777776
,,,,,,,,79.95312499999982,73.34201388888872,169.40972222222183,73.75520833333316
,,,,,,,,79.95312499999982,72.92881944444427,169.40972222222183,73.34201388888872
,,,,,,,,79.95312499999982,72.51562499999983,169.40972222222183,72.92881944444427
,,,,,,,,79.95312499999982,70.86284722222206,169.40972222222183,72.51562499999983
,,,,,,,,79.95312499999982,70.44965277777762,169.40972222222183,72.10243055555539
,,,,,,,,79.95312499999982,69.21006944444429,169.40972222222183,71.68923611111094
,,,,,,,,79.95312499999982,68.79687499999984,169.40972222222183,71.2760416666665
,,,,,,,,79.95312499999982,68.3836805555554,169.40972222222183,70.86284722222206
,,,,,,,,79.95312499999982,67.14409722222207,169.40972222222183,70.44965277777762
,,,,,,,,79.95312499999982,66.73090277777763,169.40972222222183,70.03645833333317
,,,,,,,,79.95312499999982,66.31770833333319,169.40972222222183,69.62326388888873
,,,,,,,,79.95312499999982,65.49131944444429,169.44415509259218,64.87152777777763
,,,,,,,,79.95312499999982,65.07812499999984,169.40972222222183,64.35503472222207
,,,,,,,,79.95312499999982,60.53298611111097,169.40972222222183,63.94184027777763
,,,,,,,,79.95312499999982,60.11979166666653,169.40972222222183,63.52864583333319
,,,,,,,,79.95312499999982,59.706597222222086,169.40972222222183,63.1671006944443
,,,,,,,,79.95312499999982,59.293402777777644,169.40972222222183,55.98784722222209
,,,,,,,,80.15972222222203,72.10243055555539,169.40972222222183,55.57465277777765
,,,,,,,,80.15972222222203,71.68923611111094,169.40972222222183,55.16145833333321
,,,,,,,,80.15972222222203,71.2760416666665,169.40972222222183,54.85156249999987
,,,,,,,,80.15972222222203,70.03645833333317,169.61631944444406,69.3133680555554
,,,,,,,,80.15972222222203,69.62326388888873,169.61631944444406,68.3836805555554
,,,,,,,,80.15972222222203,67.97048611111096,169.61631944444406,67.97048611111096
,,,,,,,,80.15972222222203,67.55729166666652,169.61631944444406,67.55729166666652
,,,,,,,,80.15972222222203,65.90451388888873,169.61631944444406,67.14409722222207
,,,,,,,,80.36631944444426,74.1684027777776,169.61631944444406,66.73090277777763
,,,,,,,,80.36631944444426,73.75520833333316,169.61631944444406,66.31770833333319
,,,,,,,,80.36631944444426,73.34201388888872,169.61631944444406,65.90451388888873
,,,,,,,,80.36631944444426,72.92881944444427,169.61631944444406,65.49131944444429
,,,,,,,,80.36631944444426,72.51562499999983,169.82291666666626,74.78819444444427
,,,,,,,,80.36631944444426,70.86284722222206,169.82291666666626,74.37499999999983
,,,,,,,,80.36631944444426,70.44965277777762,169.82291666666626,73.96180555555539
,,,,,,,,80.36631944444426,69.21006944444429,169.82291666666626,73.54861111111094
,,,,,,,,80.36631944444426,68.79687499999984,169.82291666666626,73.1354166666665
,,,,,,,,80.36631944444426,68.3836805555554,169.82291666666626,72.72222222222206
,,,,,,,,80.36631944444426,67.14409722222207,169.82291666666626,72.30902777777762
,,,,,,,,80.36631944444426,66.73090277777763,169.82291666666626,71.89583333333317
,,,,,,,,80.36631944444426,66.31770833333319,169.82291666666626,71.48263888888873
,,,,,,,,80.36631944444426,65.49131944444429,169.82291666666626,71.06944444444429
,,,,,,,,80.36631944444426,65.07812499999984,169.82291666666626,70.65624999999983
,,,,,,,,80.36631944444426,60.53298611111097,169.82291666666626,70.24305555555539
,,,,,,,,80.36631944444426,60.11979166666653,169.82291666666626,69.82986111111094
,,,,,,,,80.36631944444426,59.706597222222086,169.85734953703664,65.07812499999984
,,,,,,,,80.36631944444426,59.293402777777644,169.82291666666626,64.5616319444443
,,,,,,,,80.60734953703685,72.10243055555539,169.82291666666626,64.14843749999986
,,,,,,,,80.57291666666649,71.58593749999983,169.82291666666626,63.73524305555541
,,,,,,,,80.57291666666649,71.17274305555539,169.82291666666626,63.322048611110965
,,,,,,,,80.60734953703685,70.03645833333317,169.82291666666626,63.01215277777763
,,,,,,,,80.57291666666649,69.51996527777762,169.82291666666626,55.98784722222209
,,,,,,,,80.60734953703685,67.97048611111096,169.82291666666626,55.57465277777765
,,,,,,,,80.57291666666649,67.4539930555554,169.82291666666626,55.16145833333321
,,,,,,,,80.60734953703685,65.90451388888873,169.82291666666626,54.85156249999987
,,,,,,,,80.57291666666649,64.81987847222207,170.0295138888885,68.3836805555554
,,,,,,,,80.7795138888887,74.37499999999983,170.0295138888885,67.97048611111096
,,,,,,,,80.7795138888887,73.96180555555539,170.0295138888885,67.66059027777762
,,,,,,,,80.7795138888887,73.54861111111094,170.0295138888885,66.83420138888873
,,,,,,,,80.7795138888887,73.1354166666665,170.0295138888885,66.42100694444429
,,,,,,,,80.7795138888887,72.72222222222206,170.0295138888885,66.00781249999984
,,,,,,,,80.7795138888887,70.65624999999983,170.0295138888885,65.5946180555554
,,,,,,,,80.7795138888887,69.00347222222206,170.0295138888885,56.401041666666536
,,,,,,,,80.7795138888887,68.59027777777762,170.23611111111072,76.23437499999983
,,,,,,,,80.7795138888887,66.93749999999984,170.23611111111072,75.92447916666649
,,,,,,,,80.7795138888887,66.5243055555554,170.27054398148107,74.99479166666649
,,,,,,,,80.7795138888887,65.28472222222207,170.23611111111072,74.47829861111094
,,,,,,,,80.7795138888887,60.53298611111097,170.23611111111072,74.0651041666665
,,,,,,,,80.7795138888887,60.11979166666653,170.23611111111072,73.65190972222206
,,,,,,,,80.7795138888887,59.706597222222086,170.23611111111072,73.2387152777776
,,,,,,,,80.7795138888887,59.293402777777644,170.23611111111072,72.82552083333316
,,,,,,,,80.98611111111093,72.30902777777762,170.23611111111072,72.41232638888872
,,,,,,,,80.98611111111093,71.89583333333317,170.23611111111072,71.99913194444427
,,,,,,,,80.98611111111093,71.48263888888873,170.23611111111072,71.58593749999983
,,,,,,,,80.98611111111093,71.06944444444429,170.23611111111072,71.17274305555539
,,,,,,,,80.98611111111093,70.24305555555539,170.23611111111072,70.75954861111094
,,,,,,,,80.98611111111093,69.82986111111094,170.23611111111072,70.39800347222206
,,,,,,,,80.98611111111093,69.4166666666665,170.23611111111072,69.93315972222206
,,,,,,,,80.98611111111093,68.17708333333317,170.23611111111072,65.07812499999984
,,,,,,,,80.98611111111093,67.76388888888873,170.23611111111072,64.6649305555554
,,,,,,,,80.98611111111093,67.35069444444429,170.23611111111072,64.25173611111096
,,,,,,,,80.98611111111093,66.11111111111096,170.23611111111072,63.838541666666515
,,,,,,,,80.98611111111093,65.69791666666652,170.23611111111072,63.42534722222207
,,,,,,,,80.98611111111093,64.92317708333319,170.23611111111072,63.01215277777763
,,,,,,,,81.22714120370352,74.37499999999983,170.23611111111072,62.59895833333319
,,,,,,,,81.19270833333314,73.85850694444427,170.23611111111072,62.185763888888744
,,,,,,,,81.19270833333314,73.44531249999983,170.23611111111072,61.7725694444443
,,,,,,,,81.19270833333314,73.03211805555539,170.23611111111072,61.35937499999986
,,,,,,,,81.19270833333314,72.61892361111094,170.23611111111072,61.04947916666652
,,,,,,,,81.22714120370352,70.65624999999983,170.23611111111072,58.05381944444431
,,,,,,,,81.22714120370352,69.00347222222206,170.23611111111072,57.640624999999865
,,,,,,,,81.19270833333314,68.4869791666665,170.23611111111072,57.22743055555542
,,,,,,,,81.22714120370352,66.93749999999984,170.23611111111072,56.81423611111098
,,,,,,,,81.19270833333314,66.42100694444429,170.23611111111072,55.98784722222209
,,,,,,,,81.19270833333314,65.38802083333319,170.23611111111072,55.57465277777765
,,,,,,,,81.19270833333314,60.11979166666653,170.23611111111072,55.16145833333321
,,,,,,,,81.19270833333314,59.706597222222086,170.23611111111072,54.85156249999987
,,,,,,,,81.19270833333314,59.293402777777644,170.44270833333294,68.3836805555554
,,,,,,,,81.39930555555537,72.10243055555539,170.44270833333294,67.97048611111096
,,,,,,,,81.39930555555537,71.68923611111094,170.44270833333294,67.55729166666652
,,,,,,,,81.39930555555537,71.2760416666665,170.44270833333294,67.14409722222207
,,,,,,,,81.39930555555537,70.03645833333317,170.44270833333294,66.73090277777763
,,,,,,,,81.39930555555537,69.62326388888873,170.44270833333294,66.31770833333319
,,,,,,,,81.39930555555537,67.97048611111096,170.44270833333294,65.90451388888873
,,,,,,,,81.39930555555537,67.55729166666652,170.44270833333294,65.49131944444429
,,,,,,,,81.39930555555537,65.90451388888873,170.44270833333294,56.401041666666536
,,,,,,,,81.29600694444426,64.97482638888874,170.64930555555517,76.13107638888872
,,,,,,,,81.60590277777759,74.58159722222204,170.54600694444406,75.92447916666649
,,,,,,,,81.60590277777759,74.1684027777776,170.64930555555517,75.20138888888872
,,,,,,,,81.60590277777759,73.75520833333316,170.64930555555517,74.78819444444427
,,,,,,,,81.60590277777759,73.34201388888872,170.64930555555517,74.37499999999983
,,,,,,,,81.60590277777759,72.92881944444427,170.64930555555517,73.96180555555539
,,,,,,,,81.60590277777759,72.51562499999983,170.64930555555517,73.54861111111094
,,,,,,,,81.60590277777759,70.86284722222206,170.64930555555517,73.1354166666665
,,,,,,,,81.60590277777759,70.44965277777762,170.64930555555517,72.72222222222206
,,,,,,,,81.60590277777759,69.21006944444429,170.64930555555517,72.30902777777762
,,,,,,,,81.60590277777759,68.79687499999984,170.64930555555517,71.89583333333317
,,,,,,,,81.60590277777759,68.3836805555554,170.64930555555517,71.48263888888873
,,,,,,,,81.60590277777759,67.14409722222207,170.64930555555517,71.06944444444429
,,,,,,,,81.60590277777759,66.73090277777763,170.64930555555517,70.65624999999983
,,,,,,,,81.60590277777759,66.31770833333319,170.68373842592553,65.07812499999984
,,,,,,,,81.60590277777759,65.49131944444429,170.64930555555517,64.5616319444443
,,,,,,,,81.60590277777759,60.016493055555415,170.64930555555517,64.14843749999986
,,,,,,,,81.60590277777759,59.60329861111097,170.64930555555517,63.73524305555541
,,,,,,,,81.60590277777759,59.241753472222086,170.64930555555517,63.322048611110965
,,,,,,,,81.81249999999982,72.10243055555539,170.64930555555517,62.90885416666652
,,,,,,,,81.81249999999982,71.68923611111094,170.64930555555517,62.49565972222208
,,,,,,,,81.81249999999982,71.2760416666665,170.64930555555517,62.08246527777764
,,,,,,,,81.81249999999982,70.03645833333317,170.64930555555517,61.669270833333194
,,,,,,,,81.81249999999982,69.62326388888873,170.64930555555517,61.256076388888744
,,,,,,,,81.81249999999982,67.97048611111096,170.54600694444406,61.04947916666652
,,,,,,,,81.81249999999982,67.55729166666652,170.64930555555517,58.05381944444431
,,,,,,,,81.81249999999982,65.90451388888873,170.64930555555517,57.640624999999865
,,,,,,,,82.01909722222203,74.58159722222204,170.64930555555517,57.22743055555542
,,,,,,,,82.01909722222203,74.1684027777776,170.64930555555517,56.81423611111098
,,,,,,,,82.01909722222203,73.75520833333316,170.64930555555517,55.98784722222209
,,,,,,,,82.01909722222203,73.34201388888872,170.64930555555517,55.57465277777765
,,,,,,,,82.01909722222203,72.92881944444427,170.64930555555517,55.16145833333321
,,,,,,,,82.01909722222203,72.51562499999983,170.64930555555517,54.85156249999987
,,,,,,,,82.01909722222203,70.86284722222206,170.85590277777737,68.17708333333317
,,,,,,,,82.01909722222203,70.44965277777762,170.85590277777737,67.76388888888873
,,,,,,,,82.01909722222203,69.21006944444429,170.85590277777737,67.35069444444429
,,,,,,,,82.01909722222203,68.79687499999984,170.85590277777737,66.93749999999984
,,,,,,,,82.01909722222203,68.3836805555554,170.85590277777737,66.5243055555554
,,,,,,,,82.01909722222203,67.14409722222207,170.85590277777737,66.11111111111096
,,,,,,,,82.01909722222203,66.73090277777763,170.85590277777737,65.69791666666652
,,,,,,,,82.01909722222203,66.31770833333319,170.85590277777737,56.401041666666536
,,,,,,,,82.01909722222203,65.5946180555554,171.09693287036995,76.0277777777776
,,,,,,,,82.01909722222203,59.91319444444431,170.9592013888885,75.71788194444427
,,,,,,,,82.01909722222203,59.499999999999865,171.0624999999996,75.20138888888872
,,,,,,,,82.01909722222203,59.19010416666653,171.0624999999996,74.78819444444427
,,,,,,,,82.22569444444426,72.10243055555539,171.0624999999996,74.37499999999983
,,,,,,,,82.22569444444426,71.68923611111094,171.0624999999996,73.96180555555539
,,,,,,,,82.22569444444426,71.2760416666665,171.0624999999996,73.54861111111094
,,,,,,,,82.22569444444426,70.03645833333317,171.0624999999996,73.1354166666665
,,,,,,,,82.22569444444426,69.62326388888873,171.0624999999996,72.72222222222206
,,,,,,,,82.22569444444426,67.97048611111096,171.0624999999996,72.30902777777762
,,,,,,,,82.22569444444426,67.55729166666652,171.0624999999996,71.89583333333317
,,,,,,,,82.22569444444426,65.90451388888873,171.0624999999996,71.48263888888873
,,,,,,,,82.43229166666647,74.58159722222204,171.0624999999996,71.06944444444429
,,,,,,,,82.43229166666647,74.1684027777776,171.0624999999996,70.65624999999983
,,,,,,,,82.43229166666647,73.75520833333316,171.0624999999996,65.28472222222207
,,,,,,,,82.43229166666647,73.34201388888872,171.0624999999996,64.87152777777763
,,,,,,,,82.43229166666647,72.92881944444427,171.0624999999996,64.45833333333319
,,,,,,,,82.43229166666647,72.51562499999983,171.0624999999996,64.04513888888874
,,,,,,,,82.43229166666647,70.86284722222206,171.0624999999996,63.631944444444294
,,,,,,,,82.43229166666647,70.44965277777762,171.0624999999996,63.21874999999985
,,,,,,,,82.43229166666647,69.21006944444429,171.0624999999996,62.80555555555541
,,,,,,,,82.43229166666647,68.79687499999984,171.0624999999996,62.392361111110965
,,,,,,,,82.43229166666647,68.3836805555554,171.0624999999996,61.97916666666652
,,,,,,,,82.43229166666647,67.14409722222207,171.0624999999996,61.56597222222208
,,,,,,,,82.43229166666647,66.73090277777763,171.0624999999996,61.256076388888744
,,,,,,,,82.43229166666647,66.31770833333319,171.0624999999996,57.9505208333332
,,,,,,,,82.43229166666647,65.49131944444429,171.0624999999996,57.53732638888876
,,,,,,,,82.43229166666647,59.91319444444431,171.0624999999996,57.124131944444315
,,,,,,,,82.43229166666647,59.499999999999865,171.0624999999996,56.710937499999865
,,,,,,,,82.43229166666647,59.19010416666653,171.09693287036995,55.98784722222209
,,,,,,,,82.6388888888887,72.10243055555539,171.0624999999996,55.471354166666536
,,,,,,,,82.6388888888887,71.68923611111094,171.0624999999996,55.05815972222209
,,,,,,,,82.6388888888887,71.2760416666665,170.9592013888885,54.85156249999987
,,,,,,,,82.6388888888887,70.03645833333317,171.26909722222183,68.07378472222206
,,,,,,,,82.6388888888887,69.62326388888873,171.26909722222183,67.66059027777762
,,,,,,,,82.67332175925907,67.97048611111096,171.26909722222183,67.24739583333317
,,,,,,,,82.6388888888887,67.4539930555554,171.26909722222183,66.83420138888873
,,,,,,,,82.67332175925907,65.90451388888873,171.26909722222183,66.42100694444429
,,,,,,,,82.6388888888887,65.28472222222207,171.26909722222183,66.00781249999984
,,,,,,,,82.7421874999998,74.58159722222204,171.26909722222183,65.5946180555554
,,,,,,,,82.7421874999998,74.1684027777776,171.37239583333294,76.44097222222204
,,,,,,,,82.7421874999998,73.75520833333316,171.47569444444406,76.0277777777776
,,,,,,,,82.7421874999998,73.34201388888872,171.47569444444406,75.0980902777776
,,,,,,,,82.7421874999998,72.92881944444427,171.47569444444406,74.68489583333316
,,,,,,,,82.7421874999998,72.51562499999983,171.47569444444406,74.27170138888872
,,,,,,,,82.7421874999998,70.86284722222206,171.37239583333294,73.96180555555539
,,,,,,,,82.84548611111092,70.44965277777762,171.47569444444406,73.44531249999983
,,,,,,,,82.8799189814813,69.00347222222206,171.47569444444406,73.03211805555539
,,,,,,,,82.84548611111092,68.4869791666665,171.47569444444406,72.61892361111094
,,,,,,,,82.8799189814813,66.93749999999984,171.47569444444406,72.2057291666665
,,,,,,,,82.84548611111092,66.42100694444429,171.47569444444406,71.79253472222206
,,,,,,,,82.84548611111092,59.91319444444431,171.47569444444406,71.37934027777762
,,,,,,,,82.84548611111092,59.499999999999865,171.47569444444406,70.96614583333317
,,,,,,,,82.84548611111092,59.19010416666653,171.37239583333294,70.75954861111094
,,,,,,,,83.08651620370351,70.03645833333317,171.47569444444406,65.07812499999984
,,,,,,,,83.05208333333314,69.51996527777762,171.47569444444406,64.6649305555554
,,,,,,,,83.08651620370351,67.97048611111096,171.47569444444406,64.25173611111096
,,,,,,,,83.05208333333314,67.4539930555554,171.47569444444406,63.838541666666515
,,,,,,,,83.08651620370351,65.90451388888873,171.47569444444406,63.42534722222207
,,,,,,,,83.05208333333314,65.38802083333319,171.47569444444406,63.01215277777763
,,,,,,,,82.94878472222203,65.18142361111096,171.47569444444406,62.59895833333319
,,,,,,,,83.25868055555536,69.00347222222206,171.47569444444406,62.185763888888744
,,,,,,,,83.25868055555536,68.59027777777762,171.47569444444406,61.7725694444443
,,,,,,,,83.25868055555536,66.93749999999984,171.47569444444406,61.35937499999986
,,,,,,,,83.25868055555536,66.5243055555554,171.47569444444406,56.29774305555542
,,,,,,,,83.25868055555536,59.91319444444431,171.47569444444406,55.88454861111098
,,,,,,,,83.25868055555536,59.499999999999865,171.47569444444406,55.471354166666536
,,,,,,,,83.25868055555536,59.19010416666653,171.37239583333294,55.264756944444315
,,,,,,,,83.46527777777759,70.24305555555539,171.57899305555515,67.97048611111096
,,,,,,,,83.46527777777759,69.82986111111094,171.68229166666626,67.55729166666652
,,,,,,,,83.46527777777759,69.4166666666665,171.68229166666626,67.14409722222207
,,,,,,,,83.46527777777759,68.17708333333317,171.68229166666626,66.73090277777763
,,,,,,,,83.46527777777759,67.76388888888873,171.68229166666626,66.31770833333319
,,,,,,,,83.46527777777759,67.35069444444429,171.68229166666626,65.90451388888873
,,,,,,,,83.46527777777759,66.11111111111096,171.68229166666626,65.49131944444429
,,,,,,,,83.46527777777759,65.69791666666652,171.8888888888885,74.99479166666649
,,,,,,,,83.46527777777759,65.28472222222207,171.8888888888885,74.58159722222204
,,,,,,,,83.6718749999998,69.00347222222206,171.8888888888885,74.1684027777776
,,,,,,,,83.6718749999998,68.59027777777762,171.92332175925884,73.54861111111094
,,,,,,,,83.6718749999998,66.93749999999984,171.8888888888885,73.03211805555539
,,,,,,,,83.6718749999998,66.5243055555554,171.8888888888885,72.61892361111094
,,,,,,,,83.6718749999998,59.91319444444431,171.78559027777737,72.30902777777762
,,,,,,,,83.6718749999998,59.499999999999865,171.8888888888885,71.79253472222206
,,,,,,,,83.6718749999998,59.19010416666653,171.8888888888885,71.37934027777762
,,,,,,,,83.87847222222203,70.24305555555539,171.78559027777737,71.06944444444429
,,,,,,,,83.87847222222203,69.82986111111094,171.78559027777737,70.75954861111094
,,,,,,,,83.87847222222203,69.4166666666665,171.8888888888885,65.07812499999984
,,,,,,,,83.87847222222203,68.17708333333317,171.8888888888885,64.6649305555554
,,,,,,,,83.87847222222203,67.76388888888873,171.8888888888885,64.25173611111096
,,,,,,,,83.87847222222203,67.35069444444429,171.8888888888885,63.838541666666515
,,,,,,,,83.87847222222203,66.11111111111096,171.8888888888885,63.42534722222207
,,,,,,,,83.87847222222203,65.69791666666652,171.8888888888885,63.01215277777763
,,,,,,,,83.87847222222203,65.28472222222207,171.8888888888885,62.59895833333319
,,,,,,,,84.08506944444424,69.00347222222206,171.8888888888885,62.185763888888744
,,,,,,,,84.08506944444424,68.59027777777762,171.8888888888885,61.7725694444443
,,,,,,,,84.08506944444424,66.93749999999984,171.8888888888885,61.35937499999986
,,,,,,,,84.08506944444424,66.5243055555554,171.8888888888885,55.98784722222209
,,,,,,,,83.98177083333314,64.97482638888874,171.8888888888885,55.57465277777765
,,,,,,,,84.08506944444424,59.91319444444431,171.8888888888885,55.264756944444315
,,,,,,,,84.08506944444424,59.499999999999865,171.9921874999996,67.4539930555554
,,,,,,,,83.98177083333314,59.19010416666653,172.09548611111072,66.73090277777763
,,,,,,,,84.29166666666647,70.24305555555539,172.09548611111072,66.31770833333319
,,,,,,,,84.29166666666647,69.82986111111094,172.09548611111072,65.90451388888873
,,,,,,,,84.29166666666647,69.4166666666665,172.09548611111072,65.49131944444429
,,,,,,,,84.29166666666647,68.17708333333317,172.30208333333294,74.78819444444427
,,,,,,,,84.29166666666647,67.76388888888873,172.30208333333294,74.47829861111094
,,,,,,,,84.29166666666647,67.35069444444429,172.30208333333294,73.96180555555539
,,,,,,,,84.29166666666647,66.11111111111096,172.30208333333294,73.54861111111094
,,,,,,,,84.29166666666647,65.69791666666652,172.30208333333294,73.1354166666665
,,,,,,,,84.29166666666647,65.28472222222207,172.30208333333294,72.72222222222206
,,,,,,,,84.49826388888869,69.00347222222206,172.30208333333294,65.07812499999984
,,,,,,,,84.49826388888869,68.59027777777762,172.30208333333294,64.6649305555554
,,,,,,,,84.49826388888869,66.93749999999984,172.30208333333294,64.25173611111096
,,,,,,,,84.49826388888869,66.5243055555554,172.30208333333294,63.838541666666515
,,,,,,,,84.49826388888869,59.91319444444431,172.30208333333294,63.42534722222207
,,,,,,,,84.49826388888869,59.499999999999865,172.30208333333294,63.01215277777763
,,,,,,,,84.49826388888869,59.19010416666653,172.30208333333294,62.59895833333319
,,,,,,,,84.70486111111092,70.13975694444429,172.30208333333294,62.185763888888744
,,,,,,,,84.70486111111092,69.72656249999984,172.30208333333294,61.7725694444443
,,,,,,,,84.70486111111092,69.3133680555554,172.30208333333294,61.35937499999986
,,,,,,,,84.73929398148128,68.17708333333317,172.30208333333294,55.98784722222209
,,,,,,,,84.70486111111092,67.66059027777762,172.30208333333294,55.57465277777765
,,,,,,,,84.70486111111092,67.24739583333317,172.30208333333294,55.21310763888876
,,,,,,,,84.73929398148128,66.11111111111096,172.50868055555515,66.73090277777763
,,,,,,,,84.70486111111092,65.64626736111096,172.50868055555515,66.31770833333319
,,,,,,,,84.6015624999998,65.28472222222207,172.50868055555515,65.90451388888873
,,,,,,,,84.80815972222203,68.79687499999984,172.50868055555515,65.49131944444429
,,,,,,,,84.80815972222203,66.73090277777763,172.71527777777737,74.78819444444427
,,,,,,,,84.80815972222203,59.91319444444431,172.71527777777737,74.42664930555539
,,,,,,,,84.80815972222203,59.499999999999865,172.71527777777737,73.2387152777776
,,,,,,,,84.80815972222203,59.19010416666653,172.71527777777737,72.82552083333316
,,,,,,,,147.5448495370367,72.10243055555539,172.71527777777737,72.46397569444427
,,,,,,,,147.5448495370367,70.86284722222206,172.71527777777737,69.00347222222206
,,,,,,,,147.5448495370367,69.69212962962946,172.71527777777737,68.59027777777762
,,,,,,,,147.51041666666632,65.90451388888873,172.71527777777737,65.07812499999984
,,,,,,,,147.71701388888854,71.48263888888873,172.71527777777737,64.6649305555554
,,,,,,,,147.71701388888854,70.24305555555539,172.71527777777737,64.25173611111096
,,,,,,,,147.71701388888854,66.31770833333319,172.71527777777737,63.838541666666515
,,,,,,,,147.71701388888854,65.49131944444429,172.71527777777737,63.42534722222207
,,,,,,,,147.92361111111077,72.30902777777762,172.71527777777737,63.01215277777763
,,,,,,,,147.92361111111077,71.89583333333317,172.71527777777737,62.59895833333319
,,,,,,,,147.92361111111077,71.06944444444429,172.71527777777737,62.185763888888744
,,,,,,,,147.92361111111077,70.65624999999983,172.71527777777737,61.7725694444443
,,,,,,,,147.92361111111077,69.82986111111094,172.71527777777737,61.35937499999986
,,,,,,,,147.92361111111077,69.51996527777762,172.71527777777737,55.98784722222209
,,,,,,,,147.92361111111077,65.90451388888873,172.71527777777737,55.57465277777765
,,,,,,,,147.82031249999966,65.18142361111096,172.71527777777737,55.16145833333321
,,,,,,,,148.130208333333,71.48263888888873,172.71527777777737,54.85156249999987
,,,,,,,,148.130208333333,70.24305555555539,172.9218749999996,66.73090277777763
,,,,,,,,148.130208333333,66.31770833333319,172.9218749999996,66.31770833333319
,,,,,,,,148.130208333333,65.49131944444429,172.9218749999996,65.90451388888873
,,,,,,,,148.3368055555552,72.2057291666665,172.9218749999996,65.49131944444429
,,,,,,,,148.3368055555552,71.79253472222206,173.02517361111072,74.58159722222204
,,,,,,,,148.37123842592558,71.06944444444429,173.12847222222183,72.82552083333316
,,,,,,,,148.3368055555552,70.55295138888873,173.02517361111072,72.61892361111094
,,,,,,,,148.37123842592558,69.82986111111094,173.16290509259218,71.06944444444429
,,,,,,,,148.2335069444441,69.51996527777762,173.12847222222183,69.00347222222206
,,,,,,,,148.37123842592558,65.90451388888873,173.02517361111072,68.59027777777762
,,,,,,,,148.54340277777743,65.43967013888874,173.12847222222183,65.07812499999984
,,,,,,,,148.74999999999966,72.30902777777762,173.12847222222183,64.6649305555554
,,,,,,,,148.74999999999966,71.89583333333317,173.12847222222183,64.25173611111096
,,,,,,,,148.74999999999966,71.48263888888873,173.12847222222183,63.838541666666515
,,,,,,,,148.74999999999966,71.06944444444429,173.12847222222183,63.42534722222207
,,,,,,,,148.74999999999966,70.65624999999983,173.12847222222183,63.01215277777763
,,,,,,,,148.74999999999966,70.24305555555539,173.12847222222183,62.59895833333319
,,,,,,,,148.74999999999966,69.82986111111094,173.12847222222183,62.185763888888744
,,,,,,,,148.74999999999966,69.51996527777762,173.12847222222183,61.7725694444443
,,,,,,,,148.74999999999966,66.31770833333319,173.12847222222183,61.35937499999986
,,,,,,,,148.74999999999966,65.90451388888873,173.12847222222183,55.98784722222209
,,,,,,,,148.9565972222219,65.49131944444429,173.12847222222183,55.57465277777765
,,,,,,,,149.1631944444441,72.30902777777762,173.12847222222183,55.16145833333321
,,,,,,,,149.1631944444441,71.89583333333317,173.12847222222183,54.85156249999987
,,,,,,,,149.1631944444441,71.48263888888873,173.23177083333294,66.5243055555554
,,,,,,,,149.1631944444441,71.06944444444429,173.23177083333294,66.21440972222207
,,,,,,,,149.1631944444441,70.65624999999983,173.23177083333294,65.49131944444429
,,,,,,,,149.1631944444441,70.24305555555539,173.57609953703664,71.2760416666665
,,,,,,,,149.1631944444441,69.82986111111094,173.54166666666626,70.75954861111094
,,,,,,,,149.1631944444441,69.46831597222206,173.43836805555515,70.44965277777762
,,,,,,,,149.19762731481447,66.31770833333319,173.54166666666626,70.03645833333317
,,,,,,,,149.1631944444441,65.80121527777763,173.43836805555515,65.07812499999984
,,,,,,,,149.1631944444441,65.23307291666652,173.54166666666626,64.5616319444443
,,,,,,,,149.36979166666632,69.15842013888873,173.54166666666626,64.04513888888874
,,,,,,,,149.6108217592589,73.96180555555539,173.54166666666626,63.631944444444294
,,,,,,,,149.47309027777743,73.65190972222206,173.54166666666626,63.21874999999985
,,,,,,,,149.57638888888854,72.92881944444427,173.54166666666626,62.80555555555541
,,,,,,,,149.57638888888854,72.51562499999983,173.54166666666626,62.392361111110965
,,,,,,,,149.57638888888854,72.10243055555539,173.54166666666626,61.97916666666652
,,,,,,,,149.57638888888854,71.68923611111094,173.54166666666626,61.56597222222208
,,,,,,,,149.57638888888854,71.2760416666665,173.54166666666626,61.256076388888744
,,,,,,,,149.57638888888854,70.86284722222206,173.95486111111072,71.37934027777762
,,,,,,,,149.57638888888854,70.44965277777762,173.95486111111072,70.96614583333317
,,,,,,,,149.57638888888854,70.03645833333317,173.95486111111072,70.55295138888873
,,,,,,,,149.57638888888854,69.62326388888873,173.95486111111072,70.13975694444429
,,,,,,,,149.57638888888854,68.79687499999984,173.95486111111072,69.72656249999984
,,,,,,,,149.57638888888854,68.3836805555554,173.95486111111072,64.04513888888874
,,,,,,,,149.57638888888854,67.60894097222207,173.95486111111072,63.631944444444294
,,,,,,,,149.57638888888854,66.73090277777763,173.95486111111072,63.21874999999985
,,,,,,,,149.57638888888854,66.31770833333319,173.8515624999996,62.90885416666652
,,,,,,,,149.57638888888854,65.90451388888873,173.95486111111072,62.392361111110965
,,,,,,,,149.57638888888854,65.49131944444429,173.95486111111072,61.97916666666652
,,,,,,,,149.57638888888854,65.07812499999984,173.95486111111072,61.56597222222208
,,,,,,,,149.78298611111077,73.34201388888872,173.95486111111072,61.204427083333194
,,,,,,,,149.78298611111077,69.21006944444429,174.1958912037033,57.847222222222086
,,,,,,,,149.78298611111077,67.97048611111096,174.16145833333292,57.382378472222086
,,,,,,,,149.78298611111077,67.14409722222207,174.36805555555515,71.2760416666665
,,,,,,,,149.98958333333297,74.1684027777776,174.36805555555515,70.86284722222206
,,,,,,,,149.98958333333297,73.75520833333316,174.36805555555515,70.44965277777762
,,,,,,,,149.98958333333297,72.92881944444427,174.36805555555515,70.03645833333317
,,,,,,,,149.98958333333297,72.51562499999983,174.36805555555515,69.62326388888873
,,,,,,,,149.98958333333297,72.10243055555539,174.36805555555515,64.04513888888874
,,,,,,,,149.98958333333297,71.68923611111094,174.36805555555515,63.631944444444294
,,,,,,,,149.98958333333297,71.2760416666665,174.36805555555515,63.21874999999985
,,,,,,,,149.98958333333297,70.86284722222206,174.36805555555515,62.80555555555541
,,,,,,,,149.98958333333297,70.44965277777762,174.36805555555515,62.392361111110965
,,,,,,,,149.98958333333297,70.03645833333317,174.36805555555515,61.97916666666652
,,,,,,,,149.98958333333297,69.62326388888873,174.36805555555515,61.56597222222208
,,,,,,,,149.98958333333297,68.79687499999984,174.36805555555515,61.15277777777764
,,,,,,,,149.98958333333297,68.3836805555554,174.57465277777737,58.05381944444431
,,,,,,,,149.98958333333297,67.55729166666652,174.57465277777737,57.640624999999865
,,,,,,,,149.98958333333297,66.73090277777763,174.57465277777737,57.330729166666536
,,,,,,,,149.98958333333297,66.31770833333319,174.6779513888885,71.2760416666665
,,,,,,,,149.98958333333297,65.90451388888873,174.7812499999996,70.75954861111094
,,,,,,,,149.98958333333297,65.49131944444429,174.7812499999996,70.3463541666665
,,,,,,,,149.98958333333297,65.18142361111096,174.7812499999996,69.93315972222206
,,,,,,,,150.1961805555552,73.34201388888872,174.7812499999996,69.57161458333317
,,,,,,,,150.1961805555552,69.21006944444429,174.7812499999996,64.04513888888874
,,,,,,,,150.1961805555552,67.97048611111096,174.7812499999996,63.631944444444294
,,,,,,,,150.1961805555552,67.14409722222207,174.7812499999996,63.21874999999985
,,,,,,,,150.29947916666632,74.1684027777776,174.7812499999996,62.80555555555541
,,,,,,,,150.40277777777743,73.75520833333316,174.7812499999996,62.392361111110965
,,,,,,,,150.40277777777743,72.92881944444427,174.7812499999996,61.97916666666652
,,,,,,,,150.40277777777743,72.51562499999983,174.7812499999996,61.56597222222208
,,,,,,,,150.40277777777743,72.10243055555539,174.7812499999996,61.204427083333194
,,,,,,,,150.40277777777743,71.68923611111094,174.9878472222218,64.45833333333319
,,,,,,,,150.40277777777743,71.2760416666665,174.9878472222218,57.9505208333332
,,,,,,,,150.40277777777743,70.86284722222206,174.9878472222218,57.53732638888876
,,,,,,,,150.40277777777743,70.44965277777762,174.9878472222218,57.175781249999865
,,,,,,,,150.40277777777743,70.03645833333317,175.09114583333292,70.65624999999983
,,,,,,,,150.40277777777743,69.62326388888873,175.09114583333292,70.24305555555539
,,,,,,,,150.40277777777743,68.79687499999984,175.19444444444403,69.7782118055554
,,,,,,,,150.40277777777743,68.3836805555554,175.09114583333292,69.51996527777762
,,,,,,,,150.40277777777743,67.55729166666652,175.19444444444403,64.04513888888874
,,,,,,,,150.40277777777743,66.73090277777763,175.19444444444403,63.631944444444294
,,,,,,,,150.40277777777743,66.31770833333319,175.19444444444403,63.21874999999985
,,,,,,,,150.40277777777743,65.90451388888873,175.19444444444403,62.80555555555541
,,,,,,,,150.40277777777743,65.49131944444429,175.19444444444403,62.392361111110965
,,,,,,,,150.60937499999966,73.34201388888872,175.19444444444403,61.97916666666652
,,,,,,,,150.60937499999966,69.21006944444429,175.19444444444403,61.56597222222208
,,,,,,,,150.60937499999966,67.97048611111096,175.19444444444403,61.256076388888744
,,,,,,,,150.60937499999966,67.14409722222207,175.29774305555515,70.96614583333317
,,,,,,,,150.60937499999966,65.07812499999984,175.40104166666626,64.50998263888874
,,,,,,,,150.71267361111077,74.68489583333316,175.4354745370366,57.847222222222086
,,,,,,,,150.81597222222186,74.1684027777776,175.40104166666626,57.382378472222086
,,,,,,,,150.81597222222186,73.75520833333316,175.6076388888885,64.04513888888874
,,,,,,,,150.81597222222186,72.92881944444427,175.6076388888885,63.631944444444294
,,,,,,,,150.81597222222186,72.51562499999983,175.6076388888885,63.21874999999985
,,,,,,,,150.81597222222186,72.10243055555539,175.6076388888885,62.80555555555541
,,,,,,,,150.81597222222186,71.68923611111094,175.6076388888885,62.392361111110965
,,,,,,,,150.81597222222186,71.2760416666665,175.6076388888885,61.97916666666652
,,,,,,,,150.81597222222186,70.86284722222206,175.6076388888885,61.56597222222208
,,,,,,,,150.81597222222186,70.44965277777762,175.6076388888885,61.15277777777764
,,,,,,,,150.81597222222186,70.03645833333317,175.81423611111072,58.05381944444431
,,,,,,,,150.81597222222186,69.62326388888873,175.81423611111072,57.640624999999865
,,,,,,,,150.81597222222186,68.79687499999984,175.81423611111072,57.330729166666536
,,,,,,,,150.81597222222186,68.3836805555554,176.02083333333292,64.50998263888874
,,,,,,,,150.81597222222186,67.55729166666652,176.02083333333292,64.04513888888874
,,,,,,,,150.81597222222186,66.73090277777763,176.02083333333292,63.631944444444294
,,,,,,,,150.81597222222186,66.31770833333319,176.02083333333292,63.21874999999985
,,,,,,,,150.81597222222186,65.90451388888873,176.02083333333292,62.80555555555541
,,,,,,,,150.81597222222186,65.49131944444429,176.02083333333292,62.392361111110965
,,,,,,,,151.0225694444441,73.34201388888872,176.02083333333292,61.97916666666652
,,,,,,,,151.0225694444441,69.21006944444429,176.02083333333292,61.56597222222208
,,,,,,,,151.0225694444441,67.97048611111096,176.02083333333292,61.15277777777764
,,,,,,,,151.0225694444441,67.14409722222207,176.02083333333292,58.46701388888875
,,,,,,,,151.0225694444441,65.07812499999984,176.22743055555515,60.79123263888875
,,,,,,,,151.22916666666632,74.58159722222204,176.2618634259255,58.880208333333194
,,,,,,,,151.22916666666632,74.1684027777776,176.2618634259255,58.05381944444431
,,,,,,,,151.22916666666632,73.75520833333316,176.22743055555515,57.53732638888876
,,,,,,,,151.22916666666632,72.92881944444427,176.12413194444403,57.330729166666536
,,,,,,,,151.22916666666632,72.51562499999983,176.43402777777737,64.45833333333319
,,,,,,,,151.22916666666632,72.10243055555539,176.43402777777737,64.04513888888874
,,,,,,,,151.22916666666632,71.68923611111094,176.43402777777737,63.631944444444294
,,,,,,,,151.22916666666632,71.2760416666665,176.43402777777737,63.21874999999985
,,,,,,,,151.22916666666632,70.86284722222206,176.43402777777737,62.80555555555541
,,,,,,,,151.22916666666632,70.44965277777762,176.43402777777737,62.392361111110965
,,,,,,,,151.22916666666632,70.03645833333317,176.43402777777737,61.97916666666652
,,,,,,,,151.22916666666632,69.62326388888873,176.43402777777737,61.56597222222208
,,,,,,,,151.22916666666632,68.79687499999984,176.43402777777737,61.15277777777764
,,,,,,,,151.22916666666632,68.3836805555554,176.43402777777737,60.32638888888875
,,,,,,,,151.22916666666632,67.55729166666652,176.43402777777737,59.91319444444431
,,,,,,,,151.22916666666632,66.73090277777763,176.43402777777737,59.499999999999865
,,,,,,,,151.22916666666632,66.31770833333319,176.6406249999996,60.739583333333194
,,,,,,,,151.22916666666632,65.90451388888873,176.6406249999996,59.086805555555415
,,,,,,,,151.22916666666632,65.49131944444429,176.6406249999996,58.67361111111097
,,,,,,,,151.43576388888854,76.0277777777776,176.6406249999996,58.26041666666653
,,,,,,,,151.43576388888854,74.99479166666649,176.6406249999996,57.847222222222086
,,,,,,,,151.43576388888854,73.34201388888872,176.6406249999996,57.434027777777644
,,,,,,,,151.43576388888854,69.21006944444429,176.8472222222218,64.45833333333319
,,,,,,,,151.43576388888854,67.97048611111096,176.8472222222218,64.04513888888874
,,,,,,,,151.43576388888854,67.14409722222207,176.8472222222218,63.631944444444294
,,,,,,,,151.33246527777743,65.07812499999984,176.8472222222218,63.21874999999985
,,,,,,,,151.64236111111077,76.33767361111093,176.8472222222218,62.80555555555541
,,,,,,,,151.64236111111077,75.82118055555539,176.8472222222218,62.392361111110965
,,,,,,,,151.64236111111077,74.58159722222204,176.8472222222218,61.97916666666652
,,,,,,,,151.64236111111077,74.1684027777776,176.8472222222218,61.56597222222208
,,,,,,,,151.64236111111077,73.75520833333316,176.8472222222218,61.15277777777764
,,,,,,,,151.64236111111077,72.92881944444427,176.8472222222218,60.32638888888875
,,,,,,,,151.64236111111077,72.51562499999983,176.8472222222218,59.91319444444431
,,,,,,,,151.64236111111077,72.10243055555539,176.8472222222218,59.499999999999865
,,,,,,,,151.64236111111077,71.68923611111094,177.05381944444403,60.739583333333194
,,,,,,,,151.64236111111077,71.2760416666665,177.05381944444403,59.086805555555415
,,,,,,,,151.64236111111077,70.86284722222206,177.05381944444403,58.67361111111097
,,,,,,,,151.64236111111077,70.44965277777762,177.05381944444403,58.26041666666653
,,,,,,,,151.64236111111077,70.03645833333317,177.05381944444403,57.847222222222086
,,,,,,,,151.64236111111077,69.62326388888873,177.05381944444403,57.434027777777644
,,,,,,,,151.64236111111077,68.79687499999984,177.26041666666626,64.50998263888874
,,,,,,,,151.64236111111077,68.3836805555554,177.26041666666626,64.04513888888874
,,,,,,,,151.64236111111077,67.55729166666652,177.26041666666626,63.631944444444294
,,,,,,,,151.64236111111077,66.73090277777763,177.26041666666626,63.21874999999985
,,,,,,,,151.64236111111077,66.31770833333319,177.26041666666626,62.80555555555541
,,,,,,,,151.64236111111077,65.90451388888873,177.26041666666626,62.392361111110965
,,,,,,,,151.64236111111077,65.49131944444429,177.26041666666626,61.97916666666652
,,,,,,,,151.84895833333297,74.99479166666649,177.26041666666626,61.56597222222208
,,,,,,,,151.84895833333297,73.34201388888872,177.26041666666626,61.15277777777764
,,,,,,,,151.84895833333297,69.21006944444429,177.26041666666626,60.32638888888875
,,,,,,,,151.84895833333297,67.97048611111096,177.26041666666626,59.91319444444431
,,,,,,,,151.84895833333297,67.14409722222207,177.26041666666626,59.499999999999865
,,,,,,,,151.84895833333297,65.1297743055554,177.4670138888885,60.739583333333194
,,,,,,,,152.0555555555552,76.23437499999983,177.4670138888885,59.086805555555415
,,,,,,,,152.0555555555552,75.71788194444427,177.4670138888885,58.67361111111097
,,,,,,,,152.0555555555552,75.30468749999983,177.4670138888885,58.26041666666653
,,,,,,,,152.08998842592555,74.58159722222204,177.4670138888885,57.847222222222086
,,,,,,,,152.0555555555552,74.0651041666665,177.4670138888885,57.434027777777644
,,,,,,,,152.0555555555552,73.65190972222206,177.6736111111107,108.10199652777753
,,,,,,,,152.08998842592555,72.92881944444427,177.6736111111107,64.45833333333319
,,,,,,,,152.0555555555552,72.41232638888872,177.6736111111107,64.0967881944443
,,,,,,,,152.0555555555552,71.99913194444427,177.6736111111107,63.631944444444294
,,,,,,,,152.0555555555552,71.58593749999983,177.6736111111107,63.21874999999985
,,,,,,,,152.0555555555552,71.17274305555539,177.6736111111107,62.80555555555541
,,,,,,,,152.0555555555552,70.75954861111094,177.6736111111107,62.392361111110965
,,,,,,,,152.0555555555552,70.3463541666665,177.6736111111107,61.97916666666652
,,,,,,,,152.0555555555552,69.93315972222206,177.6736111111107,61.56597222222208
,,,,,,,,152.0555555555552,69.51996527777762,177.6736111111107,61.15277777777764
,,,,,,,,152.08998842592555,68.79687499999984,177.6736111111107,60.32638888888875
,,,,,,,,152.0555555555552,68.28038194444429,177.6736111111107,59.91319444444431
,,,,,,,,152.08998842592555,67.55729166666652,177.6736111111107,59.499999999999865
,,,,,,,,152.08998842592555,66.73090277777763,177.88020833333292,60.739583333333194
,,,,,,,,152.0555555555552,66.21440972222207,177.88020833333292,59.086805555555415
,,,,,,,,152.0555555555552,65.80121527777763,177.88020833333292,58.67361111111097
,,,,,,,,152.0555555555552,65.38802083333319,177.88020833333292,58.26041666666653
,,,,,,,,152.26215277777743,76.69921874999982,177.88020833333292,57.847222222222086
,,,,,,,,152.26215277777743,65.02647569444429,177.88020833333292,57.434027777777644
,,,,,,,,152.46874999999966,76.23437499999983,177.98350694444403,108.05034722222197
,,,,,,,,152.46874999999966,75.82118055555539,178.1212384259255,63.838541666666515
,,,,,,,,152.46874999999966,75.40798611111093,178.08680555555515,63.322048611110965
,,,,,,,,152.46874999999966,74.99479166666649,177.98350694444403,63.115451388888744
,,,,,,,,152.46874999999966,74.58159722222204,178.08680555555515,62.392361111110965
,,,,,,,,152.46874999999966,74.1684027777776,178.08680555555515,61.97916666666652
,,,,,,,,152.46874999999966,73.75520833333316,178.08680555555515,61.56597222222208
,,,,,,,,152.46874999999966,73.34201388888872,178.08680555555515,61.15277777777764
,,,,,,,,152.46874999999966,72.92881944444427,178.08680555555515,60.32638888888875
,,,,,,,,152.46874999999966,72.51562499999983,178.08680555555515,59.91319444444431
,,,,,,,,152.46874999999966,72.10243055555539,178.08680555555515,59.499999999999865
,,,,,,,,152.46874999999966,71.68923611111094,178.19010416666626,64.45833333333319
,,,,,,,,152.46874999999966,71.2760416666665,178.29340277777737,60.739583333333194
,,,,,,,,152.46874999999966,70.86284722222206,178.29340277777737,59.086805555555415
,,,,,,,,152.46874999999966,70.44965277777762,178.29340277777737,58.67361111111097
,,,,,,,,152.46874999999966,70.03645833333317,178.29340277777737,58.26041666666653
,,,,,,,,152.46874999999966,69.62326388888873,178.29340277777737,57.847222222222086
,,,,,,,,152.46874999999966,69.21006944444429,178.29340277777737,57.434027777777644
,,,,,,,,152.46874999999966,68.79687499999984,178.53443287036995,64.04513888888874
,,,,,,,,152.46874999999966,68.3836805555554,178.49999999999957,63.52864583333319
,,,,,,,,152.46874999999966,67.97048611111096,178.3967013888885,63.322048611110965
,,,,,,,,152.46874999999966,67.55729166666652,178.49999999999957,62.392361111110965
,,,,,,,,152.46874999999966,67.14409722222207,178.49999999999957,61.97916666666652
,,,,,,,,152.46874999999966,66.73090277777763,178.49999999999957,61.56597222222208
,,,,,,,,152.46874999999966,66.31770833333319,178.49999999999957,61.15277777777764
,,,,,,,,152.46874999999966,65.90451388888873,178.49999999999957,60.32638888888875
,,,,,,,,152.46874999999966,65.49131944444429,178.49999999999957,59.91319444444431
,,,,,,,,152.67534722222186,76.64756944444427,178.49999999999957,59.499999999999865
,,,,,,,,152.67534722222186,65.07812499999984,178.7065972222218,60.739583333333194
,,,,,,,,152.8819444444441,76.23437499999983,178.7065972222218,59.086805555555415
,,,,,,,,152.8819444444441,75.82118055555539,178.7065972222218,58.67361111111097
,,,,,,,,152.8819444444441,75.40798611111093,178.7065972222218,58.26041666666653
,,,,,,,,152.8819444444441,74.99479166666649,178.7065972222218,57.847222222222086
,,,,,,,,152.8819444444441,74.58159722222204,178.7065972222218,57.434027777777644
,,,,,,,,152.8819444444441,74.1684027777776,178.7065972222218,57.124131944444315
,,,,,,,,152.8819444444441,73.75520833333316,178.91319444444403,64.04513888888874
,,,,,,,,152.8819444444441,73.34201388888872,178.91319444444403,63.631944444444294
,,,,,,,,152.8819444444441,72.92881944444427,178.91319444444403,63.21874999999985
,,,,,,,,152.8819444444441,72.51562499999983,178.91319444444403,62.80555555555541
,,,,,,,,152.8819444444441,72.10243055555539,178.91319444444403,62.392361111110965
,,,,,,,,152.8819444444441,71.68923611111094,178.80989583333292,61.97916666666652
,,,,,,,,152.8819444444441,71.2760416666665,178.80989583333292,61.669270833333194
,,,,,,,,152.8819444444441,70.86284722222206,178.91319444444403,61.15277777777764
,,,,,,,,152.8819444444441,70.44965277777762,178.91319444444403,60.32638888888875
,,,,,,,,152.8819444444441,70.03645833333317,178.91319444444403,59.91319444444431
,,,,,,,,152.8819444444441,69.62326388888873,178.91319444444403,59.499999999999865
,,,,,,,,152.8819444444441,69.21006944444429,179.11979166666626,60.739583333333194
,,,,,,,,152.8819444444441,68.79687499999984,179.11979166666626,59.086805555555415
,,,,,,,,152.8819444444441,68.3836805555554,179.11979166666626,58.67361111111097
,,,,,,,,152.8819444444441,67.97048611111096,179.11979166666626,58.26041666666653
,,,,,,,,152.8819444444441,67.55729166666652,179.11979166666626,57.847222222222086
,,,,,,,,152.8819444444441,67.14409722222207,179.11979166666626,57.434027777777644
,,,,,,,,152.8819444444441,66.73090277777763,179.32638888888846,63.838541666666515
,,,,,,,,152.8819444444441,66.31770833333319,179.32638888888846,63.42534722222207
,,,,,,,,152.8819444444441,65.90451388888873,179.32638888888846,63.01215277777763
,,,,,,,,152.8819444444441,65.49131944444429,179.32638888888846,62.59895833333319
,,,,,,,,153.08854166666632,76.64756944444427,179.32638888888846,62.2374131944443
,,,,,,,,153.08854166666632,65.07812499999984,179.32638888888846,61.15277777777764
,,,,,,,,153.29513888888854,76.38932291666649,179.36082175925884,60.32638888888875
,,,,,,,,153.29513888888854,75.82118055555539,179.32638888888846,59.809895833333194
,,,,,,,,153.29513888888854,75.40798611111093,179.32638888888846,59.39670138888875
,,,,,,,,153.29513888888854,74.99479166666649,179.5329861111107,61.462673611110965
,,,,,,,,153.29513888888854,74.58159722222204,179.42968749999957,58.880208333333194
,,,,,,,,153.29513888888854,74.1684027777776,179.6362847222218,63.42534722222207
,,,,,,,,153.29513888888854,73.75520833333316,179.6362847222218,63.01215277777763
,,,,,,,,153.29513888888854,73.34201388888872,179.6362847222218,62.7022569444443
,,,,,,,,153.29513888888854,72.92881944444427,179.73958333333292,61.04947916666652
,,,,,,,,153.29513888888854,72.51562499999983,180.35937499999957,55.98784722222209
,,,,,,,,153.29513888888854,72.10243055555539,180.35937499999957,55.57465277777765
,,,,,,,,153.29513888888854,71.68923611111094,180.35937499999957,55.16145833333321
,,,,,,,,153.29513888888854,71.2760416666665,180.35937499999957,54.85156249999987
,,,,,,,,153.29513888888854,70.86284722222206,180.77256944444403,55.98784722222209
,,,,,,,,153.29513888888854,70.44965277777762,180.77256944444403,55.57465277777765
,,,,,,,,153.29513888888854,70.03645833333317,180.77256944444403,55.16145833333321
,,,,,,,,153.29513888888854,69.62326388888873,180.77256944444403,54.85156249999987
,,,,,,,,153.29513888888854,69.21006944444429,181.18576388888846,55.78124999999987
,,,,,,,,153.29513888888854,68.79687499999984,181.18576388888846,55.36805555555543
,,,,,,,,153.29513888888854,68.3836805555554,181.18576388888846,54.954861111110986
,,,,,,,,153.29513888888854,67.97048611111096,181.59895833333292,55.78124999999987
,,,,,,,,153.29513888888854,67.55729166666652,181.59895833333292,55.36805555555543
,,,,,,,,153.29513888888854,67.14409722222207,181.59895833333292,54.954861111110986
,,,,,,,,153.29513888888854,66.73090277777763,182.01215277777735,55.78124999999987
,,,,,,,,153.29513888888854,66.31770833333319,182.01215277777735,55.36805555555543
,,,,,,,,153.29513888888854,65.90451388888873,182.01215277777735,54.954861111110986
,,,,,,,,153.29513888888854,65.49131944444429,182.45978009259215,55.78124999999987
,,,,,,,,153.50173611111074,77.37065972222204,182.4253472222218,55.264756944444315
,,,,,,,,153.50173611111074,76.85416666666649,182.4253472222218,54.90321180555543
,,,,,,,,153.50173611111074,65.07812499999984,182.83854166666623,55.98784722222209
,,,,,,,,153.74276620370333,89.45659722222202,182.83854166666623,55.57465277777765
,,,,,,,,153.70833333333297,88.83680555555534,182.83854166666623,55.16145833333321
,,,,,,,,153.70833333333297,88.47526041666646,182.83854166666623,54.85156249999987
,,,,,,,,153.74276620370333,76.44097222222204,183.28616898148104,55.98784722222209
,,,,,,,,153.70833333333297,75.82118055555539,183.2517361111107,55.471354166666536
,,,,,,,,153.70833333333297,75.40798611111093,183.2517361111107,55.05815972222209
,,,,,,,,153.70833333333297,74.99479166666649,183.14843749999957,54.85156249999987
,,,,,,,,153.70833333333297,74.58159722222204,183.56163194444403,56.194444444444315
,,,,,,,,153.70833333333297,74.1684027777776,183.56163194444403,55.78124999999987
,,,,,,,,153.70833333333297,73.75520833333316,183.56163194444403,54.954861111110986
,,,,,,,,153.70833333333297,73.34201388888872,187.69357638888846,78.9201388888887
,,,,,,,,153.70833333333297,72.92881944444427,188.00347222222177,63.838541666666515
,,,,,,,,153.70833333333297,72.51562499999983,188.00347222222177,63.42534722222207
,,,,,,,,153.70833333333297,72.10243055555539,187.9001736111107,60.32638888888875
,,,,,,,,153.70833333333297,71.68923611111094,188.1067708333329,73.96180555555539
,,,,,,,,153.70833333333297,71.2760416666665,188.1067708333329,65.69791666666652
,,,,,,,,153.70833333333297,70.86284722222206,,
,,,,,,,,153.70833333333297,70.44965277777762,,
,,,,,,,,153.70833333333297,70.03645833333317,,
,,,,,,,,153.70833333333297,69.62326388888873,,
,,,,,,,,153.70833333333297,69.21006944444429,,
,,,,,,,,153.70833333333297,68.79687499999984,,
,,,,,,,,153.70833333333297,68.3836805555554,,
,,,,,,,,153.70833333333297,67.97048611111096,,
,,,,,,,,153.70833333333297,67.55729166666652,,
,,,,,,,,153.70833333333297,67.14409722222207,,
,,,,,,,,153.70833333333297,66.73090277777763,,
,,,,,,,,153.70833333333297,66.31770833333319,,
,,,,,,,,153.70833333333297,65.90451388888873,,
,,,,,,,,153.70833333333297,65.49131944444429,,
,,,,,,,,153.9149305555552,90.90277777777757,,
,,,,,,,,153.9149305555552,90.48958333333313,,
,,,,,,,,153.9149305555552,90.07638888888869,,
,,,,,,,,153.9149305555552,88.01041666666646,,
,,,,,,,,153.9149305555552,78.50694444444426,,
,,,,,,,,153.9149305555552,65.07812499999984,,
,,,,,,,,153.9149305555552,64.71657986111096,,
,,,,,,,,153.9149305555552,63.21874999999985,,
,,,,,,,,154.12152777777743,89.66319444444423,,
,,,,,,,,154.12152777777743,89.24999999999979,,
,,,,,,,,154.12152777777743,88.83680555555534,,
,,,,,,,,154.12152777777743,88.4236111111109,,
,,,,,,,,154.12152777777743,78.19704861111093,,
,,,,,,,,154.12152777777743,76.64756944444427,,
,,,,,,,,154.12152777777743,76.23437499999983,,
,,,,,,,,154.12152777777743,75.82118055555539,,
,,,,,,,,154.12152777777743,75.40798611111093,,
,,,,,,,,154.12152777777743,74.99479166666649,,
,,,,,,,,154.12152777777743,74.58159722222204,,
,,,,,,,,154.12152777777743,74.1684027777776,,
,,,,,,,,154.12152777777743,73.75520833333316,,
,,,,,,,,154.12152777777743,73.34201388888872,,
,,,,,,,,154.12152777777743,72.92881944444427,,
,,,,,,,,154.12152777777743,72.51562499999983,,
,,,,,,,,154.12152777777743,72.10243055555539,,
,,,,,,,,154.12152777777743,71.68923611111094,,
,,,,,,,,154.12152777777743,71.2760416666665,,
,,,,,,,,154.12152777777743,70.86284722222206,,
,,,,,,,,154.12152777777743,70.44965277777762,,
,,,,,,,,154.12152777777743,70.03645833333317,,
,,,,,,,,154.12152777777743,69.62326388888873,,
,,,,,,,,154.12152777777743,69.21006944444429,,
,,,,,,,,154.12152777777743,68.79687499999984,,
,,,,,,,,154.12152777777743,68.3836805555554,,
,,,,,,,,154.12152777777743,67.97048611111096,,
,,,,,,,,154.12152777777743,67.55729166666652,,
,,,,,,,,154.12152777777743,67.14409722222207,,
,,,,,,,,154.12152777777743,66.73090277777763,,
,,,,,,,,154.12152777777743,66.31770833333319,,
,,,,,,,,154.12152777777743,65.90451388888873,,
,,,,,,,,154.12152777777743,65.49131944444429,,
,,,,,,,,154.32812499999963,90.90277777777757,,
,,,,,,,,154.32812499999963,90.48958333333313,,
,,,,,,,,154.32812499999963,90.07638888888869,,
,,,,,,,,154.32812499999963,88.01041666666646,,
,,,,,,,,154.22482638888854,87.70052083333313,,
,,,,,,,,154.32812499999963,78.50694444444426,,
,,,,,,,,154.32812499999963,65.07812499999984,,
,,,,,,,,154.32812499999963,64.6649305555554,,
,,,,,,,,154.32812499999963,63.21874999999985,,
,,,,,,,,154.53472222222186,89.66319444444423,,
,,,,,,,,154.53472222222186,89.24999999999979,,
,,,,,,,,154.53472222222186,88.83680555555534,,
,,,,,,,,154.53472222222186,88.4236111111109,,
,,,,,,,,154.53472222222186,76.64756944444427,,
,,,,,,,,154.53472222222186,76.23437499999983,,
,,,,,,,,154.53472222222186,75.82118055555539,,
,,,,,,,,154.53472222222186,75.40798611111093,,
,,,,,,,,154.53472222222186,74.99479166666649,,
,,,,,,,,154.53472222222186,74.58159722222204,,
,,,,,,,,154.53472222222186,74.1684027777776,,
,,,,,,,,154.53472222222186,73.75520833333316,,
,,,,,,,,154.53472222222186,73.34201388888872,,
,,,,,,,,154.53472222222186,72.92881944444427,,
,,,,,,,,154.53472222222186,72.51562499999983,,
,,,,,,,,154.53472222222186,72.10243055555539,,
,,,,,,,,154.53472222222186,71.68923611111094,,
,,,,,,,,154.53472222222186,71.2760416666665,,
,,,,,,,,154.53472222222186,70.86284722222206,,
,,,,,,,,154.53472222222186,70.44965277777762,,
,,,,,,,,154.53472222222186,70.03645833333317,,
,,,,,,,,154.53472222222186,69.62326388888873,,
,,,,,,,,154.53472222222186,69.21006944444429,,
,,,,,,,,154.53472222222186,68.79687499999984,,
,,,,,,,,154.53472222222186,68.3836805555554,,
,,,,,,,,154.53472222222186,67.97048611111096,,
,,,,,,,,154.53472222222186,67.55729166666652,,
,,,,,,,,154.53472222222186,67.14409722222207,,
,,,,,,,,154.53472222222186,66.73090277777763,,
,,,,,,,,154.53472222222186,66.31770833333319,,
,,,,,,,,154.53472222222186,65.90451388888873,,
,,,,,,,,154.53472222222186,65.49131944444429,,
,,,,,,,,154.63802083333297,90.90277777777757,,
,,,,,,,,154.63802083333297,90.48958333333313,,
,,,,,,,,154.63802083333297,90.07638888888869,,
,,,,,,,,154.77575231481444,88.04484953703684,,
,,,,,,,,154.7413194444441,65.07812499999984,,
,,,,,,,,154.7413194444441,64.6649305555554,,
,,,,,,,,154.7413194444441,63.322048611110965,,
,,,,,,,,154.8446180555552,89.45659722222202,,
,,,,,,,,154.94791666666632,88.94010416666646,,
,,,,,,,,154.94791666666632,88.52690972222202,,
,,,,,,,,154.94791666666632,76.64756944444427,,
,,,,,,,,154.94791666666632,76.23437499999983,,
,,,,,,,,154.94791666666632,75.82118055555539,,
,,,,,,,,154.94791666666632,75.40798611111093,,
,,,,,,,,154.94791666666632,74.99479166666649,,
,,,,,,,,154.94791666666632,74.58159722222204,,
,,,,,,,,154.94791666666632,74.1684027777776,,
,,,,,,,,154.94791666666632,73.75520833333316,,
,,,,,,,,154.94791666666632,73.34201388888872,,
,,,,,,,,154.94791666666632,72.92881944444427,,
,,,,,,,,154.94791666666632,72.51562499999983,,
,,,,,,,,154.94791666666632,72.10243055555539,,
,,,,,,,,154.94791666666632,71.68923611111094,,
,,,,,,,,154.94791666666632,71.2760416666665,,
,,,,,,,,154.94791666666632,70.86284722222206,,
,,,,,,,,154.94791666666632,70.44965277777762,,
,,,,,,,,154.94791666666632,70.03645833333317,,
,,,,,,,,154.94791666666632,69.62326388888873,,
,,,,,,,,154.94791666666632,69.21006944444429,,
,,,,,,,,154.94791666666632,68.79687499999984,,
,,,,,,,,154.8446180555552,68.3836805555554,,
,,,,,,,,154.8446180555552,67.97048611111096,,
,,,,,,,,154.8446180555552,67.55729166666652,,
,,,,,,,,154.8446180555552,67.14409722222207,,
,,,,,,,,154.94791666666632,66.73090277777763,,
,,,,,,,,154.94791666666632,66.31770833333319,,
,,,,,,,,154.94791666666632,65.90451388888873,,
,,,,,,,,154.94791666666632,65.49131944444429,,
,,,,,,,,155.15451388888852,88.01041666666646,,
,,,,,,,,155.15451388888852,87.70052083333313,,
,,,,,,,,155.1889467592589,65.07812499999984,,
,,,,,,,,155.15451388888852,64.5616319444443,,
,,,,,,,,155.15451388888852,64.14843749999986,,
,,,,,,,,155.05121527777743,63.94184027777763,,
,,,,,,,,155.1889467592589,63.42534722222207,,
,,,,,,,,155.05121527777743,63.115451388888744,,
,,,,,,,,155.36111111111074,88.4236111111109,,
,,,,,,,,155.39554398148113,76.64756944444427,,
,,,,,,,,155.36111111111074,76.13107638888872,,
,,,,,,,,155.36111111111074,75.71788194444427,,
,,,,,,,,155.36111111111074,75.30468749999983,,
,,,,,,,,155.36111111111074,74.89149305555539,,
,,,,,,,,155.36111111111074,74.47829861111094,,
,,,,,,,,155.36111111111074,74.0651041666665,,
,,,,,,,,155.36111111111074,73.65190972222206,,
,,,,,,,,155.36111111111074,73.2387152777776,,
,,,,,,,,155.36111111111074,72.82552083333316,,
,,,,,,,,155.36111111111074,72.41232638888872,,
,,,,,,,,155.36111111111074,71.99913194444427,,
,,,,,,,,155.36111111111074,71.58593749999983,,
,,,,,,,,155.36111111111074,71.17274305555539,,
,,,,,,,,155.36111111111074,70.75954861111094,,
,,,,,,,,155.36111111111074,70.3463541666665,,
,,,,,,,,155.36111111111074,69.93315972222206,,
,,,,,,,,155.36111111111074,69.51996527777762,,
,,,,,,,,155.36111111111074,69.15842013888873,,
,,,,,,,,155.36111111111074,66.5243055555554,,
,,,,,,,,155.36111111111074,66.16276041666652,,
,,,,,,,,155.36111111111074,65.69791666666652,,
,,,,,,,,155.46440972222186,88.83680555555534,,
,,,,,,,,155.56770833333297,88.01041666666646,,
,,,,,,,,155.56770833333297,87.64887152777757,,
,,,,,,,,155.56770833333297,65.28472222222207,,
,,,,,,,,155.56770833333297,64.87152777777763,,
,,,,,,,,155.56770833333297,64.45833333333319,,
,,,,,,,,155.56770833333297,64.04513888888874,,
,,,,,,,,155.56770833333297,63.631944444444294,,
,,,,,,,,155.56770833333297,63.21874999999985,,
,,,,,,,,155.6710069444441,88.4236111111109,,
,,,,,,,,155.7743055555552,76.54427083333316,,
,,,,,,,,155.7743055555552,76.13107638888872,,
,,,,,,,,155.7743055555552,75.71788194444427,,
,,,,,,,,155.7743055555552,75.30468749999983,,
,,,,,,,,155.7743055555552,74.89149305555539,,
,,,,,,,,155.7743055555552,74.47829861111094,,
,,,,,,,,155.7743055555552,74.0651041666665,,
,,,,,,,,155.7743055555552,73.65190972222206,,
,,,,,,,,155.7743055555552,73.2387152777776,,
,,,,,,,,155.7743055555552,72.82552083333316,,
,,,,,,,,155.7743055555552,72.41232638888872,,
,,,,,,,,155.7743055555552,71.99913194444427,,
,,,,,,,,155.7743055555552,71.58593749999983,,
,,,,,,,,155.7743055555552,71.17274305555539,,
,,,,,,,,155.7743055555552,70.75954861111094,,
,,,,,,,,155.7743055555552,70.3463541666665,,
,,,,,,,,155.7743055555552,69.93315972222206,,
,,,,,,,,155.7743055555552,69.51996527777762,,
,,,,,,,,155.6710069444441,69.3133680555554,,
,,,,,,,,155.7743055555552,66.5243055555554,,
,,,,,,,,155.7743055555552,66.11111111111096,,
,,,,,,,,155.7743055555552,65.69791666666652,,
,,,,,,,,155.9809027777774,87.70052083333313,,
,,,,,,,,155.9809027777774,87.28732638888869,,
,,,,,,,,155.9809027777774,86.87413194444424,,
,,,,,,,,155.9809027777774,86.4609374999998,,
,,,,,,,,155.9809027777774,86.04774305555536,,
,,,,,,,,155.9809027777774,85.63454861111092,,
,,,,,,,,155.9809027777774,84.49826388888869,,
,,,,,,,,155.9809027777774,84.1367187499998,,
,,,,,,,,155.9809027777774,83.25868055555536,,
,,,,,,,,155.9809027777774,82.84548611111092,,
,,,,,,,,155.9809027777774,82.43229166666647,,
,,,,,,,,155.9809027777774,82.01909722222203,,
,,,,,,,,155.9809027777774,81.60590277777759,,
,,,,,,,,155.9809027777774,81.19270833333314,,
,,,,,,,,155.9809027777774,65.28472222222207,,
,,,,,,,,155.9809027777774,64.87152777777763,,
,,,,,,,,155.9809027777774,64.45833333333319,,
,,,,,,,,155.9809027777774,64.04513888888874,,
,,,,,,,,155.9809027777774,63.631944444444294,,
,,,,,,,,155.9809027777774,63.21874999999985,,
,,,,,,,,156.18749999999963,83.5685763888887,,
,,,,,,,,156.08420138888852,76.44097222222204,,
,,,,,,,,156.08420138888852,76.13107638888872,,
,,,,,,,,156.18749999999963,75.30468749999983,,
,,,,,,,,156.18749999999963,74.89149305555539,,
,,,,,,,,156.18749999999963,74.47829861111094,,
,,,,,,,,156.18749999999963,74.0651041666665,,
,,,,,,,,156.18749999999963,73.65190972222206,,
,,,,,,,,156.18749999999963,73.2387152777776,,
,,,,,,,,156.18749999999963,72.82552083333316,,
,,,,,,,,156.18749999999963,72.41232638888872,,
,,,,,,,,156.18749999999963,71.99913194444427,,
,,,,,,,,156.18749999999963,71.58593749999983,,
,,,,,,,,156.18749999999963,71.17274305555539,,
,,,,,,,,156.18749999999963,70.75954861111094,,
,,,,,,,,156.18749999999963,70.3463541666665,,
,,,,,,,,156.18749999999963,69.93315972222206,,
,,,,,,,,156.18749999999963,69.51996527777762,,
,,,,,,,,156.08420138888852,69.3133680555554,,
,,,,,,,,156.18749999999963,66.5243055555554,,
,,,,,,,,156.18749999999963,66.11111111111096,,
,,,,,,,,156.18749999999963,65.69791666666652,,
,,,,,,,,156.39409722222186,88.8884548611109,,
,,,,,,,,156.39409722222186,87.59722222222202,,
,,,,,,,,156.39409722222186,87.18402777777757,,
,,,,,,,,156.39409722222186,86.77083333333313,,
,,,,,,,,156.39409722222186,86.35763888888869,,
,,,,,,,,156.39409722222186,85.94444444444424,,
,,,,,,,,156.39409722222186,85.58289930555536,,
,,,,,,,,156.39409722222186,83.05208333333314,,
,,,,,,,,156.39409722222186,82.6388888888887,,
,,,,,,,,156.39409722222186,82.22569444444426,,
,,,,,,,,156.39409722222186,81.81249999999982,,
,,,,,,,,156.39409722222186,81.39930555555537,,
,,,,,,,,156.39409722222186,81.08940972222203,,
,,,,,,,,156.39409722222186,65.28472222222207,,
,,,,,,,,156.39409722222186,64.87152777777763,,
,,,,,,,,156.39409722222186,64.45833333333319,,
,,,,,,,,156.39409722222186,64.04513888888874,,
,,,,,,,,156.39409722222186,63.631944444444294,,
,,,,,,,,156.39409722222186,63.21874999999985,,
,,,,,,,,156.49739583333297,88.4236111111109,,
,,,,,,,,156.49739583333297,88.01041666666646,,
,,,,,,,,156.6006944444441,83.46527777777759,,
,,,,,,,,156.49739583333297,75.20138888888872,,
,,,,,,,,156.6006944444441,74.78819444444427,,
,,,,,,,,156.6006944444441,74.37499999999983,,
,,,,,,,,156.6006944444441,73.96180555555539,,
,,,,,,,,156.6006944444441,73.54861111111094,,
,,,,,,,,156.6006944444441,73.1354166666665,,
,,,,,,,,156.6006944444441,72.72222222222206,,
,,,,,,,,156.6006944444441,72.30902777777762,,
,,,,,,,,156.6006944444441,71.89583333333317,,
,,,,,,,,156.6006944444441,71.48263888888873,,
,,,,,,,,156.6006944444441,71.06944444444429,,
,,,,,,,,156.6006944444441,70.65624999999983,,
,,,,,,,,156.6006944444441,70.24305555555539,,
,,,,,,,,156.6006944444441,69.82986111111094,,
,,,,,,,,156.6006944444441,69.4166666666665,,
,,,,,,,,156.6006944444441,66.5243055555554,,
,,,,,,,,156.6006944444441,66.11111111111096,,
,,,,,,,,156.6006944444441,65.69791666666652,,
,,,,,,,,156.7039930555552,88.94010416666646,,
,,,,,,,,156.7039930555552,86.97743055555536,,
,,,,,,,,156.7039930555552,86.66753472222202,,
,,,,,,,,156.80729166666632,83.05208333333314,,
,,,,,,,,156.80729166666632,82.6388888888887,,
,,,,,,,,156.80729166666632,82.22569444444426,,
,,,,,,,,156.80729166666632,81.81249999999982,,
,,,,,,,,156.80729166666632,81.39930555555537,,
,,,,,,,,156.80729166666632,65.28472222222207,,
,,,,,,,,156.80729166666632,64.87152777777763,,
,,,,,,,,156.80729166666632,64.45833333333319,,
,,,,,,,,156.80729166666632,64.04513888888874,,
,,,,,,,,156.80729166666632,63.631944444444294,,
,,,,,,,,156.80729166666632,63.21874999999985,,
,,,,,,,,157.01388888888852,83.87847222222203,,
,,,,,,,,157.01388888888852,83.46527777777759,,
,,,,,,,,156.9105902777774,74.58159722222204,,
,,,,,,,,156.9105902777774,74.1684027777776,,
,,,,,,,,156.9105902777774,73.75520833333316,,
,,,,,,,,157.01388888888852,73.2387152777776,,
,,,,,,,,157.01388888888852,72.82552083333316,,
,,,,,,,,157.01388888888852,72.41232638888872,,
,,,,,,,,157.01388888888852,71.99913194444427,,
,,,,,,,,157.01388888888852,71.58593749999983,,
,,,,,,,,157.01388888888852,71.17274305555539,,
,,,,,,,,157.01388888888852,70.75954861111094,,
,,,,,,,,157.01388888888852,70.3463541666665,,
,,,,,,,,157.01388888888852,69.93315972222206,,
,,,,,,,,157.01388888888852,69.51996527777762,,
,,,,,,,,157.01388888888852,69.10677083333317,,
,,,,,,,,157.0483217592589,66.5243055555554,,
,,,,,,,,157.01388888888852,66.00781249999984,,
,,,,,,,,157.01388888888852,65.5946180555554,,
,,,,,,,,157.22048611111074,85.01475694444424,,
,,,,,,,,157.22048611111074,84.6015624999998,,
,,,,,,,,157.22048611111074,84.18836805555536,,
,,,,,,,,157.2549189814811,83.05208333333314,,
,,,,,,,,157.22048611111074,82.53559027777759,,
,,,,,,,,157.22048611111074,82.12239583333314,,
,,,,,,,,157.22048611111074,81.7092013888887,,
,,,,,,,,157.22048611111074,81.34765624999982,,
,,,,,,,,157.2549189814811,65.07812499999984,,
,,,,,,,,157.22048611111074,64.5616319444443,,
,,,,,,,,157.22048611111074,64.14843749999986,,
,,,,,,,,157.22048611111074,63.73524305555541,,
,,,,,,,,157.22048611111074,63.322048611110965,,
,,,,,,,,157.11718749999963,63.115451388888744,,
,,,,,,,,157.42708333333297,83.6718749999998,,
,,,,,,,,157.42708333333297,72.82552083333316,,
,,,,,,,,157.42708333333297,72.41232638888872,,
,,,,,,,,157.42708333333297,71.99913194444427,,
,,,,,,,,157.42708333333297,71.58593749999983,,
,,,,,,,,157.42708333333297,71.17274305555539,,
,,,,,,,,157.42708333333297,70.75954861111094,,
,,,,,,,,157.42708333333297,70.3463541666665,,
,,,,,,,,157.42708333333297,69.93315972222206,,
,,,,,,,,157.42708333333297,69.51996527777762,,
,,,,,,,,157.42708333333297,69.10677083333317,,
,,,,,,,,157.32378472222186,68.90017361111096,,
,,,,,,,,157.42708333333297,66.93749999999984,,
,,,,,,,,157.42708333333297,66.5243055555554,,
,,,,,,,,157.42708333333297,66.11111111111096,,
,,,,,,,,157.42708333333297,65.69791666666652,,
,,,,,,,,157.6336805555552,84.91145833333313,,
,,,,,,,,157.6336805555552,84.49826388888869,,
,,,,,,,,157.6336805555552,84.08506944444424,,
,,,,,,,,157.6336805555552,83.25868055555536,,
,,,,,,,,157.6336805555552,82.84548611111092,,
,,,,,,,,157.6336805555552,82.43229166666647,,
,,,,,,,,157.6336805555552,82.01909722222203,,
,,,,,,,,157.6336805555552,81.60590277777759,,
,,,,,,,,157.6336805555552,81.2443576388887,,
,,,,,,,,157.66811342592555,68.59027777777762,,
,,,,,,,,157.6336805555552,68.07378472222206,,
,,,,,,,,157.6336805555552,67.66059027777762,,
,,,,,,,,157.6336805555552,67.24739583333317,,
,,,,,,,,157.66811342592555,65.28472222222207,,
,,,,,,,,157.6336805555552,64.76822916666652,,
,,,,,,,,157.6336805555552,64.35503472222207,,
,,,,,,,,157.6336805555552,63.94184027777763,,
,,,,,,,,157.6336805555552,63.52864583333319,,
,,,,,,,,157.6336805555552,63.1671006944443,,
,,,,,,,,157.8402777777774,83.6718749999998,,
,,,,,,,,157.8402777777774,72.41232638888872,,
,,,,,,,,157.8402777777774,71.99913194444427,,
,,,,,,,,157.8402777777774,71.58593749999983,,
,,,,,,,,157.8402777777774,71.17274305555539,,
,,,,,,,,157.8402777777774,70.75954861111094,,
,,,,,,,,157.7369791666663,70.44965277777762,,
,,,,,,,,157.7369791666663,70.13975694444429,,
,,,,,,,,157.87471064814778,69.21006944444429,,
,,,,,,,,157.87471064814778,66.73090277777763,,
,,,,,,,,157.8402777777774,66.21440972222207,,
,,,,,,,,157.8402777777774,65.80121527777763,,
,,,,,,,,158.04687499999963,84.91145833333313,,
,,,,,,,,158.04687499999963,84.49826388888869,,
,,,,,,,,158.04687499999963,84.08506944444424,,
,,,,,,,,158.04687499999963,83.25868055555536,,
,,,,,,,,158.04687499999963,82.84548611111092,,
,,,,,,,,158.04687499999963,82.43229166666647,,
,,,,,,,,158.04687499999963,82.01909722222203,,
,,,,,,,,158.04687499999963,81.60590277777759,,
,,,,,,,,158.04687499999963,81.29600694444426,,
,,,,,,,,158.04687499999963,68.59027777777762,,
,,,,,,,,158.04687499999963,68.17708333333317,,
,,,,,,,,158.04687499999963,67.76388888888873,,
,,,,,,,,158.04687499999963,67.35069444444429,,
,,,,,,,,158.04687499999963,65.28472222222207,,
,,,,,,,,158.04687499999963,64.87152777777763,,
,,,,,,,,158.04687499999963,64.45833333333319,,
,,,,,,,,158.04687499999963,64.04513888888874,,
,,,,,,,,158.04687499999963,63.631944444444294,,
,,,,,,,,158.04687499999963,63.21874999999985,,
,,,,,,,,158.25347222222186,83.6718749999998,,
,,,,,,,,158.2879050925922,72.51562499999983,,
,,,,,,,,158.25347222222186,71.99913194444427,,
,,,,,,,,158.25347222222186,71.58593749999983,,
,,,,,,,,158.25347222222186,71.17274305555539,,
,,,,,,,,158.25347222222186,70.75954861111094,,
,,,,,,,,158.15017361111074,70.55295138888873,,
,,,,,,,,158.25347222222186,69.57161458333317,,
,,,,,,,,158.2879050925922,69.00347222222206,,
,,,,,,,,158.2879050925922,66.93749999999984,,
,,,,,,,,158.25347222222186,66.42100694444429,,
,,,,,,,,158.25347222222186,66.00781249999984,,
,,,,,,,,158.25347222222186,65.5946180555554,,
,,,,,,,,158.4600694444441,84.80815972222203,,
,,,,,,,,158.4600694444441,84.39496527777759,,
,,,,,,,,158.4600694444441,83.98177083333314,,
,,,,,,,,158.49450231481444,83.25868055555536,,
,,,,,,,,158.4600694444441,82.7421874999998,,
,,,,,,,,158.4600694444441,82.32899305555536,,
,,,,,,,,158.4600694444441,81.91579861111092,,
,,,,,,,,158.4600694444441,81.50260416666647,,
,,,,,,,,158.35677083333297,81.29600694444426,,
,,,,,,,,158.4600694444441,70.24305555555539,,
,,,,,,,,158.49450231481444,68.3836805555554,,
,,,,,,,,158.4600694444441,67.86718749999984,,
,,,,,,,,158.4600694444441,67.4539930555554,,
,,,,,,,,158.49450231481444,65.07812499999984,,
,,,,,,,,158.4600694444441,64.5616319444443,,
,,,,,,,,158.4600694444441,64.14843749999986,,
,,,,,,,,158.4600694444441,63.73524305555541,,
,,,,,,,,158.4600694444441,63.37369791666652,,
,,,,,,,,158.5633680555552,72.72222222222206,,
,,,,,,,,158.5633680555552,72.30902777777762,,
,,,,,,,,158.5633680555552,71.89583333333317,,
,,,,,,,,158.5633680555552,71.48263888888873,,
,,,,,,,,158.5633680555552,71.06944444444429,,
,,,,,,,,158.5633680555552,70.65624999999983,,
,,,,,,,,158.6666666666663,69.3133680555554,,
,,,,,,,,158.6666666666663,68.90017361111096,,
,,,,,,,,158.70109953703667,66.93749999999984,,
,,,,,,,,158.6666666666663,66.42100694444429,,
,,,,,,,,158.6666666666663,66.00781249999984,,
,,,,,,,,158.6666666666663,65.5946180555554,,
,,,,,,,,158.87326388888852,84.91145833333313,,
,,,,,,,,158.87326388888852,84.49826388888869,,
,,,,,,,,158.87326388888852,84.08506944444424,,
,,,,,,,,158.87326388888852,83.6718749999998,,
,,,,,,,,158.87326388888852,83.25868055555536,,
,,,,,,,,158.87326388888852,82.84548611111092,,
,,,,,,,,158.87326388888852,82.43229166666647,,
,,,,,,,,158.87326388888852,82.01909722222203,,
,,,,,,,,158.87326388888852,81.60590277777759,,
,,,,,,,,158.87326388888852,68.3836805555554,,
,,,,,,,,158.87326388888852,67.97048611111096,,
,,,,,,,,158.87326388888852,67.55729166666652,,
,,,,,,,,158.87326388888852,65.07812499999984,,
,,,,,,,,158.87326388888852,64.6649305555554,,
,,,,,,,,158.87326388888852,64.25173611111096,,
,,,,,,,,158.87326388888852,63.838541666666515,,
,,,,,,,,158.87326388888852,63.42534722222207,,
,,,,,,,,158.87326388888852,63.115451388888744,,
,,,,,,,,159.07986111111074,69.10677083333317,,
,,,,,,,,159.07986111111074,68.69357638888873,,
,,,,,,,,159.1142939814811,67.14409722222207,,
,,,,,,,,159.07986111111074,66.62760416666652,,
,,,,,,,,159.07986111111074,66.21440972222207,,
,,,,,,,,159.07986111111074,65.80121527777763,,
,,,,,,,,159.07986111111074,65.38802083333319,,
,,,,,,,,159.28645833333297,84.91145833333313,,
,,,,,,,,159.28645833333297,84.49826388888869,,
,,,,,,,,159.28645833333297,84.08506944444424,,
,,,,,,,,159.28645833333297,83.6718749999998,,
,,,,,,,,159.28645833333297,83.25868055555536,,
,,,,,,,,159.28645833333297,82.84548611111092,,
,,,,,,,,159.28645833333297,82.43229166666647,,
,,,,,,,,159.28645833333297,82.01909722222203,,
,,,,,,,,159.28645833333297,81.7092013888887,,
,,,,,,,,159.32089120370333,68.17708333333317,,
,,,,,,,,159.28645833333297,67.66059027777762,,
,,,,,,,,159.32089120370333,64.87152777777763,,
,,,,,,,,159.28645833333297,64.35503472222207,,
,,,,,,,,159.28645833333297,63.94184027777763,,
,,,,,,,,159.28645833333297,63.52864583333319,,
,,,,,,,,159.28645833333297,63.1671006944443,,
,,,,,,,,159.3897569444441,68.79687499999984,,
,,,,,,,,159.49305555555517,67.14409722222207,,
,,,,,,,,159.49305555555517,66.73090277777763,,
,,,,,,,,159.49305555555517,66.31770833333319,,
,,,,,,,,159.49305555555517,65.90451388888873,,
,,,,,,,,159.49305555555517,65.49131944444429,,
,,,,,,,,159.73408564814778,84.91145833333313,,
,,,,,,,,159.6996527777774,84.39496527777759,,
,,,,,,,,159.6996527777774,83.98177083333314,,
,,,,,,,,159.6996527777774,83.5685763888887,,
,,,,,,,,159.6996527777774,83.15538194444426,,
,,,,,,,,159.6996527777774,82.79383680555536,,
,,,,,,,,159.5963541666663,82.43229166666647,,
,,,,,,,,159.5963541666663,81.91579861111092,,
,,,,,,,,159.5963541666663,68.3836805555554,,
,,,,,,,,159.5963541666663,67.97048611111096,,
,,,,,,,,159.6996527777774,67.4539930555554,,
,,,,,,,,159.73408564814778,65.07812499999984,,
,,,,,,,,159.6996527777774,64.5616319444443,,
,,,,,,,,159.6996527777774,64.14843749999986,,
,,,,,,,,159.6996527777774,63.73524305555541,,
,,,,,,,,159.6996527777774,63.322048611110965,,
,,,,,,,,159.6996527777774,62.90885416666652,,
,,,,,,,,159.90624999999963,88.99175347222202,,
,,,,,,,,159.94068287036998,88.4236111111109,,
,,,,,,,,159.90624999999963,87.90711805555536,,
,,,,,,,,159.90624999999963,87.4939236111109,,
,,,,,,,,159.90624999999963,87.08072916666646,,
,,,,,,,,159.90624999999963,86.66753472222202,,
,,,,,,,,159.90624999999963,86.25434027777757,,
,,,,,,,,159.90624999999963,85.84114583333313,,
,,,,,,,,159.90624999999963,66.93749999999984,,
,,,,,,,,159.90624999999963,66.5243055555554,,
,,,,,,,,159.90624999999963,66.11111111111096,,
,,,,,,,,159.90624999999963,65.69791666666652,,
,,,,,,,,159.90624999999963,62.392361111110965,,
,,,,,,,,159.90624999999963,62.03081597222208,,
,,,,,,,,159.90624999999963,61.56597222222208,,
,,,,,,,,160.11284722222186,85.32465277777759,,
,,,,,,,,160.11284722222186,84.91145833333313,,
,,,,,,,,160.11284722222186,84.49826388888869,,
,,,,,,,,160.11284722222186,84.08506944444424,,
,,,,,,,,160.11284722222186,83.6718749999998,,
,,,,,,,,160.11284722222186,83.25868055555536,,
,,,,,,,,160.00954861111074,82.94878472222203,,
,,,,,,,,160.11284722222186,67.35069444444429,,
,,,,,,,,160.11284722222186,65.28472222222207,,
,,,,,,,,160.11284722222186,64.87152777777763,,
,,,,,,,,160.11284722222186,64.45833333333319,,
,,,,,,,,160.11284722222186,64.04513888888874,,
,,,,,,,,160.11284722222186,63.631944444444294,,
,,,,,,,,160.11284722222186,63.21874999999985,,
,,,,,,,,160.11284722222186,62.80555555555541,,
,,,,,,,,160.11284722222186,61.256076388888744,,
,,,,,,,,160.31944444444406,88.94010416666646,,
,,,,,,,,160.31944444444406,88.52690972222202,,
,,,,,,,,160.31944444444406,88.11371527777757,,
,,,,,,,,160.31944444444406,87.70052083333313,,
,,,,,,,,160.31944444444406,87.28732638888869,,
,,,,,,,,160.31944444444406,86.87413194444424,,
,,,,,,,,160.31944444444406,86.4609374999998,,
,,,,,,,,160.31944444444406,86.04774305555536,,
,,,,,,,,160.31944444444406,85.63454861111092,,
,,,,,,,,160.31944444444406,66.93749999999984,,
,,,,,,,,160.31944444444406,66.5243055555554,,
,,,,,,,,160.31944444444406,66.11111111111096,,
,,,,,,,,160.31944444444406,65.69791666666652,,
,,,,,,,,160.31944444444406,62.392361111110965,,
,,,,,,,,160.21614583333297,61.97916666666652,,
,,,,,,,,160.31944444444406,61.56597222222208,,
,,,,,,,,160.5260416666663,85.11805555555536,,
,,,,,,,,160.5260416666663,84.70486111111092,,
,,,,,,,,160.5260416666663,84.29166666666647,,
,,,,,,,,160.5260416666663,83.87847222222203,,
,,,,,,,,160.5260416666663,83.46527777777759,,
,,,,,,,,160.5260416666663,83.15538194444426,,
,,,,,,,,160.5260416666663,68.17708333333317,,
,,,,,,,,160.5260416666663,67.76388888888873,,
,,,,,,,,160.5260416666663,67.35069444444429,,
,,,,,,,,160.5260416666663,65.28472222222207,,
,,,,,,,,160.5260416666663,64.87152777777763,,
,,,,,,,,160.5260416666663,64.45833333333319,,
,,,,,,,,160.5260416666663,64.04513888888874,,
,,,,,,,,160.5260416666663,63.631944444444294,,
,,,,,,,,160.5260416666663,63.21874999999985,,
,,,,,,,,160.5260416666663,62.80555555555541,,
,,,,,,,,160.73263888888852,88.83680555555534,,
,,,,,,,,160.73263888888852,88.4236111111109,,
,,,,,,,,160.73263888888852,88.01041666666646,,
,,,,,,,,160.73263888888852,87.59722222222202,,
,,,,,,,,160.73263888888852,87.18402777777757,,
,,,,,,,,160.73263888888852,86.77083333333313,,
,,,,,,,,160.73263888888852,86.35763888888869,,
,,,,,,,,160.73263888888852,85.94444444444424,,
,,,,,,,,160.73263888888852,85.5312499999998,,
,,,,,,,,160.73263888888852,66.93749999999984,,
,,,,,,,,160.73263888888852,66.5243055555554,,
,,,,,,,,160.73263888888852,66.11111111111096,,
,,,,,,,,160.73263888888852,65.69791666666652,,
,,,,,,,,160.6293402777774,62.392361111110965,,
,,,,,,,,160.6293402777774,61.7725694444443,,
,,,,,,,,160.6293402777774,61.462673611110965,,
,,,,,,,,160.9736689814811,85.11805555555536,,
,,,,,,,,160.93923611111074,84.6015624999998,,
,,,,,,,,160.93923611111074,84.18836805555536,,
,,,,,,,,160.93923611111074,83.77517361111092,,
,,,,,,,,160.93923611111074,83.41362847222203,,
,,,,,,,,160.83593749999963,83.15538194444426,,
,,,,,,,,160.93923611111074,68.17708333333317,,
,,,,,,,,160.93923611111074,67.76388888888873,,
,,,,,,,,160.93923611111074,67.35069444444429,,
,,,,,,,,160.93923611111074,65.28472222222207,,
,,,,,,,,160.93923611111074,64.87152777777763,,
,,,,,,,,160.93923611111074,64.45833333333319,,
,,,,,,,,160.93923611111074,64.04513888888874,,
,,,,,,,,160.93923611111074,63.631944444444294,,
,,,,,,,,160.93923611111074,63.21874999999985,,
,,,,,,,,160.93923611111074,62.857204861110965,,
,,,,,,,,161.04253472222186,88.94010416666646,,
,,,,,,,,161.14583333333297,87.70052083333313,,
,,,,,,,,161.14583333333297,87.28732638888869,,
,,,,,,,,161.14583333333297,86.87413194444424,,
,,,,,,,,161.14583333333297,86.4609374999998,,
,,,,,,,,161.14583333333297,86.04774305555536,,
,,,,,,,,161.14583333333297,85.63454861111092,,
,,,,,,,,161.18026620370333,66.93749999999984,,
,,,,,,,,161.14583333333297,66.42100694444429,,
,,,,,,,,161.14583333333297,66.00781249999984,,
,,,,,,,,161.14583333333297,65.5946180555554,,
,,,,,,,,161.38686342592555,85.11805555555536,,
,,,,,,,,161.35243055555517,84.6015624999998,,
,,,,,,,,161.35243055555517,84.18836805555536,,
,,,,,,,,161.35243055555517,83.77517361111092,,
,,,,,,,,161.35243055555517,83.41362847222203,,
,,,,,,,,161.38686342592555,68.3836805555554,,
,,,,,,,,161.35243055555517,67.86718749999984,,
,,,,,,,,161.35243055555517,67.4539930555554,,
,,,,,,,,161.38686342592555,65.07812499999984,,
,,,,,,,,161.35243055555517,64.5616319444443,,
,,,,,,,,161.35243055555517,64.14843749999986,,
,,,,,,,,161.35243055555517,63.73524305555541,,
,,,,,,,,161.35243055555517,63.322048611110965,,
,,,,,,,,161.24913194444406,63.01215277777763,,
,,,,,,,,161.59346064814775,92.96874999999979,,
,,,,,,,,161.4557291666663,92.65885416666646,,
,,,,,,,,161.5590277777774,87.3906249999998,,
,,,,,,,,161.5590277777774,86.97743055555536,,
,,,,,,,,161.5590277777774,86.56423611111092,,
,,,,,,,,161.5590277777774,86.15104166666647,,
,,,,,,,,161.5590277777774,85.73784722222203,,
,,,,,,,,161.5590277777774,66.93749999999984,,
,,,,,,,,161.5590277777774,66.5243055555554,,
,,,,,,,,161.5590277777774,66.11111111111096,,
,,,,,,,,161.5590277777774,65.69791666666652,,
,,,,,,,,161.76562499999963,93.58854166666644,,
,,,,,,,,161.76562499999963,92.34895833333312,,
,,,,,,,,161.76562499999963,91.93576388888867,,
,,,,,,,,161.76562499999963,91.52256944444423,,
,,,,,,,,161.80005787036998,85.32465277777759,,
,,,,,,,,161.76562499999963,84.80815972222203,,
,,,,,,,,161.76562499999963,84.39496527777759,,
,,,,,,,,161.76562499999963,83.98177083333314,,
,,,,,,,,161.76562499999963,83.5685763888887,,
,,,,,,,,161.66232638888852,83.36197916666647,,
,,,,,,,,161.80005787036998,68.59027777777762,,
,,,,,,,,161.76562499999963,68.07378472222206,,
,,,,,,,,161.76562499999963,67.66059027777762,,
,,,,,,,,161.76562499999963,67.24739583333317,,
,,,,,,,,161.80005787036998,65.28472222222207,,
,,,,,,,,161.76562499999963,64.76822916666652,,
,,,,,,,,161.76562499999963,64.35503472222207,,
,,,,,,,,161.76562499999963,63.94184027777763,,
,,,,,,,,161.76562499999963,63.52864583333319,,
,,,,,,,,161.76562499999963,63.1671006944443,,
,,,,,,,,161.97222222222186,96.68749999999977,,
,,,,,,,,161.97222222222186,96.32595486111089,,
,,,,,,,,162.0066550925922,95.65451388888867,,
,,,,,,,,161.97222222222186,95.13802083333312,,
,,,,,,,,161.86892361111074,94.93142361111089,,
,,,,,,,,162.0066550925922,94.00173611111089,,
,,,,,,,,162.0066550925922,93.175347222222,,
,,,,,,,,161.97222222222186,92.65885416666646,,
,,,,,,,,161.97222222222186,87.18402777777757,,
,,,,,,,,161.97222222222186,86.77083333333313,,
,,,,,,,,161.97222222222186,86.35763888888869,,
,,,,,,,,161.97222222222186,85.94444444444424,,
,,,,,,,,161.97222222222186,69.26171874999984,,
,,,,,,,,161.97222222222186,66.73090277777763,,
,,,,,,,,161.97222222222186,66.31770833333319,,
,,,,,,,,161.97222222222186,65.90451388888873,,
,,,,,,,,162.17881944444406,97.10069444444422,,
,,,,,,,,162.17881944444406,94.62152777777756,,
,,,,,,,,162.17881944444406,92.1423611111109,,
,,,,,,,,162.17881944444406,91.72916666666646,,
,,,,,,,,162.17881944444406,91.36762152777757,,
,,,,,,,,162.17881944444406,85.5312499999998,,
,,,,,,,,162.17881944444406,85.11805555555536,,
,,,,,,,,162.17881944444406,84.70486111111092,,
,,,,,,,,162.17881944444406,84.29166666666647,,
,,,,,,,,162.17881944444406,83.87847222222203,,
,,,,,,,,162.17881944444406,83.46527777777759,,
,,,,,,,,162.17881944444406,68.79687499999984,,
,,,,,,,,162.17881944444406,68.3836805555554,,
,,,,,,,,162.17881944444406,67.97048611111096,,
,,,,,,,,162.17881944444406,67.55729166666652,,
,,,,,,,,162.17881944444406,67.14409722222207,,
,,,,,,,,162.21325231481444,65.28472222222207,,
,,,,,,,,162.17881944444406,64.76822916666652,,
,,,,,,,,162.07552083333294,64.5616319444443,,
,,,,,,,,162.21325231481444,64.04513888888874,,
,,,,,,,,162.17881944444406,63.52864583333319,,
,,,,,,,,162.17881944444406,63.1671006944443,,
,,,,,,,,162.3854166666663,96.68749999999977,,
,,,,,,,,162.3854166666663,96.27430555555533,,
,,,,,,,,162.3854166666663,95.86111111111089,,
,,,,,,,,162.3854166666663,95.44791666666644,,
,,,,,,,,162.3854166666663,95.034722222222,,
,,,,,,,,162.3854166666663,94.20833333333312,,
,,,,,,,,162.3854166666663,93.79513888888867,,
,,,,,,,,162.3854166666663,93.38194444444423,,
,,,,,,,,162.3854166666663,92.96874999999979,,
,,,,,,,,162.3854166666663,92.55555555555534,,
,,,,,,,,162.3854166666663,87.08072916666646,,
,,,,,,,,162.3854166666663,86.66753472222202,,
,,,,,,,,162.3854166666663,86.25434027777757,,
,,,,,,,,162.3854166666663,85.84114583333313,,
,,,,,,,,162.3854166666663,66.73090277777763,,
,,,,,,,,162.3854166666663,66.31770833333319,,
,,,,,,,,162.3854166666663,65.90451388888873,,
,,,,,,,,162.59201388888852,97.10069444444422,,
,,,,,,,,162.59201388888852,94.62152777777756,,
,,,,,,,,162.59201388888852,92.1423611111109,,
,,,,,,,,162.59201388888852,91.72916666666646,,
,,,,,,,,162.59201388888852,91.36762152777757,,
,,,,,,,,162.62644675925887,85.32465277777759,,
,,,,,,,,162.59201388888852,84.80815972222203,,
,,,,,,,,162.59201388888852,84.39496527777759,,
,,,,,,,,162.59201388888852,83.98177083333314,,
,,,,,,,,162.59201388888852,83.5685763888887,,
,,,,,,,,162.4887152777774,83.36197916666647,,
,,,,,,,,162.59201388888852,70.08810763888873,,
,,,,,,,,162.59201388888852,68.79687499999984,,
,,,,,,,,162.59201388888852,68.3836805555554,,
,,,,,,,,162.59201388888852,67.97048611111096,,
,,,,,,,,162.59201388888852,67.55729166666652,,
,,,,,,,,162.59201388888852,67.14409722222207,,
,,,,,,,,162.59201388888852,65.49131944444429,,
,,,,,,,,162.59201388888852,65.07812499999984,,
,,,,,,,,162.59201388888852,64.71657986111096,,
,,,,,,,,162.59201388888852,64.2000868055554,,
,,,,,,,,162.59201388888852,63.73524305555541,,
,,,,,,,,162.59201388888852,63.322048611110965,,
,,,,,,,,162.4887152777774,63.115451388888744,,
,,,,,,,,162.79861111111074,96.68749999999977,,
,,,,,,,,162.79861111111074,96.27430555555533,,
,,,,,,,,162.79861111111074,95.86111111111089,,
,,,,,,,,162.79861111111074,95.44791666666644,,
,,,,,,,,162.79861111111074,95.034722222222,,
,,,,,,,,162.79861111111074,94.20833333333312,,
,,,,,,,,162.79861111111074,93.79513888888867,,
,,,,,,,,162.79861111111074,93.38194444444423,,
,,,,,,,,162.79861111111074,92.96874999999979,,
,,,,,,,,162.79861111111074,92.55555555555534,,
,,,,,,,,162.79861111111074,87.18402777777757,,
,,,,,,,,162.79861111111074,86.77083333333313,,
,,,,,,,,162.79861111111074,86.35763888888869,,
,,,,,,,,162.79861111111074,85.94444444444424,,
,,,,,,,,162.79861111111074,66.73090277777763,,
,,,,,,,,162.79861111111074,66.31770833333319,,
,,,,,,,,162.79861111111074,65.90451388888873,,
,,,,,,,,163.00520833333294,97.10069444444422,,
,,,,,,,,163.00520833333294,94.62152777777756,,
,,,,,,,,163.03964120370333,92.1423611111109,,
,,,,,,,,163.00520833333294,91.6775173611109,,
,,,,,,,,162.90190972222183,91.41927083333312,,
,,,,,,,,163.00520833333294,85.5312499999998,,
,,,,,,,,163.00520833333294,85.11805555555536,,
,,,,,,,,163.00520833333294,84.70486111111092,,
,,,,,,,,163.00520833333294,84.29166666666647,,
,,,,,,,,163.00520833333294,83.87847222222203,,
,,,,,,,,163.00520833333294,83.5685763888887,,
,,,,,,,,162.90190972222183,70.13975694444429,,
,,,,,,,,163.00520833333294,68.79687499999984,,
,,,,,,,,163.00520833333294,68.3836805555554,,
,,,,,,,,163.00520833333294,67.97048611111096,,
,,,,,,,,163.00520833333294,67.55729166666652,,
,,,,,,,,163.00520833333294,67.14409722222207,,
,,,,,,,,163.00520833333294,65.49131944444429,,
,,,,,,,,163.00520833333294,65.07812499999984,,
,,,,,,,,163.00520833333294,64.71657986111096,,
,,,,,,,,163.00520833333294,64.30338541666652,,
,,,,,,,,162.90190972222183,63.631944444444294,,
,,,,,,,,162.90190972222183,63.322048611110965,,
,,,,,,,,163.21180555555517,96.68749999999977,,
,,,,,,,,163.21180555555517,96.27430555555533,,
,,,,,,,,163.21180555555517,95.86111111111089,,
,,,,,,,,163.21180555555517,95.44791666666644,,
,,,,,,,,163.21180555555517,95.034722222222,,
,,,,,,,,163.21180555555517,94.20833333333312,,
,,,,,,,,163.21180555555517,93.79513888888867,,
,,,,,,,,163.10850694444406,93.38194444444423,,
,,,,,,,,163.10850694444406,92.96874999999979,,
,,,,,,,,163.10850694444406,87.18402777777757,,
,,,,,,,,163.10850694444406,86.77083333333313,,
,,,,,,,,163.10850694444406,86.35763888888869,,
,,,,,,,,163.10850694444406,85.94444444444424,,
,,,,,,,,163.24623842592553,66.73090277777763,,
,,,,,,,,163.21180555555517,66.21440972222207,,
,,,,,,,,163.21180555555517,65.80121527777763,,
,,,,,,,,163.4184027777774,97.10069444444422,,
,,,,,,,,163.3151041666663,94.62152777777756,,
,,,,,,,,163.45283564814775,69.00347222222206,,
,,,,,,,,163.4184027777774,68.4869791666665,,
,,,,,,,,163.4184027777774,68.07378472222206,,
,,,,,,,,163.4184027777774,67.66059027777762,,
,,,,,,,,163.4184027777774,67.24739583333317,,
,,,,,,,,163.45283564814775,65.31915509259244,,
,,,,,,,,163.3151041666663,64.97482638888874,,
,,,,,,,,163.62499999999963,96.68749999999977,,
,,,,,,,,163.62499999999963,96.27430555555533,,
,,,,,,,,163.62499999999963,95.86111111111089,,
,,,,,,,,163.62499999999963,95.499565972222,,
,,,,,,,,163.52170138888852,95.13802083333312,,
,,,,,,,,163.65943287036998,66.73090277777763,,
,,,,,,,,163.62499999999963,66.21440972222207,,
,,,,,,,,163.62499999999963,65.80121527777763,,
,,,,,,,,163.83159722222183,97.10069444444422,,
,,,,,,,,163.83159722222183,69.00347222222206,,
,,,,,,,,163.83159722222183,68.59027777777762,,
,,,,,,,,163.83159722222183,68.17708333333317,,
,,,,,,,,163.83159722222183,67.76388888888873,,
,,,,,,,,163.83159722222183,67.35069444444429,,
,,,,,,,,163.83159722222183,65.28472222222207,,
,,,,,,,,163.83159722222183,64.97482638888874,,
,,,,,,,,164.03819444444406,96.68749999999977,,
,,,,,,,,164.03819444444406,96.27430555555533,,
,,,,,,,,164.03819444444406,95.86111111111089,,
,,,,,,,,163.93489583333294,95.55121527777756,,
,,,,,,,,164.03819444444406,72.30902777777762,,
,,,,,,,,164.03819444444406,71.89583333333317,,
,,,,,,,,164.03819444444406,66.93749999999984,,
,,,,,,,,164.03819444444406,66.5243055555554,,
,,,,,,,,164.03819444444406,66.11111111111096,,
,,,,,,,,164.03819444444406,65.69791666666652,,
,,,,,,,,164.2447916666663,97.10069444444422,,
,,,,,,,,164.2447916666663,71.48263888888873,,
,,,,,,,,164.2447916666663,71.17274305555539,,
,,,,,,,,164.2447916666663,68.90017361111096,,
,,,,,,,,164.2447916666663,68.4869791666665,,
,,,,,,,,164.2447916666663,68.07378472222206,,
,,,,,,,,164.2447916666663,67.66059027777762,,
,,,,,,,,164.2447916666663,67.24739583333317,,
,,,,,,,,164.2447916666663,65.43967013888874,,
,,,,,,,,164.45138888888852,96.68749999999977,,
,,,,,,,,164.45138888888852,96.27430555555533,,
,,,,,,,,164.45138888888852,95.86111111111089,,
,,,,,,,,164.45138888888852,72.30902777777762,,
,,,,,,,,164.45138888888852,71.89583333333317,,
,,,,,,,,164.45138888888852,66.73090277777763,,
,,,,,,,,164.45138888888852,66.31770833333319,,
,,,,,,,,164.45138888888852,65.90451388888873,,
,,,,,,,,164.65798611111072,97.10069444444422,,
,,,,,,,,164.65798611111072,95.55121527777756,,
,,,,,,,,164.65798611111072,71.37934027777762,,
,,,,,,,,164.55468749999963,71.17274305555539,,
,,,,,,,,164.65798611111072,68.79687499999984,,
,,,,,,,,164.65798611111072,68.3836805555554,,
,,,,,,,,164.65798611111072,67.97048611111096,,
,,,,,,,,164.65798611111072,67.55729166666652,,
,,,,,,,,164.65798611111072,67.14409722222207,,
,,,,,,,,164.65798611111072,65.49131944444429,,
,,,,,,,,164.86458333333294,96.68749999999977,,
,,,,,,,,164.86458333333294,96.27430555555533,,
,,,,,,,,164.86458333333294,95.86111111111089,,
,,,,,,,,164.86458333333294,72.30902777777762,,
,,,,,,,,164.86458333333294,71.89583333333317,,
,,,,,,,,164.86458333333294,69.21006944444429,,
,,,,,,,,164.86458333333294,66.73090277777763,,
,,,,,,,,164.86458333333294,66.31770833333319,,
,,,,,,,,164.86458333333294,65.90451388888873,,
,,,,,,,,165.07118055555517,97.10069444444422,,
,,,,,,,,165.07118055555517,95.55121527777756,,
,,,,,,,,165.07118055555517,71.48263888888873,,
,,,,,,,,165.07118055555517,71.12109374999983,,
,,,,,,,,165.10561342592553,68.79687499999984,,
,,,,,,,,165.07118055555517,68.28038194444429,,
,,,,,,,,165.07118055555517,67.86718749999984,,
,,,,,,,,165.07118055555517,67.4539930555554,,
,,,,,,,,165.07118055555517,67.04079861111096,,
,,,,,,,,165.10561342592553,65.52575231481467,,
,,,,,,,,165.1744791666663,96.68749999999977,,
,,,,,,,,165.1744791666663,96.27430555555533,,
,,,,,,,,165.1744791666663,95.86111111111089,,
,,,,,,,,165.2777777777774,72.30902777777762,,
,,,,,,,,165.2777777777774,71.89583333333317,,
,,,,,,,,165.2777777777774,70.70789930555539,,
,,,,,,,,165.2777777777774,69.4166666666665,,
,,,,,,,,165.2777777777774,66.5243055555554,,
,,,,,,,,165.2777777777774,66.11111111111096,,
,,,,,,,,165.51880787036998,97.13512731481458,,
,,,,,,,,165.4843749999996,72.72222222222206,,
,,,,,,,,165.4843749999996,71.48263888888873,,
,,,,,,,,165.4843749999996,71.06944444444429,,
,,,,,,,,165.4843749999996,70.24305555555539,,
,,,,,,,,165.4843749999996,69.82986111111094,,
,,,,,,,,165.4843749999996,69.00347222222206,,
,,,,,,,,165.4843749999996,68.59027777777762,,
,,,,,,,,165.4843749999996,68.17708333333317,,
,,,,,,,,165.4843749999996,67.76388888888873,,
,,,,,,,,165.4843749999996,67.35069444444429,,
,,,,,,,,165.4843749999996,66.93749999999984,,
,,,,,,,,165.4843749999996,65.69791666666652,,
,,,,,,,,165.4843749999996,65.38802083333319,,
,,,,,,,,165.69097222222183,72.30902777777762,,
,,,,,,,,165.69097222222183,71.89583333333317,,
,,,,,,,,165.69097222222183,70.65624999999983,,
,,,,,,,,165.69097222222183,69.4166666666665,,
,,,,,,,,165.69097222222183,66.5243055555554,,
,,,,,,,,165.69097222222183,66.11111111111096,,
,,,,,,,,165.79427083333294,97.20399305555533,,
,,,,,,,,165.9320023148144,72.72222222222206,,
,,,,,,,,165.9320023148144,71.48263888888873,,
,,,,,,,,165.89756944444406,70.96614583333317,,
,,,,,,,,165.9320023148144,70.24305555555539,,
,,,,,,,,165.89756944444406,69.72656249999984,,
,,,,,,,,165.9320023148144,69.00347222222206,,
,,,,,,,,165.89756944444406,68.4869791666665,,
,,,,,,,,165.89756944444406,68.07378472222206,,
,,,,,,,,165.89756944444406,67.66059027777762,,
,,,,,,,,165.89756944444406,67.24739583333317,,
,,,,,,,,165.89756944444406,66.83420138888873,,
,,,,,,,,165.9320023148144,65.69791666666652,,
,,,,,,,,165.79427083333294,65.38802083333319,,
,,,,,,,,166.13859953703664,104.5381944444442,,
,,,,,,,,166.1041666666663,104.02170138888864,,
,,,,,,,,166.1041666666663,103.45355902777754,,
,,,,,,,,166.1041666666663,103.0403645833331,,
,,,,,,,,166.13859953703664,100.40624999999977,,
,,,,,,,,166.13859953703664,97.9270833333331,,
,,,,,,,,166.1041666666663,97.51388888888866,,
,,,,,,,,166.1041666666663,72.10243055555539,,
,,,,,,,,166.1041666666663,66.31770833333319,,
,,,,,,,,166.31076388888852,105.15798611111087,,
,,,,,,,,166.31076388888852,102.6788194444442,,
,,,,,,,,166.31076388888852,102.26562499999976,,
,,,,,,,,166.31076388888852,101.85243055555532,,
,,,,,,,,166.31076388888852,101.43923611111087,,
,,,,,,,,166.31076388888852,101.02604166666643,,
,,,,,,,,166.31076388888852,99.7864583333331,,
,,,,,,,,166.31076388888852,99.37326388888866,,
,,,,,,,,166.31076388888852,98.96006944444422,,
,,,,,,,,166.31076388888852,98.54687499999977,,
,,,,,,,,166.31076388888852,72.92881944444427,,
,,,,,,,,166.31076388888852,72.51562499999983,,
,,,,,,,,166.31076388888852,71.68923611111094,,
,,,,,,,,166.31076388888852,71.2760416666665,,
,,,,,,,,166.31076388888852,70.86284722222206,,
,,,,,,,,166.31076388888852,70.44965277777762,,
,,,,,,,,166.31076388888852,70.03645833333317,,
,,,,,,,,166.31076388888852,69.62326388888873,,
,,,,,,,,166.31076388888852,69.21006944444429,,
,,,,,,,,166.31076388888852,68.79687499999984,,
,,,,,,,,166.31076388888852,68.3836805555554,,
,,,,,,,,166.31076388888852,67.97048611111096,,
,,,,,,,,166.31076388888852,67.55729166666652,,
,,,,,,,,166.31076388888852,67.14409722222207,,
,,,,,,,,166.31076388888852,66.73090277777763,,
,,,,,,,,166.31076388888852,65.90451388888873,,
,,,,,,,,166.31076388888852,65.49131944444429,,
,,,,,,,,166.31076388888852,65.18142361111096,,
,,,,,,,,166.5517939814811,104.74479166666643,,
,,,,,,,,166.51736111111072,104.22829861111087,,
,,,,,,,,166.51736111111072,103.81510416666643,,
,,,,,,,,166.51736111111072,103.40190972222199,,
,,,,,,,,166.51736111111072,102.98871527777754,,
,,,,,,,,166.5517939814811,100.61284722222199,,
,,,,,,,,166.51736111111072,100.09635416666643,,
,,,,,,,,166.5517939814811,98.13368055555533,,
,,,,,,,,166.51736111111072,97.72048611111089,,
,,,,,,,,166.51736111111072,72.10243055555539,,
,,,,,,,,166.51736111111072,66.31770833333319,,
,,,,,,,,166.72395833333294,102.47222222222199,,
,,,,,,,,166.72395833333294,102.05902777777754,,
,,,,,,,,166.72395833333294,101.6458333333331,,
,,,,,,,,166.72395833333294,101.23263888888866,,
,,,,,,,,166.72395833333294,99.57986111111089,,
,,,,,,,,166.72395833333294,99.16666666666643,,
,,,,,,,,166.72395833333294,98.75347222222199,,
,,,,,,,,166.72395833333294,72.87717013888872,,
,,,,,,,,166.72395833333294,72.41232638888872,,
,,,,,,,,166.7583912037033,71.68923611111094,,
,,,,,,,,166.72395833333294,71.17274305555539,,
,,,,,,,,166.72395833333294,70.75954861111094,,
,,,,,,,,166.72395833333294,70.3463541666665,,
,,,,,,,,166.72395833333294,69.93315972222206,,
,,,,,,,,166.72395833333294,69.51996527777762,,
,,,,,,,,166.72395833333294,69.10677083333317,,
,,,,,,,,166.72395833333294,68.69357638888873,,
,,,,,,,,166.72395833333294,68.28038194444429,,
,,,,,,,,166.72395833333294,67.86718749999984,,
,,,,,,,,166.72395833333294,67.4539930555554,,
,,,,,,,,166.72395833333294,67.04079861111096,,
,,,,,,,,166.72395833333294,66.62760416666652,,
,,,,,,,,166.7583912037033,65.90451388888873,,
,,,,,,,,166.72395833333294,65.38802083333319,,
,,,,,,,,166.72395833333294,65.02647569444429,,
,,,,,,,,166.82725694444406,103.71180555555532,,
,,,,,,,,166.82725694444406,103.29861111111087,,
,,,,,,,,166.82725694444406,102.88541666666643,,
,,,,,,,,166.93055555555517,100.81944444444422,,
,,,,,,,,166.93055555555517,100.40624999999977,,
,,,,,,,,166.93055555555517,99.99305555555533,,
,,,,,,,,166.93055555555517,98.34027777777754,,
,,,,,,,,166.93055555555517,97.9270833333331,,
,,,,,,,,167.0338541666663,101.6458333333331,,
,,,,,,,,167.0338541666663,101.23263888888866,,
,,,,,,,,167.17158564814775,99.57986111111089,,
,,,,,,,,167.1371527777774,99.06336805555533,,
,,,,,,,,167.1371527777774,98.65017361111089,,
,,,,,,,,167.17158564814775,72.72222222222206,,
,,,,,,,,167.1371527777774,72.2057291666665,,
,,,,,,,,167.1371527777774,71.79253472222206,,
,,,,,,,,167.1371527777774,71.37934027777762,,
,,,,,,,,167.1371527777774,70.96614583333317,,
,,,,,,,,167.1371527777774,70.55295138888873,,
,,,,,,,,167.1371527777774,70.13975694444429,,
,,,,,,,,167.1371527777774,69.72656249999984,,
,,,,,,,,167.1371527777774,69.3133680555554,,
,,,,,,,,167.1371527777774,68.90017361111096,,
,,,,,,,,167.1371527777774,68.4869791666665,,
,,,,,,,,167.1371527777774,68.07378472222206,,
,,,,,,,,167.1371527777774,67.66059027777762,,
,,,,,,,,167.1371527777774,67.24739583333317,,
,,,,,,,,167.1371527777774,66.83420138888873,,
,,,,,,,,167.1371527777774,66.42100694444429,,
,,,,,,,,167.1371527777774,66.00781249999984,,
,,,,,,,,167.1371527777774,65.5946180555554,,
,,,,,,,,167.1371527777774,65.18142361111096,,
,,,,,,,,167.2404513888885,100.19965277777754,,
,,,,,,,,167.2404513888885,98.13368055555533,,
,,,,,,,,167.58478009259218,74.58159722222204,,
,,,,,,,,167.55034722222183,74.0651041666665,,
,,,,,,,,167.55034722222183,73.65190972222206,,
,,,,,,,,167.55034722222183,73.2387152777776,,
,,,,,,,,167.55034722222183,72.82552083333316,,
,,,,,,,,167.55034722222183,72.41232638888872,,
,,,,,,,,167.55034722222183,71.99913194444427,,
,,,,,,,,167.55034722222183,71.58593749999983,,
,,,,,,,,167.55034722222183,71.17274305555539,,
,,,,,,,,167.55034722222183,70.75954861111094,,
,,,,,,,,167.55034722222183,70.3463541666665,,
,,,,,,,,167.55034722222183,69.93315972222206,,
,,,,,,,,167.55034722222183,69.51996527777762,,
,,,,,,,,167.55034722222183,69.10677083333317,,
,,,,,,,,167.55034722222183,68.69357638888873,,
,,,,,,,,167.55034722222183,68.28038194444429,,
,,,,,,,,167.55034722222183,67.86718749999984,,
,,,,,,,,167.55034722222183,67.4539930555554,,
,,,,,,,,167.55034722222183,67.04079861111096,,
,,,,,,,,167.55034722222183,66.62760416666652,,
,,,,,,,,167.55034722222183,66.21440972222207,,
,,,,,,,,167.44704861111072,66.00781249999984,,
,,,,,,,,167.58478009259218,65.49131944444429,,
,,,,,,,,167.55034722222183,65.02647569444429,,
,,,,,,,,167.9635416666663,74.78819444444427,,
,,,,,,,,167.9635416666663,74.37499999999983,,
,,,,,,,,167.9635416666663,73.96180555555539,,
,,,,,,,,167.9635416666663,73.54861111111094,,
,,,,,,,,167.9635416666663,73.1354166666665,,
,,,,,,,,167.9635416666663,72.72222222222206,,
,,,,,,,,167.9635416666663,72.30902777777762,,
,,,,,,,,167.9635416666663,71.89583333333317,,
,,,,,,,,167.9635416666663,71.48263888888873,,
,,,,,,,,167.9635416666663,71.06944444444429,,
,,,,,,,,167.9635416666663,70.65624999999983,,
,,,,,,,,167.9635416666663,70.24305555555539,,
,,,,,,,,167.9635416666663,69.82986111111094,,
,,,,,,,,167.9635416666663,69.4166666666665,,
,,,,,,,,167.9635416666663,69.00347222222206,,
,,,,,,,,167.9635416666663,68.59027777777762,,
,,,,,,,,167.9635416666663,68.17708333333317,,
,,,,,,,,167.9635416666663,67.76388888888873,,
,,,,,,,,167.9635416666663,67.35069444444429,,
,,,,,,,,167.9635416666663,66.93749999999984,,
,,,,,,,,167.9635416666663,66.5243055555554,,
,,,,,,,,167.9635416666663,66.11111111111096,,
,,,,,,,,167.9635416666663,65.69791666666652,,
,,,,,,,,167.9635416666663,65.28472222222207,,
,,,,,,,,167.9635416666663,64.92317708333319,,
,,,,,,,,168.1701388888885,64.45833333333319,,
,,,,,,,,168.1701388888885,64.04513888888874,,
,,,,,,,,168.1701388888885,63.631944444444294,,
,,,,,,,,168.1701388888885,63.21874999999985,,
,,,,,,,,168.1701388888885,55.98784722222209,,
,,,,,,,,168.1701388888885,55.57465277777765,,
,,,,,,,,168.1701388888885,55.10980902777765,,
,,,,,,,,168.37673611111072,74.78819444444427,,
,,,,,,,,168.37673611111072,74.37499999999983,,
,,,,,,,,168.37673611111072,73.96180555555539,,
,,,,,,,,168.37673611111072,73.54861111111094,,
,,,,,,,,168.37673611111072,73.1354166666665,,
,,,,,,,,168.37673611111072,72.72222222222206,,
,,,,,,,,168.37673611111072,72.30902777777762,,
,,,,,,,,168.37673611111072,71.89583333333317,,
,,,,,,,,168.37673611111072,71.48263888888873,,
,,,,,,,,168.37673611111072,71.06944444444429,,
,,,,,,,,168.37673611111072,70.65624999999983,,
,,,,,,,,168.37673611111072,70.24305555555539,,
,,,,,,,,168.37673611111072,69.82986111111094,,
,,,,,,,,168.37673611111072,69.4166666666665,,
,,,,,,,,168.37673611111072,69.00347222222206,,
,,,,,,,,168.37673611111072,68.59027777777762,,
,,,,,,,,168.37673611111072,68.17708333333317,,
,,,,,,,,168.37673611111072,67.76388888888873,,
,,,,,,,,168.37673611111072,67.35069444444429,,
,,,,,,,,168.37673611111072,66.93749999999984,,
,,,,,,,,168.37673611111072,66.5243055555554,,
,,,,,,,,168.37673611111072,66.11111111111096,,
,,,,,,,,168.37673611111072,65.69791666666652,,
,,,,,,,,168.37673611111072,65.28472222222207,,
,,,,,,,,168.37673611111072,64.87152777777763,,
,,,,,,,,168.6177662037033,96.10214120370347,,
,,,,,,,,168.58333333333294,64.45833333333319,,
,,,,,,,,168.58333333333294,64.04513888888874,,
,,,,,,,,168.58333333333294,63.631944444444294,,
,,,,,,,,168.58333333333294,63.21874999999985,,
,,,,,,,,168.58333333333294,55.98784722222209,,
,,,,,,,,168.58333333333294,55.57465277777765,,
,,,,,,,,168.58333333333294,55.16145833333321,,
,,,,,,,,168.48003472222183,54.85156249999987,,
,,,,,,,,168.78993055555517,96.68749999999977,,
,,,,,,,,168.78993055555517,74.78819444444427,,
,,,,,,,,168.78993055555517,74.37499999999983,,
,,,,,,,,168.78993055555517,73.96180555555539,,
,,,,,,,,168.78993055555517,73.54861111111094,,
,,,,,,,,168.78993055555517,73.1354166666665,,
,,,,,,,,168.78993055555517,72.72222222222206,,
,,,,,,,,168.78993055555517,72.30902777777762,,
,,,,,,,,168.78993055555517,71.89583333333317,,
,,,,,,,,168.78993055555517,71.48263888888873,,
,,,,,,,,168.78993055555517,71.06944444444429,,
,,,,,,,,168.78993055555517,70.65624999999983,,
,,,,,,,,168.78993055555517,70.24305555555539,,
,,,,,,,,168.78993055555517,69.82986111111094,,
,,,,,,,,168.78993055555517,69.4166666666665,,
,,,,,,,,168.78993055555517,69.00347222222206,,
,,,,,,,,168.78993055555517,68.59027777777762,,
,,,,,,,,168.78993055555517,68.17708333333317,,
,,,,,,,,168.78993055555517,67.76388888888873,,
,,,,,,,,168.78993055555517,67.35069444444429,,
,,,,,,,,168.78993055555517,66.93749999999984,,
,,,,,,,,168.78993055555517,66.5243055555554,,
,,,,,,,,168.78993055555517,66.11111111111096,,
,,,,,,,,168.78993055555517,65.69791666666652,,
,,,,,,,,168.78993055555517,65.28472222222207,,
,,,,,,,,168.78993055555517,64.87152777777763,,
,,,,,,,,168.8932291666663,96.27430555555533,,
,,,,,,,,169.03096064814775,64.45833333333319,,
,,,,,,,,168.99652777777737,63.94184027777763,,
,,,,,,,,168.99652777777737,63.52864583333319,,
,,,,,,,,168.99652777777737,63.1671006944443,,
,,,,,,,,168.99652777777737,55.98784722222209,,
,,,,,,,,168.99652777777737,55.57465277777765,,
,,,,,,,,168.99652777777737,55.16145833333321,,
,,,,,,,,169.2031249999996,74.99479166666649,,
,,,,,,,,169.2031249999996,74.58159722222204,,
,,,,,,,,169.2031249999996,74.1684027777776,,
,,,,,,,,169.2031249999996,73.75520833333316,,
,,,,,,,,169.2031249999996,73.34201388888872,,
,,,,,,,,169.2031249999996,72.92881944444427,,
,,,,,,,,169.2031249999996,72.51562499999983,,
,,,,,,,,169.2031249999996,72.10243055555539,,
,,,,,,,,169.2031249999996,71.68923611111094,,
,,,,,,,,169.2031249999996,71.2760416666665,,
,,,,,,,,169.2031249999996,70.86284722222206,,
,,,,,,,,169.2031249999996,70.44965277777762,,
,,,,,,,,169.2031249999996,70.03645833333317,,
,,,,,,,,169.2031249999996,69.62326388888873,,
,,,,,,,,169.2031249999996,69.21006944444429,,
,,,,,,,,169.2031249999996,68.79687499999984,,
,,,,,,,,169.2031249999996,68.3836805555554,,
,,,,,,,,169.2031249999996,67.97048611111096,,
,,,,,,,,169.2031249999996,67.55729166666652,,
,,,,,,,,169.2031249999996,67.14409722222207,,
,,,,,,,,169.2031249999996,66.73090277777763,,
,,,,,,,,169.2031249999996,66.31770833333319,,
,,,,,,,,169.2031249999996,65.90451388888873,,
,,,,,,,,169.2031249999996,65.49131944444429,,
,,,,,,,,169.2031249999996,65.07812499999984,,
,,,,,,,,169.40972222222183,64.6649305555554,,
,,,,,,,,169.40972222222183,64.25173611111096,,
,,,,,,,,169.40972222222183,63.838541666666515,,
,,,,,,,,169.40972222222183,63.42534722222207,,
,,,,,,,,169.40972222222183,63.115451388888744,,
,,,,,,,,169.40972222222183,55.98784722222209,,
,,,,,,,,169.40972222222183,55.57465277777765,,
,,,,,,,,169.40972222222183,55.16145833333321,,
,,,,,,,,169.61631944444406,75.40798611111093,,
,,,,,,,,169.61631944444406,74.99479166666649,,
,,,,,,,,169.61631944444406,74.58159722222204,,
,,,,,,,,169.61631944444406,74.1684027777776,,
,,,,,,,,169.61631944444406,73.75520833333316,,
,,,,,,,,169.61631944444406,73.34201388888872,,
,,,,,,,,169.61631944444406,72.92881944444427,,
,,,,,,,,169.61631944444406,72.51562499999983,,
,,,,,,,,169.61631944444406,72.10243055555539,,
,,,,,,,,169.61631944444406,71.68923611111094,,
,,,,,,,,169.61631944444406,71.2760416666665,,
,,,,,,,,169.61631944444406,70.86284722222206,,
,,,,,,,,169.61631944444406,70.44965277777762,,
,,,,,,,,169.61631944444406,70.03645833333317,,
,,,,,,,,169.61631944444406,69.62326388888873,,
,,,,,,,,169.61631944444406,69.21006944444429,,
,,,,,,,,169.61631944444406,68.79687499999984,,
,,,,,,,,169.61631944444406,68.3836805555554,,
,,,,,,,,169.61631944444406,67.97048611111096,,
,,,,,,,,169.61631944444406,67.55729166666652,,
,,,,,,,,169.61631944444406,67.14409722222207,,
,,,,,,,,169.61631944444406,66.73090277777763,,
,,,,,,,,169.61631944444406,66.31770833333319,,
,,,,,,,,169.61631944444406,65.90451388888873,,
,,,,,,,,169.61631944444406,65.49131944444429,,
,,,,,,,,169.61631944444406,65.07812499999984,,
,,,,,,,,169.82291666666626,76.64756944444427,,
,,,,,,,,169.82291666666626,76.23437499999983,,
,,,,,,,,169.82291666666626,75.82118055555539,,
,,,,,,,,169.85734953703664,64.6649305555554,,
,,,,,,,,169.82291666666626,64.14843749999986,,
,,,,,,,,169.82291666666626,63.73524305555541,,
,,,,,,,,169.82291666666626,63.322048611110965,,
,,,,,,,,169.71961805555517,63.115451388888744,,
,,,,,,,,169.85734953703664,55.98784722222209,,
,,,,,,,,169.82291666666626,55.471354166666536,,
,,,,,,,,169.82291666666626,55.10980902777765,,
,,,,,,,,170.06394675925887,75.40798611111093,,
,,,,,,,,170.0295138888885,74.89149305555539,,
,,,,,,,,170.0295138888885,74.47829861111094,,
,,,,,,,,170.0295138888885,74.0651041666665,,
,,,,,,,,170.0295138888885,73.65190972222206,,
,,,,,,,,170.0295138888885,73.2387152777776,,
,,,,,,,,170.0295138888885,72.82552083333316,,
,,,,,,,,170.0295138888885,72.41232638888872,,
,,,,,,,,170.0295138888885,71.99913194444427,,
,,,,,,,,170.0295138888885,71.58593749999983,,
,,,,,,,,170.0295138888885,71.17274305555539,,
,,,,,,,,170.0295138888885,70.75954861111094,,
,,,,,,,,170.0295138888885,70.3463541666665,,
,,,,,,,,170.0295138888885,69.93315972222206,,
,,,,,,,,170.0295138888885,69.57161458333317,,
,,,,,,,,170.0295138888885,69.00347222222206,,
,,,,,,,,170.0295138888885,68.59027777777762,,
,,,,,,,,170.0295138888885,68.17708333333317,,
,,,,,,,,170.0295138888885,67.76388888888873,,
,,,,,,,,170.0295138888885,67.35069444444429,,
,,,,,,,,170.0295138888885,66.93749999999984,,
,,,,,,,,170.0295138888885,66.5243055555554,,
,,,,,,,,170.0295138888885,66.11111111111096,,
,,,,,,,,170.0295138888885,65.69791666666652,,
,,,,,,,,170.0295138888885,65.28472222222207,,
,,,,,,,,170.23611111111072,76.85416666666649,,
,,,,,,,,170.23611111111072,76.44097222222204,,
,,,,,,,,170.23611111111072,76.0277777777776,,
,,,,,,,,170.23611111111072,64.87152777777763,,
,,,,,,,,170.23611111111072,64.45833333333319,,
,,,,,,,,170.23611111111072,64.04513888888874,,
,,,,,,,,170.23611111111072,63.631944444444294,,
,,,,,,,,170.23611111111072,63.21874999999985,,
,,,,,,,,170.23611111111072,62.80555555555541,,
,,,,,,,,170.23611111111072,62.392361111110965,,
,,,,,,,,170.23611111111072,61.97916666666652,,
,,,,,,,,170.23611111111072,61.56597222222208,,
,,,,,,,,170.23611111111072,61.256076388888744,,
,,,,,,,,170.23611111111072,57.847222222222086,,
,,,,,,,,170.23611111111072,57.434027777777644,,
,,,,,,,,170.23611111111072,57.0208333333332,,
,,,,,,,,170.23611111111072,56.60763888888876,,
,,,,,,,,170.23611111111072,56.194444444444315,,
,,,,,,,,170.23611111111072,55.78124999999987,,
,,,,,,,,170.23611111111072,55.36805555555543,,
,,,,,,,,170.23611111111072,55.05815972222209,,
,,,,,,,,170.44270833333294,75.61458333333316,,
,,,,,,,,170.44270833333294,75.20138888888872,,
,,,,,,,,170.44270833333294,74.78819444444427,,
,,,,,,,,170.44270833333294,74.37499999999983,,
,,,,,,,,170.44270833333294,73.96180555555539,,
,,,,,,,,170.44270833333294,73.54861111111094,,
,,,,,,,,170.44270833333294,73.1354166666665,,
,,,,,,,,170.44270833333294,72.72222222222206,,
,,,,,,,,170.44270833333294,72.30902777777762,,
,,,,,,,,170.44270833333294,71.89583333333317,,
,,,,,,,,170.44270833333294,71.48263888888873,,
,,,,,,,,170.44270833333294,71.06944444444429,,
,,,,,,,,170.44270833333294,70.65624999999983,,
,,,,,,,,170.44270833333294,70.24305555555539,,
,,,,,,,,170.44270833333294,69.82986111111094,,
,,,,,,,,170.44270833333294,69.4166666666665,,
,,,,,,,,170.44270833333294,69.00347222222206,,
,,,,,,,,170.44270833333294,68.59027777777762,,
,,,,,,,,170.44270833333294,68.17708333333317,,
,,,,,,,,170.44270833333294,67.76388888888873,,
,,,,,,,,170.44270833333294,67.35069444444429,,
,,,,,,,,170.44270833333294,66.93749999999984,,
,,,,,,,,170.44270833333294,66.5243055555554,,
,,,,,,,,170.44270833333294,66.11111111111096,,
,,,,,,,,170.44270833333294,65.69791666666652,,
,,,,,,,,170.44270833333294,65.28472222222207,,
,,,,,,,,170.64930555555517,76.85416666666649,,
,,,,,,,,170.64930555555517,76.44097222222204,,
,,,,,,,,170.64930555555517,76.0277777777776,,
,,,,,,,,170.64930555555517,64.87152777777763,,
,,,,,,,,170.64930555555517,64.45833333333319,,
,,,,,,,,170.64930555555517,64.04513888888874,,
,,,,,,,,170.64930555555517,63.631944444444294,,
,,,,,,,,170.64930555555517,63.21874999999985,,
,,,,,,,,170.64930555555517,62.80555555555541,,
,,,,,,,,170.64930555555517,62.392361111110965,,
,,,,,,,,170.64930555555517,61.97916666666652,,
,,,,,,,,170.64930555555517,61.56597222222208,,
,,,,,,,,170.64930555555517,61.256076388888744,,
,,,,,,,,170.64930555555517,57.847222222222086,,
,,,,,,,,170.64930555555517,57.434027777777644,,
,,,,,,,,170.64930555555517,57.0208333333332,,
,,,,,,,,170.64930555555517,56.60763888888876,,
,,,,,,,,170.64930555555517,56.194444444444315,,
,,,,,,,,170.64930555555517,55.78124999999987,,
,,,,,,,,170.64930555555517,55.36805555555543,,
,,,,,,,,170.64930555555517,55.05815972222209,,
,,,,,,,,170.85590277777737,75.61458333333316,,
,,,,,,,,170.85590277777737,75.20138888888872,,
,,,,,,,,170.85590277777737,74.78819444444427,,
,,,,,,,,170.85590277777737,74.37499999999983,,
,,,,,,,,170.85590277777737,73.96180555555539,,
,,,,,,,,170.85590277777737,73.54861111111094,,
,,,,,,,,170.85590277777737,73.1354166666665,,
,,,,,,,,170.85590277777737,72.72222222222206,,
,,,,,,,,170.85590277777737,72.30902777777762,,
,,,,,,,,170.85590277777737,71.89583333333317,,
,,,,,,,,170.85590277777737,71.48263888888873,,
,,,,,,,,170.85590277777737,71.06944444444429,,
,,,,,,,,170.85590277777737,70.65624999999983,,
,,,,,,,,170.85590277777737,70.24305555555539,,
,,,,,,,,170.85590277777737,69.82986111111094,,
,,,,,,,,170.85590277777737,69.4166666666665,,
,,,,,,,,170.85590277777737,69.00347222222206,,
,,,,,,,,170.85590277777737,68.59027777777762,,
,,,,,,,,170.85590277777737,68.17708333333317,,
,,,,,,,,170.85590277777737,67.76388888888873,,
,,,,,,,,170.85590277777737,67.35069444444429,,
,,,,,,,,170.85590277777737,66.93749999999984,,
,,,,,,,,170.85590277777737,66.5243055555554,,
,,,,,,,,170.85590277777737,66.11111111111096,,
,,,,,,,,170.85590277777737,65.69791666666652,,
,,,,,,,,170.85590277777737,65.28472222222207,,
,,,,,,,,171.0624999999996,76.85416666666649,,
,,,,,,,,171.0624999999996,76.44097222222204,,
,,,,,,,,171.0624999999996,76.0277777777776,,
,,,,,,,,171.0624999999996,64.87152777777763,,
,,,,,,,,171.0624999999996,64.45833333333319,,
,,,,,,,,171.0624999999996,64.04513888888874,,
,,,,,,,,171.0624999999996,63.631944444444294,,
,,,,,,,,171.0624999999996,63.21874999999985,,
,,,,,,,,171.0624999999996,62.80555555555541,,
,,,,,,,,171.0624999999996,62.392361111110965,,
,,,,,,,,171.0624999999996,61.97916666666652,,
,,,,,,,,171.0624999999996,61.56597222222208,,
,,,,,,,,171.0624999999996,61.256076388888744,,
,,,,,,,,170.9592013888885,57.74392361111098,,
,,,,,,,,170.9592013888885,57.0208333333332,,
,,,,,,,,171.0624999999996,56.60763888888876,,
,,,,,,,,171.0624999999996,56.194444444444315,,
,,,,,,,,171.0624999999996,55.78124999999987,,
,,,,,,,,171.0624999999996,55.36805555555543,,
,,,,,,,,170.9592013888885,55.05815972222209,,
,,,,,,,,171.26909722222183,75.61458333333316,,
,,,,,,,,171.26909722222183,75.20138888888872,,
,,,,,,,,171.26909722222183,74.78819444444427,,
,,,,,,,,171.26909722222183,74.37499999999983,,
,,,,,,,,171.26909722222183,73.96180555555539,,
,,,,,,,,171.26909722222183,73.54861111111094,,
,,,,,,,,171.26909722222183,73.1354166666665,,
,,,,,,,,171.26909722222183,72.72222222222206,,
,,,,,,,,171.26909722222183,72.30902777777762,,
,,,,,,,,171.26909722222183,71.89583333333317,,
,,,,,,,,171.26909722222183,71.48263888888873,,
,,,,,,,,171.26909722222183,71.06944444444429,,
,,,,,,,,171.26909722222183,70.65624999999983,,
,,,,,,,,171.26909722222183,70.24305555555539,,
,,,,,,,,171.26909722222183,69.82986111111094,,
,,,,,,,,171.26909722222183,69.4166666666665,,
,,,,,,,,171.26909722222183,69.00347222222206,,
,,,,,,,,171.26909722222183,68.59027777777762,,
,,,,,,,,171.26909722222183,68.17708333333317,,
,,,,,,,,171.26909722222183,67.76388888888873,,
,,,,,,,,171.26909722222183,67.35069444444429,,
,,,,,,,,171.26909722222183,66.93749999999984,,
,,,,,,,,171.26909722222183,66.5243055555554,,
,,,,,,,,171.26909722222183,66.11111111111096,,
,,,,,,,,171.26909722222183,65.69791666666652,,
,,,,,,,,171.26909722222183,65.28472222222207,,
,,,,,,,,171.47569444444406,76.85416666666649,,
,,,,,,,,171.47569444444406,76.44097222222204,,
,,,,,,,,171.47569444444406,76.0277777777776,,
,,,,,,,,171.47569444444406,64.87152777777763,,
,,,,,,,,171.47569444444406,64.45833333333319,,
,,,,,,,,171.47569444444406,64.04513888888874,,
,,,,,,,,171.47569444444406,63.631944444444294,,
,,,,,,,,171.47569444444406,63.21874999999985,,
,,,,,,,,171.47569444444406,62.80555555555541,,
,,,,,,,,171.47569444444406,62.392361111110965,,
,,,,,,,,171.47569444444406,61.97916666666652,,
,,,,,,,,171.47569444444406,61.56597222222208,,
,,,,,,,,171.47569444444406,61.256076388888744,,
,,,,,,,,171.47569444444406,56.194444444444315,,
,,,,,,,,171.47569444444406,55.78124999999987,,
,,,,,,,,171.47569444444406,55.36805555555543,,
,,,,,,,,171.71672453703664,75.61458333333316,,
,,,,,,,,171.68229166666626,75.0980902777776,,
,,,,,,,,171.68229166666626,74.68489583333316,,
,,,,,,,,171.68229166666626,74.27170138888872,,
,,,,,,,,171.68229166666626,73.85850694444427,,
,,,,,,,,171.68229166666626,73.44531249999983,,
,,,,,,,,171.68229166666626,73.03211805555539,,
,,,,,,,,171.68229166666626,72.61892361111094,,
,,,,,,,,171.68229166666626,72.2057291666665,,
,,,,,,,,171.68229166666626,71.79253472222206,,
,,,,,,,,171.68229166666626,71.37934027777762,,
,,,,,,,,171.68229166666626,70.96614583333317,,
,,,,,,,,171.68229166666626,70.55295138888873,,
,,,,,,,,171.68229166666626,70.13975694444429,,
,,,,,,,,171.68229166666626,69.72656249999984,,
,,,,,,,,171.68229166666626,69.3133680555554,,
,,,,,,,,171.68229166666626,68.90017361111096,,
,,,,,,,,171.68229166666626,68.4869791666665,,
,,,,,,,,171.68229166666626,68.07378472222206,,
,,,,,,,,171.68229166666626,67.66059027777762,,
,,,,,,,,171.68229166666626,67.24739583333317,,
,,,,,,,,171.68229166666626,66.83420138888873,,
,,,,,,,,171.68229166666626,66.42100694444429,,
,,,,,,,,171.68229166666626,66.00781249999984,,
,,,,,,,,171.68229166666626,65.5946180555554,,
,,,,,,,,171.68229166666626,65.18142361111096,,
,,,,,,,,171.8888888888885,76.64756944444427,,
,,,,,,,,171.78559027777737,76.23437499999983,,
,,,,,,,,171.92332175925884,64.6649305555554,,
,,,,,,,,171.8888888888885,64.14843749999986,,
,,,,,,,,171.8888888888885,63.73524305555541,,
,,,,,,,,171.8888888888885,63.322048611110965,,
,,,,,,,,171.8888888888885,62.90885416666652,,
,,,,,,,,171.8888888888885,62.49565972222208,,
,,,,,,,,171.8888888888885,62.08246527777764,,
,,,,,,,,171.8888888888885,61.669270833333194,,
,,,,,,,,171.8888888888885,61.3077256944443,,
,,,,,,,,171.8888888888885,55.98784722222209,,
,,,,,,,,171.8888888888885,55.57465277777765,,
,,,,,,,,171.8888888888885,55.264756944444315,,
,,,,,,,,172.09548611111072,75.61458333333316,,
,,,,,,,,172.09548611111072,75.20138888888872,,
,,,,,,,,172.09548611111072,74.78819444444427,,
,,,,,,,,172.09548611111072,74.37499999999983,,
,,,,,,,,172.09548611111072,73.96180555555539,,
,,,,,,,,172.09548611111072,73.54861111111094,,
,,,,,,,,172.09548611111072,73.1354166666665,,
,,,,,,,,172.09548611111072,72.72222222222206,,
,,,,,,,,172.09548611111072,72.30902777777762,,
,,,,,,,,172.09548611111072,71.89583333333317,,
,,,,,,,,172.09548611111072,71.48263888888873,,
,,,,,,,,172.09548611111072,71.06944444444429,,
,,,,,,,,172.09548611111072,70.65624999999983,,
,,,,,,,,172.09548611111072,70.24305555555539,,
,,,,,,,,172.09548611111072,69.82986111111094,,
,,,,,,,,172.09548611111072,69.4166666666665,,
,,,,,,,,172.09548611111072,69.00347222222206,,
,,,,,,,,172.09548611111072,68.59027777777762,,
,,,,,,,,172.09548611111072,68.17708333333317,,
,,,,,,,,172.09548611111072,67.76388888888873,,
,,,,,,,,172.09548611111072,67.35069444444429,,
,,,,,,,,172.09548611111072,66.93749999999984,,
,,,,,,,,172.09548611111072,66.5243055555554,,
,,,,,,,,172.09548611111072,66.11111111111096,,
,,,,,,,,172.09548611111072,65.69791666666652,,
,,,,,,,,172.09548611111072,65.28472222222207,,
,,,,,,,,172.30208333333294,76.64756944444427,,
,,,,,,,,172.30208333333294,76.28602430555537,,
,,,,,,,,172.3365162037033,64.87152777777763,,
,,,,,,,,172.30208333333294,64.35503472222207,,
,,,,,,,,172.30208333333294,63.94184027777763,,
,,,,,,,,172.30208333333294,63.52864583333319,,
,,,,,,,,172.30208333333294,63.115451388888744,,
,,,,,,,,172.30208333333294,62.7022569444443,,
,,,,,,,,172.30208333333294,62.28906249999986,,
,,,,,,,,172.30208333333294,61.875868055555415,,
,,,,,,,,172.30208333333294,61.462673611110965,,
,,,,,,,,172.19878472222183,61.256076388888744,,
,,,,,,,,172.30208333333294,55.98784722222209,,
,,,,,,,,172.30208333333294,55.57465277777765,,
,,,,,,,,172.30208333333294,55.264756944444315,,
,,,,,,,,172.50868055555515,75.82118055555539,,
,,,,,,,,172.50868055555515,75.40798611111093,,
,,,,,,,,172.50868055555515,74.99479166666649,,
,,,,,,,,172.50868055555515,74.58159722222204,,
,,,,,,,,172.50868055555515,74.1684027777776,,
,,,,,,,,172.50868055555515,73.75520833333316,,
,,,,,,,,172.50868055555515,73.34201388888872,,
,,,,,,,,172.50868055555515,72.92881944444427,,
,,,,,,,,172.50868055555515,72.51562499999983,,
,,,,,,,,172.50868055555515,72.10243055555539,,
,,,,,,,,172.50868055555515,71.68923611111094,,
,,,,,,,,172.50868055555515,71.2760416666665,,
,,,,,,,,172.50868055555515,70.86284722222206,,
,,,,,,,,172.50868055555515,70.44965277777762,,
,,,,,,,,172.50868055555515,70.03645833333317,,
,,,,,,,,172.50868055555515,69.62326388888873,,
,,,,,,,,172.50868055555515,69.21006944444429,,
,,,,,,,,172.50868055555515,68.79687499999984,,
,,,,,,,,172.50868055555515,68.3836805555554,,
,,,,,,,,172.50868055555515,67.97048611111096,,
,,,,,,,,172.50868055555515,67.55729166666652,,
,,,,,,,,172.50868055555515,67.14409722222207,,
,,,,,,,,172.50868055555515,66.73090277777763,,
,,,,,,,,172.50868055555515,66.31770833333319,,
,,,,,,,,172.50868055555515,65.90451388888873,,
,,,,,,,,172.50868055555515,65.49131944444429,,
,,,,,,,,172.71527777777737,76.64756944444427,,
,,,,,,,,172.71527777777737,76.23437499999983,,
,,,,,,,,172.71527777777737,65.07812499999984,,
,,,,,,,,172.71527777777737,64.6649305555554,,
,,,,,,,,172.71527777777737,64.25173611111096,,
,,,,,,,,172.71527777777737,63.838541666666515,,
,,,,,,,,172.71527777777737,63.42534722222207,,
,,,,,,,,172.71527777777737,63.01215277777763,,
,,,,,,,,172.71527777777737,62.59895833333319,,
,,,,,,,,172.71527777777737,62.185763888888744,,
,,,,,,,,172.71527777777737,61.7725694444443,,
,,,,,,,,172.71527777777737,61.35937499999986,,
,,,,,,,,172.71527777777737,55.98784722222209,,
,,,,,,,,172.71527777777737,55.57465277777765,,
,,,,,,,,172.71527777777737,55.21310763888876,,
,,,,,,,,172.9218749999996,75.82118055555539,,
,,,,,,,,172.9218749999996,75.40798611111093,,
,,,,,,,,172.9218749999996,74.99479166666649,,
,,,,,,,,172.9218749999996,74.58159722222204,,
,,,,,,,,172.9218749999996,74.1684027777776,,
,,,,,,,,172.9218749999996,73.75520833333316,,
,,,,,,,,172.9218749999996,73.34201388888872,,
,,,,,,,,172.9218749999996,72.92881944444427,,
,,,,,,,,172.9218749999996,72.51562499999983,,
,,,,,,,,172.9218749999996,72.10243055555539,,
,,,,,,,,172.9218749999996,71.68923611111094,,
,,,,,,,,172.9218749999996,71.2760416666665,,
,,,,,,,,172.9218749999996,70.86284722222206,,
,,,,,,,,172.9218749999996,70.44965277777762,,
,,,,,,,,172.9218749999996,70.03645833333317,,
,,,,,,,,172.9218749999996,69.62326388888873,,
,,,,,,,,172.9218749999996,69.21006944444429,,
,,,,,,,,172.9218749999996,68.79687499999984,,
,,,,,,,,172.9218749999996,68.3836805555554,,
,,,,,,,,172.9218749999996,67.97048611111096,,
,,,,,,,,172.9218749999996,67.55729166666652,,
,,,,,,,,172.9218749999996,67.14409722222207,,
,,,,,,,,172.9218749999996,66.73090277777763,,
,,,,,,,,172.9218749999996,66.31770833333319,,
,,,,,,,,172.9218749999996,65.90451388888873,,
,,,,,,,,172.9218749999996,65.49131944444429,,
,,,,,,,,173.12847222222183,76.64756944444427,,
,,,,,,,,173.12847222222183,76.23437499999983,,
,,,,,,,,173.12847222222183,65.07812499999984,,
,,,,,,,,173.12847222222183,64.6649305555554,,
,,,,,,,,173.12847222222183,64.25173611111096,,
,,,,,,,,173.12847222222183,63.838541666666515,,
,,,,,,,,173.12847222222183,63.42534722222207,,
,,,,,,,,173.12847222222183,63.01215277777763,,
,,,,,,,,173.12847222222183,62.59895833333319,,
,,,,,,,,173.12847222222183,62.185763888888744,,
,,,,,,,,173.12847222222183,61.7725694444443,,
,,,,,,,,173.12847222222183,61.35937499999986,,
,,,,,,,,173.02517361111072,55.98784722222209,,
,,,,,,,,173.12847222222183,55.52300347222209,,
,,,,,,,,173.02517361111072,55.264756944444315,,
,,,,,,,,173.33506944444403,75.71788194444427,,
,,,,,,,,173.33506944444403,75.30468749999983,,
,,,,,,,,173.33506944444403,74.89149305555539,,
,,,,,,,,173.33506944444403,74.47829861111094,,
,,,,,,,,173.33506944444403,74.0651041666665,,
,,,,,,,,173.33506944444403,73.65190972222206,,
,,,,,,,,173.33506944444403,73.2387152777776,,
,,,,,,,,173.33506944444403,72.82552083333316,,
,,,,,,,,173.33506944444403,72.41232638888872,,
,,,,,,,,173.33506944444403,71.99913194444427,,
,,,,,,,,173.33506944444403,71.58593749999983,,
,,,,,,,,173.33506944444403,71.17274305555539,,
,,,,,,,,173.33506944444403,70.75954861111094,,
,,,,,,,,173.33506944444403,70.3463541666665,,
,,,,,,,,173.33506944444403,69.93315972222206,,
,,,,,,,,173.33506944444403,69.51996527777762,,
,,,,,,,,173.33506944444403,69.10677083333317,,
,,,,,,,,173.33506944444403,68.69357638888873,,
,,,,,,,,173.33506944444403,68.28038194444429,,
,,,,,,,,173.33506944444403,67.86718749999984,,
,,,,,,,,173.33506944444403,67.4539930555554,,
,,,,,,,,173.33506944444403,67.04079861111096,,
,,,,,,,,173.33506944444403,66.62760416666652,,
,,,,,,,,173.33506944444403,66.21440972222207,,
,,,,,,,,173.33506944444403,65.80121527777763,,
,,,,,,,,173.33506944444403,65.38802083333319,,
,,,,,,,,173.43836805555515,76.13107638888872,,
,,,,,,,,173.54166666666626,64.87152777777763,,
,,,,,,,,173.54166666666626,64.45833333333319,,
,,,,,,,,173.54166666666626,64.04513888888874,,
,,,,,,,,173.54166666666626,63.631944444444294,,
,,,,,,,,173.54166666666626,63.21874999999985,,
,,,,,,,,173.54166666666626,62.80555555555541,,
,,,,,,,,173.54166666666626,62.392361111110965,,
,,,,,,,,173.54166666666626,61.97916666666652,,
,,,,,,,,173.54166666666626,61.56597222222208,,
,,,,,,,,173.54166666666626,61.256076388888744,,
,,,,,,,,173.64496527777737,74.78819444444427,,
,,,,,,,,173.64496527777737,74.37499999999983,,
,,,,,,,,173.64496527777737,73.96180555555539,,
,,,,,,,,173.7482638888885,73.54861111111094,,
,,,,,,,,173.7482638888885,73.1354166666665,,
,,,,,,,,173.7482638888885,72.72222222222206,,
,,,,,,,,173.7482638888885,72.30902777777762,,
,,,,,,,,173.7482638888885,71.89583333333317,,
,,,,,,,,173.7482638888885,71.48263888888873,,
,,,,,,,,173.7482638888885,71.06944444444429,,
,,,,,,,,173.7482638888885,70.65624999999983,,
,,,,,,,,173.7482638888885,70.24305555555539,,
,,,,,,,,173.7482638888885,69.82986111111094,,
,,,,,,,,173.7482638888885,69.4166666666665,,
,,,,,,,,173.7482638888885,69.00347222222206,,
,,,,,,,,173.7482638888885,68.59027777777762,,
,,,,,,,,173.7482638888885,68.07378472222206,,
,,,,,,,,173.7482638888885,67.66059027777762,,
,,,,,,,,173.7482638888885,67.24739583333317,,
,,,,,,,,173.7482638888885,66.83420138888873,,
,,,,,,,,173.64496527777737,66.5243055555554,,
,,,,,,,,173.64496527777737,66.11111111111096,,
,,,,,,,,173.64496527777737,65.69791666666652,,
,,,,,,,,173.7482638888885,65.18142361111096,,
,,,,,,,,173.95486111111072,64.6649305555554,,
,,,,,,,,173.95486111111072,64.25173611111096,,
,,,,,,,,173.95486111111072,63.838541666666515,,
,,,,,,,,173.95486111111072,63.42534722222207,,
,,,,,,,,173.95486111111072,63.01215277777763,,
,,,,,,,,173.95486111111072,62.59895833333319,,
,,,,,,,,173.95486111111072,62.185763888888744,,
,,,,,,,,173.95486111111072,61.7725694444443,,
,,,,,,,,173.95486111111072,61.35937499999986,,
,,,,,,,,174.16145833333292,73.1354166666665,,
,,,,,,,,174.16145833333292,72.72222222222206,,
,,,,,,,,174.16145833333292,72.30902777777762,,
,,,,,,,,174.16145833333292,71.89583333333317,,
,,,,,,,,174.16145833333292,71.48263888888873,,
,,,,,,,,174.16145833333292,71.06944444444429,,
,,,,,,,,174.16145833333292,70.65624999999983,,
,,,,,,,,174.16145833333292,70.24305555555539,,
,,,,,,,,174.16145833333292,69.82986111111094,,
,,,,,,,,174.16145833333292,69.4166666666665,,
,,,,,,,,174.16145833333292,69.00347222222206,,
,,,,,,,,174.16145833333292,68.69357638888873,,
,,,,,,,,174.16145833333292,57.898871527777644,,
,,,,,,,,174.16145833333292,57.4856770833332,,
,,,,,,,,174.36805555555515,64.6649305555554,,
,,,,,,,,174.36805555555515,64.25173611111096,,
,,,,,,,,174.36805555555515,63.838541666666515,,
,,,,,,,,174.36805555555515,63.42534722222207,,
,,,,,,,,174.36805555555515,63.01215277777763,,
,,,,,,,,174.36805555555515,62.59895833333319,,
,,,,,,,,174.36805555555515,62.185763888888744,,
,,,,,,,,174.36805555555515,61.7725694444443,,
,,,,,,,,174.36805555555515,61.35937499999986,,
,,,,,,,,174.57465277777737,73.1354166666665,,
,,,,,,,,174.57465277777737,72.72222222222206,,
,,,,,,,,174.57465277777737,72.30902777777762,,
,,,,,,,,174.57465277777737,71.89583333333317,,
,,,,,,,,174.57465277777737,71.48263888888873,,
,,,,,,,,174.57465277777737,71.06944444444429,,
,,,,,,,,174.57465277777737,70.65624999999983,,
,,,,,,,,174.57465277777737,70.24305555555539,,
,,,,,,,,174.57465277777737,69.82986111111094,,
,,,,,,,,174.57465277777737,69.4166666666665,,
,,,,,,,,174.57465277777737,69.00347222222206,,
,,,,,,,,174.57465277777737,68.64192708333317,,
,,,,,,,,174.57465277777737,61.04947916666652,,
,,,,,,,,174.60908564814773,57.847222222222086,,
,,,,,,,,174.57465277777737,57.382378472222086,,
,,,,,,,,174.7812499999996,64.6649305555554,,
,,,,,,,,174.7812499999996,64.25173611111096,,
,,,,,,,,174.7812499999996,63.838541666666515,,
,,,,,,,,174.7812499999996,63.42534722222207,,
,,,,,,,,174.7812499999996,63.01215277777763,,
,,,,,,,,174.7812499999996,62.59895833333319,,
,,,,,,,,174.7812499999996,62.185763888888744,,
,,,,,,,,174.7812499999996,61.7725694444443,,
,,,,,,,,174.7812499999996,61.35937499999986,,
,,,,,,,,174.9878472222218,73.1354166666665,,
,,,,,,,,174.9878472222218,72.72222222222206,,
,,,,,,,,174.9878472222218,72.30902777777762,,
,,,,,,,,174.9878472222218,71.89583333333317,,
,,,,,,,,174.9878472222218,71.48263888888873,,
,,,,,,,,174.9878472222218,71.06944444444429,,
,,,,,,,,174.9878472222218,70.65624999999983,,
,,,,,,,,174.9878472222218,70.24305555555539,,
,,,,,,,,174.9878472222218,69.82986111111094,,
,,,,,,,,174.9878472222218,69.4166666666665,,
,,,,,,,,174.9878472222218,69.00347222222206,,
,,,,,,,,174.9878472222218,68.69357638888873,,
,,,,,,,,174.9878472222218,57.9505208333332,,
,,,,,,,,174.9878472222218,57.53732638888876,,
,,,,,,,,174.9878472222218,57.175781249999865,,
,,,,,,,,175.19444444444403,64.6649305555554,,
,,,,,,,,175.19444444444403,64.25173611111096,,
,,,,,,,,175.19444444444403,63.838541666666515,,
,,,,,,,,175.19444444444403,63.42534722222207,,
,,,,,,,,175.19444444444403,63.01215277777763,,
,,,,,,,,175.19444444444403,62.59895833333319,,
,,,,,,,,175.19444444444403,62.185763888888744,,
,,,,,,,,175.19444444444403,61.7725694444443,,
,,,,,,,,175.19444444444403,61.35937499999986,,
,,,,,,,,175.40104166666626,73.1354166666665,,
,,,,,,,,175.40104166666626,72.72222222222206,,
,,,,,,,,175.40104166666626,72.30902777777762,,
,,,,,,,,175.40104166666626,71.89583333333317,,
,,,,,,,,175.40104166666626,71.48263888888873,,
,,,,,,,,175.40104166666626,71.06944444444429,,
,,,,,,,,175.40104166666626,70.65624999999983,,
,,,,,,,,175.40104166666626,70.24305555555539,,
,,,,,,,,175.40104166666626,69.82986111111094,,
,,,,,,,,175.40104166666626,69.4166666666665,,
,,,,,,,,175.40104166666626,69.00347222222206,,
,,,,,,,,175.4354745370366,57.847222222222086,,
,,,,,,,,175.40104166666626,57.382378472222086,,
,,,,,,,,175.6076388888885,64.45833333333319,,
,,,,,,,,175.6076388888885,64.04513888888874,,
,,,,,,,,175.6076388888885,63.631944444444294,,
,,,,,,,,175.6076388888885,63.21874999999985,,
,,,,,,,,175.6076388888885,62.80555555555541,,
,,,,,,,,175.6076388888885,62.392361111110965,,
,,,,,,,,175.6076388888885,61.97916666666652,,
,,,,,,,,175.6076388888885,61.56597222222208,,
,,,,,,,,175.6076388888885,61.204427083333194,,
,,,,,,,,175.81423611111072,73.34201388888872,,
,,,,,,,,175.81423611111072,72.92881944444427,,
,,,,,,,,175.81423611111072,72.51562499999983,,
,,,,,,,,175.81423611111072,72.10243055555539,,
,,,,,,,,175.81423611111072,71.68923611111094,,
,,,,,,,,175.81423611111072,71.2760416666665,,
,,,,,,,,175.81423611111072,70.86284722222206,,
,,,,,,,,175.81423611111072,70.44965277777762,,
,,,,,,,,175.81423611111072,70.03645833333317,,
,,,,,,,,175.81423611111072,69.62326388888873,,
,,,,,,,,175.81423611111072,69.21006944444429,,
,,,,,,,,175.84866898148107,58.05381944444431,,
,,,,,,,,175.81423611111072,57.53732638888876,,
,,,,,,,,175.7109374999996,57.330729166666536,,
,,,,,,,,176.02083333333292,64.35503472222207,,
,,,,,,,,176.02083333333292,63.94184027777763,,
,,,,,,,,176.02083333333292,63.52864583333319,,
,,,,,,,,176.02083333333292,63.115451388888744,,
,,,,,,,,176.02083333333292,62.7022569444443,,
,,,,,,,,176.02083333333292,62.28906249999986,,
,,,,,,,,176.02083333333292,61.875868055555415,,
,,,,,,,,176.02083333333292,61.462673611110965,,
,,,,,,,,176.02083333333292,61.10112847222208,,
,,,,,,,,176.22743055555515,74.22005208333316,,
,,,,,,,,176.22743055555515,73.54861111111094,,
,,,,,,,,176.22743055555515,73.1354166666665,,
,,,,,,,,176.22743055555515,72.72222222222206,,
,,,,,,,,176.22743055555515,72.30902777777762,,
,,,,,,,,176.22743055555515,71.89583333333317,,
,,,,,,,,176.22743055555515,71.48263888888873,,
,,,,,,,,176.22743055555515,71.06944444444429,,
,,,,,,,,176.22743055555515,70.65624999999983,,
,,,,,,,,176.22743055555515,70.24305555555539,,
,,,,,,,,176.22743055555515,69.82986111111094,,
,,,,,,,,176.22743055555515,69.4166666666665,,
,,,,,,,,176.22743055555515,69.10677083333317,,
,,,,,,,,176.22743055555515,58.46701388888875,,
,,,,,,,,176.22743055555515,58.05381944444431,,
,,,,,,,,176.22743055555515,57.640624999999865,,
,,,,,,,,176.22743055555515,57.330729166666536,,
,,,,,,,,176.43402777777737,64.14843749999986,,
,,,,,,,,176.43402777777737,63.73524305555541,,
,,,,,,,,176.43402777777737,63.322048611110965,,
,,,,,,,,176.43402777777737,62.90885416666652,,
,,,,,,,,176.43402777777737,62.49565972222208,,
,,,,,,,,176.43402777777737,62.08246527777764,,
,,,,,,,,176.43402777777737,61.669270833333194,,
,,,,,,,,176.43402777777737,61.256076388888744,,
,,,,,,,,176.43402777777737,60.8428819444443,,
,,,,,,,,176.43402777777737,60.42968749999986,,
,,,,,,,,176.43402777777737,60.016493055555415,,
,,,,,,,,176.43402777777737,59.60329861111097,,
,,,,,,,,176.43402777777737,59.19010416666653,,
,,,,,,,,176.43402777777737,58.776909722222086,,
,,,,,,,,176.6406249999996,74.1684027777776,,
,,,,,,,,176.6406249999996,73.75520833333316,,
,,,,,,,,176.6406249999996,73.34201388888872,,
,,,,,,,,176.6406249999996,72.98046874999983,,
,,,,,,,,176.6406249999996,72.41232638888872,,
,,,,,,,,176.6406249999996,71.99913194444427,,
,,,,,,,,176.6406249999996,71.58593749999983,,
,,,,,,,,176.6406249999996,71.17274305555539,,
,,,,,,,,176.6406249999996,70.75954861111094,,
,,,,,,,,176.6406249999996,70.3463541666665,,
,,,,,,,,176.6406249999996,69.93315972222206,,
,,,,,,,,176.6406249999996,69.51996527777762,,
,,,,,,,,176.5373263888885,69.21006944444429,,
,,,,,,,,176.6406249999996,58.26041666666653,,
,,,,,,,,176.6406249999996,57.847222222222086,,
,,,,,,,,176.6406249999996,57.434027777777644,,
,,,,,,,,176.8472222222218,64.04513888888874,,
,,,,,,,,176.8472222222218,63.631944444444294,,
,,,,,,,,176.8472222222218,63.21874999999985,,
,,,,,,,,176.8472222222218,62.80555555555541,,
,,,,,,,,176.8472222222218,62.392361111110965,,
,,,,,,,,176.8472222222218,61.97916666666652,,
,,,,,,,,176.8472222222218,61.56597222222208,,
,,,,,,,,176.8472222222218,61.15277777777764,,
,,,,,,,,176.8472222222218,60.739583333333194,,
,,,,,,,,176.8472222222218,60.32638888888875,,
,,,,,,,,176.8472222222218,59.91319444444431,,
,,,,,,,,176.8472222222218,59.499999999999865,,
,,,,,,,,176.8472222222218,59.086805555555415,,
,,,,,,,,176.8472222222218,58.67361111111097,,
,,,,,,,,177.05381944444403,73.91015624999983,,
,,,,,,,,176.95052083333292,73.65190972222206,,
,,,,,,,,177.05381944444403,71.06944444444429,,
,,,,,,,,177.05381944444403,70.65624999999983,,
,,,,,,,,177.05381944444403,70.24305555555539,,
,,,,,,,,177.05381944444403,69.82986111111094,,
,,,,,,,,177.05381944444403,69.4166666666665,,
,,,,,,,,176.95052083333292,69.10677083333317,,
,,,,,,,,177.08825231481438,58.26041666666653,,
,,,,,,,,177.05381944444403,57.74392361111098,,
,,,,,,,,177.05381944444403,57.382378472222086,,
,,,,,,,,177.15711805555515,74.68489583333316,,
,,,,,,,,177.15711805555515,74.27170138888872,,
,,,,,,,,177.26041666666626,64.14843749999986,,
,,,,,,,,177.26041666666626,63.73524305555541,,
,,,,,,,,177.26041666666626,63.322048611110965,,
,,,,,,,,177.26041666666626,62.90885416666652,,
,,,,,,,,177.26041666666626,62.49565972222208,,
,,,,,,,,177.26041666666626,62.08246527777764,,
,,,,,,,,177.26041666666626,61.669270833333194,,
,,,,,,,,177.26041666666626,61.256076388888744,,
,,,,,,,,177.26041666666626,60.8428819444443,,
,,,,,,,,177.26041666666626,60.42968749999986,,
,,,,,,,,177.26041666666626,60.016493055555415,,
,,,,,,,,177.26041666666626,59.60329861111097,,
,,,,,,,,177.26041666666626,59.19010416666653,,
,,,,,,,,177.26041666666626,58.776909722222086,,
,,,,,,,,177.36371527777737,70.86284722222206,,
,,,,,,,,177.36371527777737,70.44965277777762,,
,,,,,,,,177.4670138888885,69.98480902777762,,
,,,,,,,,177.36371527777737,69.62326388888873,,
,,,,,,,,177.36371527777737,69.3133680555554,,
,,,,,,,,177.4670138888885,58.26041666666653,,
,,,,,,,,177.4670138888885,57.847222222222086,,
,,,,,,,,177.4670138888885,57.434027777777644,,
,,,,,,,,177.6736111111107,64.45833333333319,,
,,,,,,,,177.6736111111107,64.04513888888874,,
,,,,,,,,177.6736111111107,63.631944444444294,,
,,,,,,,,177.6736111111107,63.21874999999985,,
,,,,,,,,177.6736111111107,62.80555555555541,,
,,,,,,,,177.6736111111107,62.392361111110965,,
,,,,,,,,177.6736111111107,61.97916666666652,,
,,,,,,,,177.6736111111107,61.56597222222208,,
,,,,,,,,177.6736111111107,61.15277777777764,,
,,,,,,,,177.6736111111107,60.739583333333194,,
,,,,,,,,177.6736111111107,60.32638888888875,,
,,,,,,,,177.6736111111107,59.91319444444431,,
,,,,,,,,177.6736111111107,59.499999999999865,,
,,,,,,,,177.6736111111107,59.086805555555415,,
,,,,,,,,177.6736111111107,58.67361111111097,,
,,,,,,,,177.88020833333292,58.26041666666653,,
,,,,,,,,177.88020833333292,57.847222222222086,,
,,,,,,,,177.88020833333292,57.434027777777644,,
,,,,,,,,178.08680555555515,64.45833333333319,,
,,,,,,,,178.08680555555515,64.04513888888874,,
,,,,,,,,178.08680555555515,63.631944444444294,,
,,,,,,,,178.08680555555515,63.21874999999985,,
,,,,,,,,178.08680555555515,62.80555555555541,,
,,,,,,,,178.08680555555515,62.392361111110965,,
,,,,,,,,178.08680555555515,61.97916666666652,,
,,,,,,,,178.08680555555515,61.56597222222208,,
,,,,,,,,178.08680555555515,61.15277777777764,,
,,,,,,,,178.08680555555515,60.739583333333194,,
,,,,,,,,178.08680555555515,60.32638888888875,,
,,,,,,,,178.08680555555515,59.91319444444431,,
,,,,,,,,178.08680555555515,59.499999999999865,,
,,,,,,,,178.08680555555515,59.086805555555415,,
,,,,,,,,178.08680555555515,58.67361111111097,,
,,,,,,,,178.29340277777737,58.26041666666653,,
,,,,,,,,178.29340277777737,57.847222222222086,,
,,,,,,,,178.29340277777737,57.434027777777644,,
,,,,,,,,178.49999999999957,64.45833333333319,,
,,,,,,,,178.49999999999957,64.04513888888874,,
,,,,,,,,178.49999999999957,63.631944444444294,,
,,,,,,,,178.49999999999957,63.21874999999985,,
,,,,,,,,178.49999999999957,62.80555555555541,,
,,,,,,,,178.49999999999957,62.392361111110965,,
,,,,,,,,178.49999999999957,61.97916666666652,,
,,,,,,,,178.49999999999957,61.56597222222208,,
,,,,,,,,178.49999999999957,61.15277777777764,,
,,,,,,,,178.49999999999957,60.739583333333194,,
,,,,,,,,178.49999999999957,60.32638888888875,,
,,,,,,,,178.49999999999957,59.91319444444431,,
,,,,,,,,178.49999999999957,59.499999999999865,,
,,,,,,,,178.49999999999957,59.086805555555415,,
,,,,,,,,178.49999999999957,58.67361111111097,,
,,,,,,,,178.7065972222218,58.26041666666653,,
,,,,,,,,178.7065972222218,57.847222222222086,,
,,,,,,,,178.7065972222218,57.434027777777644,,
,,,,,,,,178.7065972222218,57.07248263888876,,
,,,,,,,,178.91319444444403,64.45833333333319,,
,,,,,,,,178.91319444444403,64.04513888888874,,
,,,,,,,,178.91319444444403,63.631944444444294,,
,,,,,,,,178.91319444444403,63.21874999999985,,
,,,,,,,,178.91319444444403,62.80555555555541,,
,,,,,,,,178.91319444444403,62.392361111110965,,
,,,,,,,,178.91319444444403,61.97916666666652,,
,,,,,,,,178.91319444444403,61.56597222222208,,
,,,,,,,,178.91319444444403,61.15277777777764,,
,,,,,,,,178.91319444444403,60.739583333333194,,
,,,,,,,,178.91319444444403,60.32638888888875,,
,,,,,,,,178.91319444444403,59.91319444444431,,
,,,,,,,,178.91319444444403,59.499999999999865,,
,,,,,,,,178.91319444444403,59.086805555555415,,
,,,,,,,,178.91319444444403,58.67361111111097,,
,,,,,,,,179.11979166666626,58.26041666666653,,
,,,,,,,,179.11979166666626,57.847222222222086,,
,,,,,,,,179.11979166666626,57.434027777777644,,
,,,,,,,,179.11979166666626,57.0208333333332,,
,,,,,,,,179.32638888888846,64.45833333333319,,
,,,,,,,,179.32638888888846,64.04513888888874,,
,,,,,,,,179.32638888888846,63.631944444444294,,
,,,,,,,,179.32638888888846,63.21874999999985,,
,,,,,,,,179.32638888888846,62.80555555555541,,
,,,,,,,,179.32638888888846,62.392361111110965,,
,,,,,,,,179.32638888888846,61.97916666666652,,
,,,,,,,,179.32638888888846,61.56597222222208,,
,,,,,,,,179.32638888888846,61.15277777777764,,
,,,,,,,,179.32638888888846,60.739583333333194,,
,,,,,,,,179.32638888888846,60.32638888888875,,
,,,,,,,,179.32638888888846,59.91319444444431,,
,,,,,,,,179.32638888888846,59.499999999999865,,
,,,,,,,,179.32638888888846,59.086805555555415,,
,,,,,,,,179.32638888888846,58.67361111111097,,
,,,,,,,,179.5329861111107,58.26041666666653,,
,,,,,,,,179.5329861111107,57.847222222222086,,
,,,,,,,,179.5329861111107,57.434027777777644,,
,,,,,,,,179.5329861111107,57.07248263888876,,
,,,,,,,,179.73958333333292,64.45833333333319,,
,,,,,,,,179.73958333333292,64.04513888888874,,
,,,,,,,,179.73958333333292,63.631944444444294,,
,,,,,,,,179.73958333333292,63.21874999999985,,
,,,,,,,,179.73958333333292,62.80555555555541,,
,,,,,,,,179.73958333333292,62.392361111110965,,
,,,,,,,,179.73958333333292,61.97916666666652,,
,,,,,,,,179.73958333333292,61.56597222222208,,
,,,,,,,,179.73958333333292,61.15277777777764,,
,,,,,,,,179.73958333333292,60.739583333333194,,
,,,,,,,,179.6362847222218,60.32638888888875,,
,,,,,,,,179.73958333333292,58.570312499999865,,
,,,,,,,,179.84288194444403,58.15711805555542,,
,,,,,,,,180.04947916666626,64.45833333333319,,
,,,,,,,,180.15277777777737,64.04513888888874,,
,,,,,,,,180.15277777777737,63.68359374999985,,
,,,,,,,,180.04947916666626,63.21874999999985,,
,,,,,,,,180.04947916666626,62.80555555555541,,
,,,,,,,,180.04947916666626,62.392361111110965,,
,,,,,,,,180.04947916666626,61.97916666666652,,
,,,,,,,,180.15277777777737,61.56597222222208,,
,,,,,,,,180.15277777777737,61.15277777777764,,
,,,,,,,,180.04947916666626,60.739583333333194,,
,,,,,,,,180.35937499999957,56.194444444444315,,
,,,,,,,,180.35937499999957,55.78124999999987,,
,,,,,,,,180.35937499999957,55.36805555555543,,
,,,,,,,,180.5659722222218,64.50998263888874,,
,,,,,,,,180.5659722222218,64.04513888888874,,
,,,,,,,,180.5659722222218,63.73524305555541,,
,,,,,,,,180.60040509259215,62.59895833333319,,
,,,,,,,,180.5659722222218,62.08246527777764,,
,,,,,,,,180.5659722222218,61.669270833333194,,
,,,,,,,,180.5659722222218,61.256076388888744,,
,,,,,,,,180.4626736111107,61.04947916666652,,
,,,,,,,,180.5659722222218,55.006510416666536,,
,,,,,,,,180.77256944444403,56.194444444444315,,
,,,,,,,,180.77256944444403,55.78124999999987,,
,,,,,,,,180.77256944444403,55.36805555555543,,
,,,,,,,,180.97916666666626,64.35503472222207,,
,,,,,,,,180.97916666666626,63.94184027777763,,
,,,,,,,,180.97916666666626,63.52864583333319,,
,,,,,,,,180.97916666666626,63.115451388888744,,
,,,,,,,,180.97916666666626,62.7022569444443,,
,,,,,,,,180.97916666666626,62.28906249999986,,
,,,,,,,,180.97916666666626,61.875868055555415,,
,,,,,,,,180.97916666666626,61.462673611110965,,
,,,,,,,,180.97916666666626,61.10112847222208,,
,,,,,,,,180.97916666666626,55.05815972222209,,
,,,,,,,,181.18576388888846,56.194444444444315,,
,,,,,,,,181.18576388888846,55.78124999999987,,
,,,,,,,,181.18576388888846,55.36805555555543,,
,,,,,,,,181.28906249999957,64.04513888888874,,
,,,,,,,,181.28906249999957,63.631944444444294,,
,,,,,,,,181.28906249999957,63.21874999999985,,
,,,,,,,,181.3923611111107,62.7022569444443,,
,,,,,,,,181.3923611111107,62.28906249999986,,
,,,,,,,,181.3923611111107,61.875868055555415,,
,,,,,,,,181.3923611111107,61.462673611110965,,
,,,,,,,,181.3923611111107,61.10112847222208,,
,,,,,,,,181.3923611111107,54.954861111110986,,
,,,,,,,,181.59895833333292,56.194444444444315,,
,,,,,,,,181.59895833333292,55.78124999999987,,
,,,,,,,,181.59895833333292,55.36805555555543,,
,,,,,,,,181.70225694444403,62.185763888888744,,
,,,,,,,,181.70225694444403,61.35937499999986,,
,,,,,,,,181.80555555555515,54.954861111110986,,
,,,,,,,,182.01215277777735,56.194444444444315,,
,,,,,,,,182.01215277777735,55.78124999999987,,
,,,,,,,,182.01215277777735,55.36805555555543,,
,,,,,,,,182.21874999999957,55.05815972222209,,
,,,,,,,,182.4253472222218,56.194444444444315,,
,,,,,,,,182.4253472222218,55.78124999999987,,
,,,,,,,,182.4253472222218,55.36805555555543,,
,,,,,,,,182.63194444444403,55.05815972222209,,
,,,,,,,,182.83854166666623,56.194444444444315,,
,,,,,,,,182.83854166666623,55.78124999999987,,
,,,,,,,,182.83854166666623,55.36805555555543,,
,,,,,,,,182.94184027777735,55.05815972222209,,
,,,,,,,,183.2517361111107,56.194444444444315,,
,,,,,,,,183.2517361111107,55.78124999999987,,
,,,,,,,,183.2517361111107,55.41970486111098,,
,,,,,,,,183.56163194444403,56.401041666666536,,
,,,,,,,,183.56163194444403,55.98784722222209,,
172.19587937408048,47.4425020102448,,,,,,,,,,
171.91039704961617,47.6862777122738,,,,,,,,,,
172.07497289520356,47.8550455059861,,,,,,,,,,
172.36970889242525,47.8925494601444,,,,,,,,,,
172.27339980876351,48.1832051048712,,,,,,,,,,
172.06123160084675,48.2634218957098,,,,,,,,,,
,,172.30791570101155,47.2737342165325,,,,,,,,
,,171.76239839636742,47.3487421248491,,,,,,,,
,,171.76520241314975,48.8864042453392,,,,,,,,
,,171.47402772162354,48.9587332997874,,,,,,,,
,,172.38451212328928,49.780248486112,,,,,,,,
,,172.1280004436253,50.367810434592,,,,,,,,
,,171.95378750737575,53.4431346755723,,,,,,,,
,,171.96379986447343,54.3463549048845,,,,,,,,
,,,,172.44329212761994,46.5981272709095,,,,,,
,,,,171.82720716320156,50.9960016667434,,,,,,
,,,,172.45334053828725,51.290407706886,,,,,,
,,,,172.23825787830242,51.7304541023434,,,,,,
,,,,171.40244164227576,51.7617073974753,,,,,,
,,,,171.72934558198565,53.3681267672557,,,,,,
,,,,172.4678514227459,53.7581678905019,,,,,,
,,,,172.35413385937352,54.0539133575788,,,,,,
,,,,171.61651736201227,54.559919088286,,,,,,
,,,,,,171.77195678259847,44.1713237864379,,,,
,,,,,,172.51731706805768,44.378428955512,,,,
,,,,,,171.81408696816467,51.3679158788132,,,,
,,,,,,171.69802809162996,54.4021643604773,,,,
,,,,,,171.88810534376333,54.9995487731415,,,,
,,,,,,,,171.79624530621922,42.9357768522229,,
,,,,,,,,172.44431302171844,43.8046184568901,,
,,,,,,,,172.19013789003108,44.2546659067896,,
,,,,,,,,172.13958074139435,54.5628955925842,,
,,,,,,,,172.03755904646826,55.1401886012352,,
,,,,,,,,172.47586236107406,55.9558996041781,,
,,,,,,,,172.34397788796014,56.6272203836116,,
,,,,,,,,172.1727571000491,56.8934984581355,,
,,,,,,,,,,171.97331278152544,42.0344318206185
,,,,,,,,,,171.50630615403995,42.0453420618282
,,,,,,,,,,172.5213404551585,42.2200763937021
,,,,,,,,,,171.88900771401495,42.3044602905582
,,,,,,,,,,171.4306461501068,43.0170354195659
,,,,,,,,,,172.07589784513348,43.1295472820408
,,,,,,,,,,172.3282598383166,56.4559523262887
,,,,,,,,,,172.57903658389662,56.6422219652749
,,,,,,,,,,171.5852155031257,56.9216264237542
,,,,,,,,,,172.22137826880555,56.9731943607219
