250 hz,Unnamed: 1,500 hz,Unnamed: 3,1000 hz,Unnamed: 5,2000 hz,Unnamed: 7,4000 hz,Unnamed: 9,8000 hz,Unnamed: 11
113.7803970496,55.4369212962965,X,Y,X,Y,X,Y,X,Y,X,Y
3.890914351851866,37.15306712962976,4.2352430555555705,44.86603009259275,4.2008101851852,52.71672453703722,4.228356481481496,65.16076388888914,3.925347222222236,63.528645833333556,3.51215277777779,70.72511574074099
3.925347222222236,38.08275462962977,4.2008101851852,44.37249228395078,4.2008101851852,52.22318672839525,4.2008101851852,64.61902006172862,3.925347222222236,63.058063271605164,3.51215277777779,69.41666666666691
3.925347222222236,37.66956018518532,4.2008101851852,43.95929783950633,4.2008101851852,51.8099922839508,4.2008101851852,64.20582561728418,3.925347222222236,62.644868827160714,3.6498842592592724,68.63618827160518
4.097511574074089,36.774305555555685,4.2008101851852,43.546103395061884,4.2008101851852,51.396797839506355,4.2008101851852,63.792631172839734,3.925347222222236,62.23167438271627,3.6498842592592724,68.24594907407432
4.063078703703718,36.2922453703705,4.2008101851852,43.132908950617434,4.2008101851852,50.98360339506191,4.2008101851852,63.379436728395284,3.9597800925926068,61.77256944444466,3.6498842592592724,67.83275462962987
4.063078703703718,35.87905092592605,4.2008101851852,42.71971450617299,4.2008101851852,50.57040895061746,4.2008101851852,62.96624228395084,3.856481481481495,61.35937500000022,3.6498842592592724,67.41956018518542
4.063078703703718,35.46585648148161,4.2008101851852,42.30652006172855,4.2008101851852,50.15721450617302,4.2008101851852,62.5530478395064,3.856481481481495,60.94618055555577,3.6498842592592724,66.96045524691382
4.063078703703718,35.05266203703716,4.2008101851852,41.8933256172841,4.2008101851852,49.83584104938289,4.2008101851852,62.13985339506195,3.833526234567915,60.48707561728416,3.6498842592592724,66.54726080246937
4.063078703703718,34.639467592592716,4.2008101851852,41.480131172839656,4.2008101851852,48.82581018518536,4.2008101851852,61.726658950617505,3.856481481481495,58.77690972222243,3.6498842592592724,66.1570216049385
4.063078703703718,34.22627314814827,4.16637731481483,41.009548611111256,4.2008101851852,48.41261574074091,4.2008101851852,61.313464506173055,3.8794367283950755,58.14564043209897,3.6498842592592724,65.76678240740765
4.063078703703718,33.81307870370382,4.338541666666682,46.51880787037054,4.2008101851852,47.99942129629647,4.2008101851852,60.90027006172861,4.090625000000014,68.71423611111135,3.6498842592592724,65.30767746913604
4.063078703703718,33.39988425925938,4.338541666666682,46.025270061728556,4.2008101851852,47.58622685185202,4.2008101851852,60.48707561728416,4.063078703703718,68.15412808642,3.6498842592592724,64.8944830246916
4.063078703703718,32.98668981481493,4.338541666666682,45.61207561728411,4.2008101851852,47.173032407407575,4.2008101851852,60.16570216049404,4.063078703703718,67.74093364197554,3.6498842592592724,64.48128858024714
4.063078703703718,32.57349537037049,4.338541666666682,45.24479166666683,4.2008101851852,46.75983796296313,4.2008101851852,59.01793981481502,4.063078703703718,67.3277391975311,3.6498842592592724,64.0680941358027
3.994212962962977,32.26359953703715,4.338541666666682,40.65374228395076,4.2008101851852,46.34664351851868,4.2008101851852,58.60474537037058,4.063078703703718,66.91454475308666,3.6498842592592724,63.65489969135825
4.2008101851852,31.781539351851965,4.338541666666682,40.263503086419895,4.2008101851852,45.93344907407424,4.2008101851852,58.19155092592613,4.063078703703718,66.50135030864222,3.6498842592592724,63.2417052469138
4.2008101851852,31.288001543209987,4.476273148148164,39.89621913580261,4.2008101851852,45.52025462962979,4.2008101851852,57.77835648148169,4.063078703703718,66.08815586419776,3.6498842592592724,62.82851080246936
4.2008101851852,30.87480709876554,4.614004629629646,46.85165895061745,4.2008101851852,45.10706018518535,4.16637731481483,57.2962962962965,4.063078703703718,65.67496141975332,3.6498842592592724,62.41531635802491
4.16637731481483,30.404224537037145,4.648437500000017,44.86603009259275,4.2008101851852,44.6938657407409,4.338541666666682,56.883101851852054,4.063078703703718,65.26176697530887,3.6498842592592724,62.00212191358047
4.366087962962978,30.01168981481492,4.614004629629646,44.37249228395078,4.2008101851852,44.280671296296454,4.641550925925943,65.54641203703726,4.063078703703718,64.84857253086443,3.6498842592592724,61.588927469136024
4.503819444444461,37.118634259259395,4.614004629629646,43.95929783950633,4.2008101851852,43.86747685185201,4.614004629629646,64.98630401234591,4.063078703703718,64.43537808641999,3.6498842592592724,61.175733024691574
4.476273148148164,36.567708333333464,4.614004629629646,43.546103395061884,4.2008101851852,43.477237654321144,4.614004629629646,64.57310956790147,4.063078703703718,64.02218364197553,3.6498842592592724,60.76253858024713
4.476273148148164,36.15451388888902,4.614004629629646,43.132908950617434,4.131944444444459,43.04108796296312,4.614004629629646,64.15991512345701,4.063078703703718,60.07388117283972,3.6154513888889017,60.29195601851873
4.476273148148164,35.74131944444457,4.614004629629646,42.71971450617299,4.063078703703718,42.62789351851867,4.614004629629646,63.74672067901257,4.063078703703718,59.155671296296504,3.6843171296296426,58.983506944444656
4.476273148148164,35.32812500000013,4.614004629629646,42.30652006172855,4.063078703703718,42.214699074074225,4.614004629629646,63.333526234568126,3.925347222222236,57.502893518518725,3.6498842592592724,58.51292438271626
4.476273148148164,34.91493055555568,4.614004629629646,41.8933256172841,4.063078703703718,41.52604166666681,4.614004629629646,62.92033179012368,3.925347222222236,57.158564814815016,3.622337962962976,58.026273148148356
4.476273148148164,34.501736111111235,4.614004629629646,41.480131172839656,4.476273148148164,53.0954861111113,4.614004629629646,62.50713734567923,4.228356481481496,71.13831018518543,3.7876157407407542,60.02797067901256
4.476273148148164,34.088541666666785,4.614004629629646,41.066936728395206,4.614004629629646,52.682291666666856,4.614004629629646,62.09394290123479,4.2008101851852,70.61033950617309,3.856481481481495,57.502893518518725
4.476273148148164,33.67534722222234,4.786168981481499,46.48437500000016,4.614004629629646,52.269097222222406,4.614004629629646,61.68074845679034,4.2008101851852,69.34780092592617,3.856481481481495,57.089699074074275
4.476273148148164,33.2621527777779,4.751736111111128,45.9793595679014,4.614004629629646,51.85590277777796,4.614004629629646,61.2675540123459,4.372974537037052,71.7581018518521,3.7876157407407542,56.67650462962983
4.476273148148164,32.84895833333345,4.751736111111128,45.566165123456955,4.614004629629646,51.44270833333351,4.614004629629646,60.85435956790145,4.338541666666682,63.56307870370393,4.063078703703718,73.30758101851877
4.476273148148164,32.43576388888901,4.751736111111128,45.17592592592609,4.614004629629646,51.02951388888907,4.614004629629646,60.441165123457004,4.338541666666682,63.14988425925949,4.063078703703718,72.83699845679038
4.476273148148164,32.02256944444456,4.786168981481499,40.69965277777792,4.614004629629646,50.61631944444463,4.614004629629646,60.07388117283972,4.338541666666682,62.73668981481504,4.063078703703718,72.42380401234594
4.641550925925943,31.41655092592604,4.751736111111128,40.194637345679155,4.614004629629646,50.20312500000018,4.614004629629646,59.01793981481502,4.338541666666682,62.323495370370594,4.063078703703718,72.0106095679015
4.614004629629646,30.87480709876554,4.88946759259261,39.80439814814829,4.614004629629646,49.858796296296475,4.614004629629646,58.60474537037058,4.338541666666682,61.93325617283973,4.063078703703718,71.59741512345704
4.614004629629646,30.461612654321097,5.061631944444462,44.72829861111127,4.641550925925943,48.715625000000166,4.614004629629646,58.19155092592613,4.476273148148164,68.93460648148172,4.063078703703718,71.1842206790126
4.751736111111128,38.56481481481495,5.027199074074092,44.234760802469296,4.476273148148164,48.41261574074091,4.614004629629646,57.77835648148169,4.476273148148164,68.52141203703728,4.063078703703718,70.77102623456815
4.751736111111128,29.84641203703714,5.027199074074092,43.821566358024846,4.88946759259261,53.0954861111113,4.614004629629646,57.365162037037244,4.476273148148164,68.10821759259284,4.063078703703718,70.42669753086444
4.88946759259261,37.394097222222356,5.027199074074092,43.4083719135804,5.027199074074092,52.682291666666856,4.614004629629646,56.60763888888909,4.476273148148164,67.6950231481484,4.090625000000014,69.43043981481507
4.88946759259261,36.98090277777791,5.027199074074092,42.99517746913595,5.027199074074092,52.269097222222406,4.751736111111128,56.951967592592794,4.476273148148164,67.28182870370394,4.063078703703718,68.88869598765457
4.88946759259261,36.567708333333464,5.027199074074092,42.58198302469151,5.027199074074092,51.85590277777796,5.054745370370389,65.4362268518521,4.476273148148164,66.8686342592595,4.063078703703718,68.47550154321011
4.88946759259261,36.15451388888902,5.027199074074092,42.16878858024706,5.027199074074092,51.44270833333351,5.027199074074092,64.8944830246916,4.476273148148164,66.45543981481505,4.063078703703718,68.06230709876567
4.88946759259261,35.74131944444457,5.027199074074092,41.75559413580262,5.027199074074092,51.02951388888907,5.027199074074092,64.48128858024714,4.476273148148164,66.04224537037061,4.063078703703718,67.64911265432123
4.88946759259261,35.32812500000013,5.027199074074092,41.342399691358175,5.027199074074092,50.61631944444463,5.027199074074092,64.0680941358027,4.476273148148164,65.62905092592617,4.063078703703718,67.23591820987679
4.88946759259261,34.91493055555568,5.164930555555574,46.66801697530881,5.027199074074092,50.20312500000018,5.027199074074092,63.65489969135825,4.476273148148164,65.21585648148171,4.063078703703718,66.82272376543234
4.88946759259261,34.501736111111235,5.164930555555574,46.25482253086436,5.027199074074092,49.858796296296475,5.027199074074092,63.2417052469138,4.476273148148164,64.80266203703727,4.063078703703718,66.40952932098789
4.88946759259261,34.088541666666785,5.164930555555574,45.84162808641992,5.027199074074092,48.68807870370388,5.027199074074092,62.82851080246936,4.476273148148164,64.38946759259282,4.063078703703718,65.99633487654344
4.88946759259261,33.67534722222234,5.164930555555574,45.42843364197547,5.302662037037056,53.0954861111113,5.027199074074092,62.41531635802491,4.476273148148164,63.97627314814837,4.063078703703718,65.583140432099
4.88946759259261,33.2621527777779,5.164930555555574,45.038194444444606,5.440393518518538,52.682291666666856,5.027199074074092,62.00212191358047,4.476273148148164,60.07388117283972,4.063078703703718,65.16994598765456
4.88946759259261,32.84895833333345,5.199363425925944,40.97511574074089,5.440393518518538,52.269097222222406,5.027199074074092,61.588927469136024,4.476273148148164,59.155671296296504,3.925347222222236,64.94039351851875
4.88946759259261,32.43576388888901,5.164930555555574,40.47010030864212,5.440393518518538,51.85590277777796,5.027199074074092,61.175733024691574,4.641550925925943,71.08321759259286,3.925347222222236,64.5271990740743
4.88946759259261,32.02256944444456,5.164930555555574,40.056905864197674,5.440393518518538,51.44270833333351,5.027199074074092,60.76253858024713,4.614004629629646,70.54147376543234,3.925347222222236,64.11400462962986
4.88946759259261,29.646701388888996,5.302662037037056,39.75848765432113,5.440393518518538,51.02951388888907,5.027199074074092,60.34934413580268,4.476273148148164,70.3807870370373,3.925347222222236,63.70081018518541
5.061631944444462,31.643807870370484,5.467939814814835,44.50104166666683,5.440393518518538,50.61631944444463,5.027199074074092,60.02797067901256,4.614004629629646,69.34780092592617,3.925347222222236,63.28761574074097
5.027199074074092,31.150270061728506,5.440393518518538,43.95929783950633,5.440393518518538,50.20312500000018,5.027199074074092,59.01793981481502,4.614004629629646,61.77256944444466,3.925347222222236,62.87442129629652
5.027199074074092,30.73707561728406,5.440393518518538,43.546103395061884,5.440393518518538,49.858796296296475,5.027199074074092,58.60474537037058,4.751736111111128,72.10243055555581,3.925347222222236,62.461226851852075
5.027199074074092,30.323881172839613,5.440393518518538,43.132908950617434,5.4059606481481675,48.75694444444462,5.027199074074092,58.19155092592613,4.751736111111128,71.68923611111137,3.925347222222236,62.048032407407625
5.164930555555574,38.56481481481495,5.440393518518538,42.71971450617299,5.715856481481501,53.0954861111113,5.027199074074092,57.77835648148169,4.751736111111128,63.56307870370393,3.925347222222236,61.63483796296318
5.199363425925944,29.887731481481588,5.440393518518538,42.30652006172855,5.853587962962984,52.682291666666856,5.027199074074092,57.365162037037244,4.751736111111128,63.14988425925949,3.925347222222236,61.22164351851874
5.302662037037056,37.16454475308655,5.440393518518538,41.8933256172841,5.853587962962984,52.269097222222406,5.027199074074092,56.60763888888909,4.751736111111128,62.73668981481504,3.925347222222236,60.80844907407429
5.302662037037056,36.7513503086421,5.440393518518538,41.480131172839656,5.853587962962984,51.85590277777796,5.164930555555574,56.951967592592794,4.786168981481499,62.254629629629854,3.925347222222236,60.39525462962985
5.302662037037056,36.33815586419766,5.5781250000000195,46.34664351851868,5.853587962962984,51.44270833333351,5.474826388888908,65.52575231481505,4.88946759259261,68.93460648148172,4.063078703703718,59.27044753086441
5.302662037037056,35.92496141975322,5.5781250000000195,45.93344907407424,5.853587962962984,51.02951388888907,5.440393518518538,65.03221450617308,4.88946759259261,68.52141203703728,3.925347222222236,58.74247685185206
5.302662037037056,35.51176697530877,5.5781250000000195,45.52025462962979,5.853587962962984,50.61631944444463,5.440393518518538,64.61902006172862,4.88946759259261,68.10821759259284,3.925347222222236,58.32928240740762
5.302662037037056,35.098572530864324,5.5781250000000195,45.10706018518535,5.853587962962984,50.20312500000018,5.440393518518538,64.20582561728418,4.88946759259261,67.6950231481484,3.925347222222236,57.91608796296317
5.302662037037056,34.685378086419874,5.5781250000000195,40.97511574074089,5.853587962962984,49.858796296296475,5.440393518518538,63.792631172839734,4.88946759259261,67.28182870370394,4.228356481481496,74.77442129629655
5.302662037037056,34.27218364197543,5.5781250000000195,40.56192129629644,5.853587962962984,48.82581018518536,5.440393518518538,63.379436728395284,4.88946759259261,66.8686342592595,4.2008101851852,74.2143132716052
5.302662037037056,33.85898919753098,5.5781250000000195,40.148726851852,6.129050925925948,53.0954861111113,5.440393518518538,62.96624228395084,4.88946759259261,66.45543981481505,4.2008101851852,73.80111882716075
5.302662037037056,33.44579475308654,5.715856481481501,48.82581018518536,6.26678240740743,52.682291666666856,5.440393518518538,62.5530478395064,4.88946759259261,66.04224537037061,4.2008101851852,59.89023919753107
5.302662037037056,33.032600308642095,5.715856481481501,39.80439814814829,6.26678240740743,52.269097222222406,5.440393518518538,62.13985339506195,4.88946759259261,65.62905092592617,4.372974537037052,75.44241898148175
5.302662037037056,32.619405864197645,5.853587962962984,44.6938657407409,6.26678240740743,51.85590277777796,5.440393518518538,61.726658950617505,4.88946759259261,65.21585648148171,4.510706018518534,75.8556134259262
5.302662037037056,32.2062114197532,5.853587962962984,44.280671296296454,6.26678240740743,51.44270833333351,5.440393518518538,61.313464506173055,4.88946759259261,64.80266203703727,4.503819444444461,73.34201388888916
5.302662037037056,29.612268518518622,5.853587962962984,43.86747685185201,6.26678240740743,51.02951388888907,5.440393518518538,60.90027006172861,4.88946759259261,64.38946759259282,4.476273148148164,72.79108796296322
5.440393518518538,31.747106481481595,5.853587962962984,43.45428240740756,6.26678240740743,50.61631944444463,5.440393518518538,60.48707561728416,4.88946759259261,63.97627314814837,4.476273148148164,72.37789351851877
5.440393518518538,31.33391203703715,5.853587962962984,43.04108796296312,6.26678240740743,50.20312500000018,5.440393518518538,60.0968364197533,4.88946759259261,60.05092592592614,4.476273148148164,71.96469907407433
5.440393518518538,30.920717592592702,5.853587962962984,42.62789351851867,6.26678240740743,49.858796296296475,5.440393518518538,59.01793981481502,4.88946759259261,59.155671296296504,4.476273148148164,71.55150462962989
5.440393518518538,30.507523148148255,5.853587962962984,42.214699074074225,6.294328703703727,48.715625000000166,5.440393518518538,58.60474537037058,5.027199074074092,72.72222222222248,4.476273148148164,71.13831018518543
5.5781250000000195,38.63368055555569,5.853587962962984,41.801504629629775,6.542245370370393,53.0954861111113,5.440393518518538,58.19155092592613,5.061631944444462,71.24160879629655,4.476273148148164,70.72511574074099
5.612557870370391,30.05989583333344,5.853587962962984,41.38831018518533,6.679976851851875,52.682291666666856,5.440393518518538,57.77835648148169,5.027199074074092,70.77102623456815,4.441840277777794,70.29470486111136
5.646990740740761,39.460069444444585,5.991319444444466,46.34664351851868,6.679976851851875,52.269097222222406,5.440393518518538,57.365162037037244,5.027199074074092,70.40374228395086,4.476273148148164,69.53144290123481
5.743402777777798,37.0635416666668,5.991319444444466,45.93344907407424,6.679976851851875,51.85590277777796,5.440393518518538,56.53877314814835,5.027199074074092,69.34780092592617,4.476273148148164,69.11824845679037
5.715856481481501,36.521797839506306,5.991319444444466,45.52025462962979,6.679976851851875,51.44270833333351,5.5781250000000195,65.83564814814838,5.192476851851871,72.10243055555581,4.476273148148164,68.70505401234593
5.715856481481501,36.108603395061856,5.991319444444466,45.10706018518535,6.679976851851875,51.02951388888907,5.5781250000000195,56.951967592592794,5.164930555555574,71.62037037037062,4.476273148148164,68.29185956790148
5.715856481481501,35.69540895061741,5.991319444444466,40.97511574074089,6.679976851851875,50.61631944444463,5.853587962962984,65.35358796296319,5.164930555555574,63.56307870370393,4.476273148148164,67.87866512345703
5.715856481481501,35.28221450617296,5.991319444444466,40.56192129629644,6.679976851851875,50.20312500000018,5.853587962962984,64.94039351851875,5.164930555555574,63.14988425925949,4.476273148148164,67.46547067901258
5.715856481481501,34.86902006172852,5.991319444444466,40.148726851852,6.679976851851875,49.858796296296475,5.853587962962984,64.5271990740743,5.164930555555574,62.73668981481504,4.476273148148164,67.05227623456814
5.715856481481501,34.45582561728407,6.129050925925948,48.75694444444462,6.679976851851875,48.68807870370388,5.853587962962984,64.11400462962986,5.164930555555574,62.36940586419775,4.476273148148164,66.6390817901237
5.715856481481501,34.04263117283963,6.129050925925948,39.80439814814829,6.95543981481484,53.0954861111113,5.853587962962984,63.70081018518541,5.302662037037056,68.93460648148172,4.476273148148164,66.22588734567925
5.715856481481501,33.629436728395184,6.26678240740743,44.6938657407409,7.093171296296322,52.682291666666856,5.853587962962984,63.28761574074097,5.302662037037056,68.52141203703728,4.476273148148164,65.8126929012348
5.715856481481501,33.216242283950734,6.26678240740743,44.280671296296454,7.093171296296322,52.269097222222406,5.853587962962984,62.87442129629652,5.302662037037056,68.10821759259284,4.476273148148164,65.42245370370394
5.715856481481501,32.80304783950629,6.26678240740743,43.86747685185201,7.093171296296322,51.85590277777796,5.853587962962984,62.461226851852075,5.302662037037056,67.6950231481484,4.476273148148164,59.36226851851873
5.715856481481501,32.38985339506184,6.26678240740743,43.45428240740756,7.093171296296322,51.44270833333351,5.853587962962984,62.048032407407625,5.302662037037056,67.28182870370394,4.614004629629646,74.89149305555583
5.715856481481501,31.9766589506174,6.26678240740743,43.04108796296312,7.093171296296322,51.02951388888907,5.853587962962984,61.63483796296318,5.302662037037056,66.8686342592595,4.614004629629646,74.39795524691384
5.7502893518518725,29.646701388888996,6.26678240740743,42.62789351851867,7.093171296296322,50.61631944444463,5.853587962962984,61.22164351851874,5.302662037037056,66.45543981481505,4.614004629629646,73.9847608024694
5.853587962962984,31.47164351851863,6.26678240740743,42.214699074074225,7.093171296296322,50.20312500000018,5.853587962962984,60.80844907407429,5.302662037037056,66.04224537037061,4.476273148148164,65.07812500000023
5.853587962962984,31.058449074074183,6.26678240740743,41.801504629629775,7.093171296296322,49.858796296296475,5.853587962962984,60.39525462962985,5.302662037037056,65.62905092592617,4.614004629629646,59.844328703703916
5.853587962962984,30.64525462962974,6.26678240740743,41.38831018518533,7.093171296296322,48.68807870370388,5.853587962962984,60.05092592592614,5.302662037037056,65.21585648148171,4.7792824074074245,76.7853009259262
5.991319444444466,38.61072530864211,6.4045138888889115,46.34664351851868,7.368634259259285,53.0954861111113,5.888020833333354,58.983506944444656,5.302662037037056,64.80266203703727,4.751736111111128,76.23437500000027
5.991319444444466,30.232060185185293,6.4045138888889115,45.93344907407424,7.506365740740767,52.682291666666856,5.853587962962984,58.51292438271626,5.302662037037056,64.38946759259282,4.917013888888906,75.62835648148176
6.129050925925948,37.256365740740875,6.4045138888889115,45.52025462962979,7.506365740740767,52.269097222222406,5.853587962962984,58.099729938271814,5.302662037037056,63.97627314814837,4.88946759259261,75.08661265432126
6.129050925925948,36.843171296296426,6.4045138888889115,45.10706018518535,7.506365740740767,51.85590277777796,5.853587962962984,57.686535493827364,5.302662037037056,60.05092592592614,4.917013888888906,73.56238425925953
6.129050925925948,36.42997685185198,6.4045138888889115,40.97511574074089,7.506365740740767,51.44270833333351,5.853587962962984,57.27334104938292,5.302662037037056,59.155671296296504,4.88946759259261,73.02064043209903
6.129050925925948,36.01678240740753,6.4045138888889115,40.56192129629644,7.506365740740767,51.02951388888907,5.888020833333354,56.53877314814835,5.440393518518538,72.79108796296322,4.88946759259261,72.60744598765459
6.129050925925948,35.60358796296309,6.4045138888889115,40.148726851852,7.506365740740767,50.61631944444463,5.991319444444466,65.76678240740765,5.440393518518538,71.13831018518543,4.88946759259261,72.19425154321013
6.129050925925948,35.19039351851865,6.542245370370393,48.80285493827178,7.506365740740767,50.20312500000018,6.037229938271627,56.906057098765636,5.440393518518538,70.72511574074099,4.88946759259261,71.78105709876569
6.129050925925948,34.7771990740742,6.542245370370393,39.80439814814829,7.506365740740767,49.858796296296475,6.294328703703727,65.35358796296319,5.440393518518538,70.3807870370373,4.88946759259261,71.36786265432124
6.129050925925948,34.364004629629754,6.679976851851875,44.6938657407409,7.506365740740767,48.68807870370388,6.26678240740743,64.80266203703727,5.440393518518538,69.34780092592617,4.88946759259261,70.9546682098768
6.129050925925948,33.950810185185304,6.679976851851875,44.280671296296454,7.781828703703732,53.0954861111113,6.26678240740743,64.38946759259282,5.5781250000000195,72.37789351851877,4.88946759259261,70.54147376543234
6.129050925925948,33.53761574074086,6.679976851851875,43.86747685185201,7.9195601851852135,52.682291666666856,6.26678240740743,63.97627314814837,5.5781250000000195,71.96469907407433,4.88946759259261,70.22010030864223
6.129050925925948,33.12442129629641,6.679976851851875,43.45428240740756,7.9195601851852135,52.269097222222406,6.26678240740743,63.56307870370393,5.5781250000000195,71.55150462962989,4.88946759259261,69.48553240740766
6.129050925925948,32.71122685185197,6.679976851851875,43.04108796296312,7.9195601851852135,51.85590277777796,6.26678240740743,63.14988425925949,5.5781250000000195,63.56307870370393,4.88946759259261,69.0723379629632
6.129050925925948,32.298032407407526,6.679976851851875,42.62789351851867,7.9195601851852135,51.44270833333351,6.26678240740743,62.73668981481504,5.5781250000000195,63.14988425925949,4.88946759259261,68.65914351851876
6.129050925925948,31.884837962963076,6.679976851851875,42.214699074074225,7.9195601851852135,51.02951388888907,6.26678240740743,62.323495370370594,5.605671296296316,62.62650462962985,4.88946759259261,68.24594907407432
6.094618055555578,29.750000000000107,6.679976851851875,41.801504629629775,7.9195601851852135,50.61631944444463,6.26678240740743,61.910300925926144,5.440393518518538,62.392361111111335,4.88946759259261,67.83275462962987
6.26678240740743,31.47164351851863,6.679976851851875,41.38831018518533,7.9195601851852135,50.20312500000018,6.26678240740743,61.4971064814817,5.715856481481501,68.93460648148172,4.88946759259261,67.41956018518542
6.26678240740743,31.058449074074183,6.817708333333358,46.34664351851868,7.9195601851852135,49.858796296296475,6.26678240740743,61.08391203703725,5.715856481481501,68.52141203703728,4.88946759259261,67.00636574074097
6.26678240740743,30.64525462962974,6.817708333333358,45.93344907407424,7.9195601851852135,48.68807870370388,6.26678240740743,60.67071759259281,5.715856481481501,68.10821759259284,4.88946759259261,66.59317129629653
6.26678240740743,29.47453703703714,6.817708333333358,45.52025462962979,8.195023148148177,53.0954861111113,6.26678240740743,60.257523148148366,5.715856481481501,67.6950231481484,4.88946759259261,66.17997685185209
6.4045138888889115,38.587770061728534,6.817708333333358,45.10706018518535,8.33275462962966,52.682291666666856,6.197916666666688,60.01649305555577,5.715856481481501,67.28182870370394,4.88946759259261,65.78973765432121
6.438946759259282,30.266493055555664,6.817708333333358,40.97511574074089,8.33275462962966,52.269097222222406,6.26678240740743,59.155671296296504,5.715856481481501,66.8686342592595,4.88946759259261,59.36226851851873
6.542245370370393,37.16454475308655,6.817708333333358,40.56192129629644,8.33275462962966,51.85590277777796,6.26678240740743,58.74247685185206,5.715856481481501,66.45543981481505,5.027199074074092,74.58159722222248
6.542245370370393,36.7513503086421,6.817708333333358,40.148726851852,8.33275462962966,51.44270833333351,6.26678240740743,58.32928240740762,5.715856481481501,66.04224537037061,5.027199074074092,74.16840277777804
6.542245370370393,36.33815586419766,6.95543981481484,48.82581018518536,8.33275462962966,51.02951388888907,6.26678240740743,57.91608796296317,5.715856481481501,65.62905092592617,5.027199074074092,59.844328703703916
6.542245370370393,35.92496141975322,6.95543981481484,39.80439814814829,8.33275462962966,50.61631944444463,6.26678240740743,57.502893518518725,5.715856481481501,65.21585648148171,5.164930555555574,77.06076388888916
6.542245370370393,35.51176697530877,7.093171296296322,44.6938657407409,8.33275462962966,50.20312500000018,6.294328703703727,56.51122685185206,5.715856481481501,64.80266203703727,5.164930555555574,76.64756944444471
6.542245370370393,35.098572530864324,7.093171296296322,44.280671296296454,8.33275462962966,49.858796296296475,6.4045138888889115,57.089699074074275,5.715856481481501,64.38946759259282,5.164930555555574,76.23437500000027
6.542245370370393,34.685378086419874,7.093171296296322,43.86747685185201,8.33275462962966,48.82581018518536,6.679976851851875,65.49131944444467,5.715856481481501,63.97627314814837,5.302662037037056,75.82118055555583
6.542245370370393,34.27218364197543,7.093171296296322,43.45428240740756,8.608217592592624,53.0954861111113,6.679976851851875,65.07812500000023,5.715856481481501,60.05092592592614,5.302662037037056,75.40798611111138
6.542245370370393,33.85898919753098,7.093171296296322,43.04108796296312,8.745949074074105,52.682291666666856,6.679976851851875,64.66493055555578,5.715856481481501,59.155671296296504,5.302662037037056,74.99479166666693
6.542245370370393,33.44579475308654,7.093171296296322,42.62789351851867,8.745949074074105,52.269097222222406,6.679976851851875,64.25173611111134,5.853587962962984,72.74517746913607,5.302662037037056,73.7552083333336
6.542245370370393,33.032600308642095,7.093171296296322,42.214699074074225,8.745949074074105,51.85590277777796,6.679976851851875,63.83854166666689,5.888020833333354,71.17274305555581,5.302662037037056,73.34201388888916
6.542245370370393,32.619405864197645,7.093171296296322,41.801504629629775,8.745949074074105,51.44270833333351,6.679976851851875,63.42534722222245,5.853587962962984,70.67920524691384,5.302662037037056,72.9288194444447
6.542245370370393,32.2062114197532,7.093171296296322,41.38831018518533,8.745949074074105,51.02951388888907,6.679976851851875,63.012152777778,5.853587962962984,70.35783179012371,5.302662037037056,72.51562500000026
6.542245370370393,31.793016975308756,7.230902777777803,46.34664351851868,8.745949074074105,50.61631944444463,6.679976851851875,62.598958333333556,5.853587962962984,69.34780092592617,5.302662037037056,72.10243055555581
6.5766782407407645,29.818865740740847,7.230902777777803,45.93344907407424,8.745949074074105,50.20312500000018,6.679976851851875,62.18576388888911,6.025752314814836,72.37789351851877,5.302662037037056,71.68923611111137
6.679976851851875,31.33391203703715,7.230902777777803,45.52025462962979,8.745949074074105,49.858796296296475,6.679976851851875,61.77256944444466,5.991319444444466,71.87287808642,5.302662037037056,71.27604166666691
6.679976851851875,30.920717592592702,7.230902777777803,45.10706018518535,8.745949074074105,48.82581018518536,6.679976851851875,61.35937500000022,5.991319444444466,71.48263888888914,5.302662037037056,70.86284722222247
6.714409722222246,29.47453703703714,7.230902777777803,40.97511574074089,9.021412037037068,53.06105324074093,6.679976851851875,60.94618055555577,5.991319444444466,63.56307870370393,5.302662037037056,70.31192129629655
6.817708333333358,38.63368055555569,7.230902777777803,40.56192129629644,9.186689814814848,52.461921296296474,6.679976851851875,60.53298611111133,5.991319444444466,63.14988425925949,5.302662037037056,69.48553240740766
6.817708333333358,30.507523148148255,7.230902777777803,40.148726851852,9.159143518518551,51.90181327160512,6.679976851851875,60.11979166666688,5.963773148148168,62.62650462962985,5.302662037037056,69.0723379629632
6.95543981481484,37.118634259259395,7.368634259259285,48.82581018518536,9.159143518518551,51.48861882716068,6.679976851851875,59.06385030864219,6.129050925925948,68.93460648148172,5.302662037037056,68.65914351851876
6.95543981481484,36.705439814814945,7.368634259259285,39.80439814814829,9.159143518518551,51.07542438271623,6.679976851851875,58.65065586419774,6.129050925925948,68.52141203703728,5.302662037037056,68.24594907407432
6.95543981481484,36.2922453703705,7.506365740740767,44.6938657407409,9.159143518518551,50.662229938271786,6.679976851851875,58.237461419753295,6.129050925925948,68.10821759259284,5.302662037037056,67.83275462962987
6.95543981481484,35.87905092592605,7.506365740740767,44.280671296296454,9.159143518518551,50.249035493827336,6.679976851851875,57.824266975308845,6.129050925925948,67.6950231481484,5.302662037037056,67.41956018518542
6.95543981481484,35.46585648148161,7.506365740740767,43.86747685185201,9.159143518518551,49.88175154321005,6.679976851851875,57.4110725308644,6.129050925925948,67.28182870370394,5.302662037037056,67.00636574074097
6.95543981481484,35.05266203703716,7.506365740740767,43.45428240740756,9.159143518518551,48.68807870370388,6.679976851851875,56.67650462962983,6.129050925925948,66.8686342592595,5.302662037037056,66.59317129629653
6.95543981481484,34.639467592592716,7.506365740740767,43.04108796296312,9.434606481481515,53.0954861111113,7.093171296296322,65.49131944444467,6.129050925925948,66.45543981481505,5.268229166666686,66.12832754629653
6.95543981481484,34.22627314814827,7.506365740740767,42.62789351851867,9.606770833333368,52.64785879629648,7.093171296296322,65.07812500000023,6.129050925925948,66.04224537037061,5.302662037037056,59.36226851851873
6.95543981481484,33.81307870370382,7.506365740740767,42.214699074074225,9.572337962962997,52.17727623456808,7.093171296296322,64.66493055555578,6.129050925925948,65.62905092592617,5.440393518518538,74.58159722222248
6.95543981481484,33.39988425925938,7.506365740740767,41.801504629629775,9.572337962962997,51.76408179012364,7.093171296296322,64.25173611111134,6.129050925925948,65.21585648148171,5.440393518518538,74.16840277777804
6.95543981481484,32.98668981481493,7.506365740740767,41.38831018518533,9.572337962962997,51.3508873456792,7.093171296296322,63.83854166666689,6.129050925925948,64.80266203703727,5.440393518518538,59.844328703703916
6.95543981481484,32.57349537037049,7.644097222222249,46.34664351851868,9.572337962962997,50.93769290123475,7.093171296296322,63.42534722222245,6.129050925925948,64.38946759259282,5.5781250000000195,77.06076388888916
6.95543981481484,32.16030092592604,7.644097222222249,45.93344907407424,9.572337962962997,50.524498456790305,7.093171296296322,63.012152777778,6.129050925925948,63.97627314814837,5.5781250000000195,76.64756944444471
6.95543981481484,31.747106481481595,7.644097222222249,45.52025462962979,9.572337962962997,50.111304012345855,7.093171296296322,62.598958333333556,6.129050925925948,60.05092592592614,5.5781250000000195,76.23437500000027
6.95543981481484,30.09432870370381,7.644097222222249,45.10706018518535,9.503472222222255,49.858796296296475,7.093171296296322,62.18576388888911,6.129050925925948,59.155671296296504,5.715856481481501,75.82118055555583
7.093171296296322,31.33391203703715,7.644097222222249,40.97511574074089,9.572337962962997,48.82581018518536,7.093171296296322,61.77256944444466,6.3012152777778,71.03501157407433,5.715856481481501,75.40798611111138
7.093171296296322,30.920717592592702,7.644097222222249,40.56192129629644,9.572337962962997,48.41261574074091,7.093171296296322,61.35937500000022,6.239236111111132,70.44965277777803,5.715856481481501,74.99479166666693
7.093171296296322,29.54340277777788,7.644097222222249,40.148726851852,9.572337962962997,47.99942129629647,7.093171296296322,60.94618055555577,6.26678240740743,69.34780092592617,5.715856481481501,73.7552083333336
7.230902777777803,38.63368055555569,7.781828703703732,48.82581018518536,9.572337962962997,47.58622685185202,7.093171296296322,60.53298611111133,6.4045138888889115,72.56153549382742,5.715856481481501,73.34201388888916
7.265335648148174,30.473090277777885,7.781828703703732,39.80439814814829,9.572337962962997,47.173032407407575,7.093171296296322,60.11979166666688,6.4045138888889115,72.14834104938298,5.715856481481501,72.9288194444447
7.396180555555583,37.0635416666668,7.9195601851852135,44.6938657407409,9.572337962962997,46.75983796296313,7.093171296296322,59.01793981481502,6.4045138888889115,71.73514660493852,5.715856481481501,72.51562500000026
7.368634259259285,36.521797839506306,7.9195601851852135,44.280671296296454,9.572337962962997,46.34664351851868,7.093171296296322,58.60474537037058,6.4045138888889115,71.34490740740766,5.715856481481501,72.10243055555581
7.368634259259285,36.108603395061856,7.9195601851852135,43.86747685185201,9.572337962962997,45.93344907407424,7.093171296296322,58.19155092592613,6.4045138888889115,63.56307870370393,5.715856481481501,71.68923611111137
7.368634259259285,35.69540895061741,7.9195601851852135,43.45428240740756,9.572337962962997,45.52025462962979,7.093171296296322,57.77835648148169,6.4045138888889115,63.14988425925949,5.715856481481501,71.27604166666691
7.368634259259285,35.28221450617296,7.9195601851852135,43.04108796296312,9.572337962962997,45.10706018518535,7.093171296296322,57.365162037037244,6.4045138888889115,62.6678240740743,5.715856481481501,70.86284722222247
7.368634259259285,34.86902006172852,7.9195601851852135,42.62789351851867,9.572337962962997,44.6938657407409,7.093171296296322,56.951967592592794,6.542245370370393,68.93460648148172,5.715856481481501,70.44965277777803
7.368634259259285,34.45582561728407,7.9195601851852135,42.214699074074225,9.572337962962997,44.280671296296454,7.093171296296322,56.53877314814835,6.542245370370393,68.52141203703728,5.715856481481501,69.48553240740766
7.368634259259285,34.04263117283963,7.9195601851852135,41.801504629629775,9.641203703703738,43.86747685185201,7.506365740740767,65.49131944444467,6.542245370370393,68.10821759259284,5.715856481481501,69.0723379629632
7.368634259259285,33.629436728395184,7.9195601851852135,41.38831018518533,9.618248456790157,43.36246141975324,7.506365740740767,65.07812500000023,6.542245370370393,67.6950231481484,5.715856481481501,68.65914351851876
7.368634259259285,33.216242283950734,8.057291666666694,46.34664351851868,9.710069444444478,43.04108796296312,7.506365740740767,64.66493055555578,6.542245370370393,67.28182870370394,5.715856481481501,68.24594907407432
7.368634259259285,32.80304783950629,8.057291666666694,45.93344907407424,9.710069444444478,42.49016203703719,7.506365740740767,64.25173611111134,6.542245370370393,66.8686342592595,5.715856481481501,67.83275462962987
7.368634259259285,32.38985339506184,8.057291666666694,45.52025462962979,9.847800925925961,51.85590277777796,7.506365740740767,63.83854166666689,6.542245370370393,66.45543981481505,5.715856481481501,67.41956018518542
7.368634259259285,31.9766589506174,8.057291666666694,45.10706018518535,9.847800925925961,51.44270833333351,7.506365740740767,63.42534722222245,6.542245370370393,66.04224537037061,5.715856481481501,67.00636574074097
7.368634259259285,31.563464506172952,8.057291666666694,40.97511574074089,9.847800925925961,51.02951388888907,7.506365740740767,63.012152777778,6.542245370370393,65.62905092592617,5.715856481481501,66.45543981481505
7.4030671296296555,29.9910300925927,8.057291666666694,40.56192129629644,9.847800925925961,50.61631944444463,7.506365740740767,62.598958333333556,6.542245370370393,65.21585648148171,5.715856481481501,59.36226851851873
7.506365740740767,31.058449074074183,8.057291666666694,40.148726851852,9.847800925925961,50.0653935185187,7.506365740740767,62.18576388888911,6.542245370370393,64.80266203703727,5.853587962962984,74.58159722222248
7.506365740740767,29.47453703703714,8.195023148148177,48.82581018518536,9.847800925925961,48.82581018518536,7.506365740740767,61.77256944444466,6.542245370370393,64.38946759259282,5.853587962962984,74.16840277777804
7.644097222222249,38.63368055555569,8.195023148148177,39.80439814814829,9.847800925925961,48.41261574074091,7.506365740740767,61.35937500000022,6.542245370370393,63.97627314814837,5.853587962962984,59.844328703703916
7.644097222222249,30.64525462962974,8.33275462962966,44.6938657407409,9.847800925925961,47.99942129629647,7.506365740740767,60.94618055555577,6.542245370370393,60.05092592592614,5.991319444444466,77.06076388888916
7.781828703703732,37.256365740740875,8.33275462962966,44.280671296296454,9.847800925925961,47.58622685185202,7.506365740740767,60.53298611111133,6.542245370370393,59.155671296296504,5.991319444444466,76.64756944444471
7.781828703703732,36.843171296296426,8.33275462962966,43.86747685185201,9.847800925925961,47.173032407407575,7.506365740740767,60.11979166666688,6.714409722222246,70.89728009259285,5.991319444444466,76.23437500000027
7.781828703703732,36.42997685185198,8.33275462962966,43.45428240740756,9.847800925925961,46.75983796296313,7.506365740740767,59.01793981481502,6.679976851851875,70.42669753086444,6.129050925925948,75.82118055555583
7.781828703703732,36.01678240740753,8.33275462962966,43.04108796296312,9.847800925925961,46.34664351851868,7.506365740740767,58.60474537037058,6.679976851851875,69.34780092592617,6.129050925925948,75.40798611111138
7.781828703703732,35.60358796296309,8.33275462962966,42.62789351851867,9.847800925925961,45.93344907407424,7.506365740740767,58.19155092592613,6.817708333333358,72.42380401234594,6.129050925925948,74.99479166666693
7.781828703703732,35.19039351851865,8.33275462962966,42.214699074074225,9.847800925925961,45.52025462962979,7.506365740740767,57.77835648148169,6.817708333333358,72.0106095679015,6.129050925925948,73.7552083333336
7.781828703703732,34.7771990740742,8.33275462962966,41.801504629629775,9.847800925925961,45.10706018518535,7.506365740740767,57.365162037037244,6.817708333333358,71.59741512345704,6.129050925925948,73.34201388888916
7.781828703703732,34.364004629629754,8.33275462962966,41.38831018518533,30.948263888888995,50.80914351851869,7.506365740740767,56.951967592592794,6.817708333333358,71.20717592592618,6.129050925925948,72.9288194444447
7.781828703703732,33.950810185185304,8.470486111111141,46.34664351851868,31.058449074074183,50.386766975308824,7.506365740740767,56.53877314814835,6.817708333333358,63.56307870370393,6.129050925925948,72.51562500000026
7.781828703703732,33.53761574074086,8.470486111111141,45.93344907407424,31.196180555555667,47.035300925926094,7.9195601851852135,65.76678240740765,6.817708333333358,63.14988425925949,6.129050925925948,72.10243055555581
7.781828703703732,33.12442129629641,8.470486111111141,45.52025462962979,31.223726851851957,46.401736111111276,7.9195601851852135,65.35358796296319,6.845254629629655,62.62650462962985,6.129050925925948,71.68923611111137
7.781828703703732,32.71122685185197,8.470486111111141,45.10706018518535,31.196180555555667,45.956404320987815,7.9195601851852135,64.94039351851875,6.95543981481484,68.93460648148172,6.129050925925948,71.27604166666691
7.781828703703732,32.298032407407526,8.470486111111141,40.97511574074089,31.33391203703715,50.845871913580424,7.9195601851852135,64.5271990740743,6.95543981481484,68.52141203703728,6.129050925925948,70.86284722222247
7.781828703703732,31.884837962963076,8.470486111111141,40.56192129629644,31.47164351851863,50.455632716049564,7.9195601851852135,64.11400462962986,6.95543981481484,68.10821759259284,6.129050925925948,70.31192129629655
7.781828703703732,31.47164351851863,8.470486111111141,40.148726851852,31.609375000000114,47.035300925926094,7.9195601851852135,63.70081018518541,6.95543981481484,67.6950231481484,6.129050925925948,69.48553240740766
7.781828703703732,30.232060185185293,8.608217592592624,48.82581018518536,31.609375000000114,46.622106481481644,7.9195601851852135,63.28761574074097,6.95543981481484,67.28182870370394,6.129050925925948,69.0723379629632
7.781828703703732,29.818865740740847,8.608217592592624,39.82735339506187,31.609375000000114,46.07118055555572,7.9195601851852135,62.87442129629652,6.95543981481484,66.8686342592595,6.129050925925948,68.65914351851876
7.9195601851852135,31.058449074074183,8.773495370370403,44.6938657407409,32.05011574074085,55.97407407407427,7.9195601851852135,62.461226851852075,6.95543981481484,66.45543981481505,6.129050925925948,68.24594907407432
7.9195601851852135,29.47453703703714,8.745949074074105,44.14293981481497,32.02256944444456,46.75983796296313,7.9195601851852135,62.048032407407625,6.95543981481484,66.04224537037061,6.129050925925948,67.83275462962987
8.057291666666694,38.63368055555569,8.745949074074105,43.72974537037052,32.02256944444456,46.369598765432265,7.9195601851852135,61.63483796296318,6.95543981481484,65.62905092592617,6.129050925925948,67.41956018518542
8.057291666666694,30.64525462962974,8.745949074074105,43.31655092592608,31.953703703703816,46.07118055555572,7.9195601851852135,61.22164351851874,6.95543981481484,65.21585648148171,6.129050925925948,67.00636574074097
8.195023148148177,37.256365740740875,8.745949074074105,42.90335648148164,32.16030092592604,56.53877314814835,7.9195601851852135,60.80844907407429,6.95543981481484,64.80266203703727,6.094618055555578,66.5243055555558
8.195023148148177,36.843171296296426,8.745949074074105,42.49016203703719,32.43576388888901,56.1255787037039,7.9195601851852135,60.39525462962985,6.95543981481484,64.38946759259282,6.129050925925948,59.36226851851873
8.195023148148177,36.42997685185198,8.745949074074105,42.076967592592744,32.43576388888901,55.73533950617304,7.9195601851852135,60.05092592592614,6.95543981481484,63.97627314814837,6.26678240740743,74.58159722222248
8.195023148148177,36.01678240740753,8.745949074074105,41.663773148148294,32.57349537037049,56.53877314814835,7.9195601851852135,59.01793981481502,6.95543981481484,60.05092592592614,6.26678240740743,74.16840277777804
8.195023148148177,35.60358796296309,8.745949074074105,41.25057870370385,32.84895833333345,56.1255787037039,7.9195601851852135,58.60474537037058,6.95543981481484,59.155671296296504,6.26678240740743,66.20293209876567
8.195023148148177,35.19039351851865,8.883680555555587,46.4499421296298,32.88339120370382,55.64351851851872,7.9195601851852135,58.19155092592613,7.093171296296322,70.72511574074099,6.26678240740743,59.844328703703916
8.195023148148177,34.7771990740742,8.883680555555587,45.9793595679014,32.98668981481493,56.56172839506193,7.9195601851852135,57.77835648148169,7.093171296296322,70.3807870370373,6.4045138888889115,77.06076388888916
8.195023148148177,34.364004629629754,8.883680555555587,45.566165123456955,32.98668981481493,53.55459104938291,7.9195601851852135,57.365162037037244,7.093171296296322,69.34780092592617,6.4045138888889115,76.64756944444471
8.195023148148177,33.950810185185304,8.883680555555587,45.24479166666683,33.2621527777779,55.80420524691378,7.9195601851852135,56.951967592592794,7.230902777777803,72.37789351851877,6.4045138888889115,76.23437500000027
8.195023148148177,33.53761574074086,8.883680555555587,40.665219907407554,33.2621527777779,55.45987654321007,7.9195601851852135,56.53877314814835,7.230902777777803,71.96469907407433,6.438946759259282,65.9389467592595
8.195023148148177,33.12442129629641,8.883680555555587,40.194637345679155,33.2621527777779,53.31929976851871,8.33275462962966,65.76678240740765,7.230902777777803,71.55150462962989,6.5766782407407645,75.78674768518546
8.195023148148177,32.71122685185197,9.021412037037068,48.779899691358196,33.53761574074086,53.611979166666856,8.33275462962966,65.35358796296319,7.230902777777803,71.13831018518543,6.542245370370393,75.31616512345705
8.195023148148177,32.298032407407526,9.021412037037068,39.87326388888903,33.67534722222234,55.345100308642174,8.33275462962966,64.94039351851875,7.230902777777803,63.56307870370393,6.542245370370393,74.90297067901261
8.195023148148177,31.884837962963076,9.193576388888921,44.86603009259275,33.67534722222234,54.931905864197724,8.33275462962966,64.5271990740743,7.230902777777803,63.14988425925949,6.5766782407407645,73.72077546296323
8.195023148148177,31.47164351851863,9.159143518518551,44.37249228395078,33.67534722222234,54.51871141975328,8.33275462962966,64.11400462962986,7.230902777777803,62.598958333333556,6.542245370370393,73.25019290123483
8.195023148148177,30.232060185185293,9.159143518518551,43.95929783950633,33.67534722222234,54.10551697530883,8.33275462962966,63.70081018518541,7.368634259259285,68.93460648148172,6.542245370370393,72.83699845679038
8.195023148148177,29.818865740740847,9.159143518518551,43.546103395061884,33.8475115740742,53.336516203703894,8.33275462962966,63.28761574074097,7.368634259259285,68.52141203703728,6.542245370370393,72.42380401234594
8.33275462962966,31.058449074074183,9.159143518518551,43.132908950617434,33.92326388888901,57.47534722222243,8.33275462962966,62.87442129629652,7.368634259259285,68.10821759259284,6.542245370370393,72.0106095679015
8.33275462962966,29.47453703703714,9.159143518518551,42.71971450617299,33.98524305555568,53.74971064814834,8.33275462962966,62.461226851852075,7.368634259259285,67.6950231481484,6.542245370370393,71.59741512345704
8.470486111111141,38.63368055555569,9.159143518518551,42.30652006172855,34.088541666666785,55.11554783950637,8.33275462962966,62.048032407407625,7.368634259259285,67.28182870370394,6.542245370370393,71.1842206790126
8.470486111111141,30.64525462962974,9.159143518518551,41.8933256172841,34.088541666666785,54.748263888889085,8.33275462962966,61.63483796296318,7.368634259259285,66.8686342592595,6.542245370370393,70.77102623456815
8.608217592592624,37.256365740740875,9.159143518518551,41.480131172839656,34.088541666666785,54.28915895061748,8.33275462962966,61.22164351851874,7.368634259259285,66.45543981481505,6.514699074074096,70.29814814814839
8.608217592592624,36.843171296296426,9.159143518518551,41.066936728395206,34.22627314814827,57.91608796296317,8.33275462962966,60.80844907407429,7.368634259259285,66.04224537037061,6.542245370370393,69.48553240740766
8.608217592592624,36.42997685185198,9.296875000000034,46.80574845679029,34.22627314814827,57.158564814815016,8.33275462962966,60.39525462962985,7.368634259259285,65.62905092592617,6.542245370370393,69.0723379629632
8.608217592592624,36.01678240740753,9.296875000000034,46.39255401234584,34.25381944444456,53.23321759259278,8.33275462962966,60.05092592592614,7.368634259259285,65.21585648148171,6.542245370370393,68.65914351851876
8.608217592592624,35.60358796296309,9.296875000000034,45.9793595679014,34.364004629629754,57.502893518518725,8.33275462962966,58.983506944444656,7.368634259259285,64.80266203703727,6.542245370370393,68.24594907407432
8.608217592592624,35.19039351851865,9.296875000000034,45.566165123456955,34.364004629629754,53.78414351851871,8.33275462962966,58.51292438271626,7.368634259259285,64.38946759259282,6.542245370370393,67.83275462962987
8.608217592592624,34.7771990740742,9.296875000000034,45.17592592592609,34.47418981481494,54.885995370370566,8.33275462962966,58.099729938271814,7.368634259259285,63.97627314814837,6.542245370370393,67.41956018518542
8.608217592592624,34.364004629629754,9.331307870370404,40.69965277777792,34.501736111111235,54.197337962963154,8.33275462962966,57.686535493827364,7.368634259259285,60.05092592592614,6.542245370370393,67.00636574074097
8.608217592592624,33.950810185185304,9.296875000000034,40.194637345679155,34.639467592592716,57.824266975308845,8.33275462962966,57.27334104938292,7.368634259259285,59.155671296296504,6.542245370370393,66.59317129629653
8.608217592592624,33.53761574074086,9.434606481481515,39.89621913580261,34.66701388888901,57.2136574074076,8.33275462962966,56.86014660493847,7.506365740740767,70.72511574074099,6.542245370370393,59.36226851851873
8.608217592592624,33.12442129629641,9.599884259259294,44.63877314814831,34.639467592592716,53.25617283950636,8.33275462962966,56.492862654321186,7.506365740740767,70.3807870370373,6.679976851851875,74.48977623456817
8.608217592592624,32.71122685185197,9.572337962962997,44.09702932098781,34.80474537037049,64.6098379629632,8.745949074074105,65.76678240740765,7.506365740740767,69.34780092592617,6.679976851851875,74.16840277777804
8.608217592592624,32.298032407407526,9.572337962962997,43.683834876543365,34.74276620370383,64.04513888888911,8.745949074074105,65.35358796296319,7.644097222222249,72.37789351851877,6.679976851851875,59.844328703703916
8.608217592592624,31.884837962963076,9.572337962962997,43.27064043209892,34.81163194444457,53.78414351851871,8.745949074074105,64.94039351851875,7.644097222222249,71.96469907407433,6.817708333333358,77.10667438271632
8.608217592592624,31.47164351851863,9.572337962962997,42.85744598765447,35.00675154321,57.73244598765453,8.745949074074105,64.5271990740743,7.644097222222249,71.55150462962989,6.817708333333358,76.69347993827188
8.608217592592624,30.232060185185293,9.572337962962997,42.44425154321003,34.91493055555568,57.365162037037244,8.745949074074105,64.11400462962986,7.644097222222249,71.13831018518543,6.817708333333358,76.28028549382744
8.642650462962994,29.750000000000107,9.572337962962997,42.03105709876558,35.02511574074087,53.02662037037056,8.745949074074105,63.70081018518541,7.644097222222249,63.56307870370393,6.783275462962987,66.11111111111134
8.780381944444475,31.092881944444557,9.572337962962997,41.61786265432114,35.19039351851865,64.94039351851875,8.745949074074105,63.28761574074097,7.644097222222249,63.14988425925949,6.95543981481484,75.82118055555583
8.745949074074105,29.577835648148252,9.572337962962997,41.20466820987669,35.19039351851865,64.5271990740743,8.745949074074105,62.87442129629652,7.644097222222249,62.598958333333556,6.95543981481484,75.40798611111138
8.883680555555587,38.587770061728534,9.75597993827164,46.53028549382733,35.19039351851865,63.97627314814837,8.745949074074105,62.461226851852075,7.781828703703732,68.93460648148172,6.95543981481484,74.99479166666693
8.918113425925958,30.576388888888996,9.710069444444478,46.025270061728556,35.05266203703716,53.78414351851871,8.745949074074105,62.048032407407625,7.781828703703732,68.52141203703728,6.95543981481484,73.7552083333336
9.021412037037068,37.15306712962976,9.710069444444478,45.61207561728411,35.32812500000013,52.682291666666856,8.745949074074105,61.63483796296318,7.781828703703732,68.10821759259284,6.95543981481484,73.34201388888916
9.021412037037068,36.65952932098779,9.710069444444478,45.19888117283967,35.4934027777779,51.22233796296314,8.745949074074105,61.22164351851874,7.781828703703732,67.6950231481484,6.95543981481484,72.9288194444447
9.021412037037068,36.24633487654334,9.641203703703738,40.69965277777792,35.46585648148161,50.662229938271786,8.745949074074105,60.80844907407429,7.781828703703732,67.28182870370394,6.95543981481484,72.51562500000026
9.021412037037068,35.833140432098894,9.664158950617319,40.194637345679155,35.46585648148161,50.2949459876545,8.745949074074105,60.39525462962985,7.781828703703732,66.8686342592595,6.95543981481484,72.10243055555581
9.021412037037068,35.419945987654444,9.847800925925961,47.99942129629647,35.63802083333346,64.90596064814838,8.745949074074105,60.05092592592614,7.781828703703732,66.45543981481505,6.95543981481484,71.68923611111137
9.021412037037068,35.00675154321,9.847800925925961,47.58622685185202,35.60358796296309,64.43537808641999,8.745949074074105,59.155671296296504,7.781828703703732,66.04224537037061,6.95543981481484,71.27604166666691
9.021412037037068,34.59355709876556,9.847800925925961,47.173032407407575,35.5760416666668,63.96250000000022,8.745949074074105,58.74247685185206,7.781828703703732,65.62905092592617,6.95543981481484,70.86284722222247
9.021412037037068,34.18036265432111,9.847800925925961,44.6938657407409,35.60358796296309,60.07388117283972,8.745949074074105,58.32928240740762,7.781828703703732,65.21585648148171,6.95543981481484,70.31192129629655
9.021412037037068,33.767168209876665,9.847800925925961,44.280671296296454,35.60358796296309,52.269097222222406,8.745949074074105,57.91608796296317,7.781828703703732,64.80266203703727,6.95543981481484,69.48553240740766
9.021412037037068,33.353973765432215,9.847800925925961,43.86747685185201,35.60358796296309,51.85590277777796,8.745949074074105,57.502893518518725,7.781828703703732,64.38946759259282,6.95543981481484,69.0723379629632
9.021412037037068,32.94077932098777,9.847800925925961,43.45428240740756,35.74131944444457,52.682291666666856,8.745949074074105,57.089699074074275,7.781828703703732,63.97627314814837,6.95543981481484,68.65914351851876
9.021412037037068,32.52758487654332,9.847800925925961,43.04108796296312,35.81018518518531,60.257523148148366,8.745949074074105,56.53877314814835,7.781828703703732,60.05092592592614,6.95543981481484,68.24594907407432
9.021412037037068,32.11439043209888,9.847800925925961,42.62789351851867,35.913483796296426,51.47714120370389,9.159143518518551,64.94039351851875,7.781828703703732,59.155671296296504,6.95543981481484,67.83275462962987
9.021412037037068,31.701195987654433,31.058449074074183,46.85165895061745,35.87905092592605,50.98360339506191,9.159143518518551,64.5271990740743,7.9195601851852135,70.72511574074099,6.95543981481484,67.41956018518542
9.021412037037068,30.04841820987665,31.058449074074183,46.381076388889056,35.87905092592605,50.57040895061746,9.159143518518551,64.11400462962986,7.9195601851852135,70.3807870370373,6.95543981481484,67.00636574074097
9.186689814814848,31.196180555555667,31.33391203703715,46.75983796296313,35.87905092592605,50.249035493827336,9.159143518518551,63.70081018518541,7.9195601851852135,69.34780092592617,6.95543981481484,66.59317129629653
9.159143518518551,29.704089506172945,31.33391203703715,46.41550925925942,36.01678240740753,65.04369212962986,9.159143518518551,63.28761574074097,8.057291666666694,72.37789351851877,6.95543981481484,59.36226851851873
9.228009259259291,38.56481481481495,32.71122685185197,56.72241512345699,35.94791666666679,64.5271990740743,9.159143518518551,62.87442129629652,8.057291666666694,71.96469907407433,7.127604166666692,74.61603009259285
9.32442129629633,30.452430555555665,32.81452546296308,56.19444444444464,35.94791666666679,64.11400462962986,9.159143518518551,62.461226851852075,8.057291666666694,71.55150462962989,7.093171296296322,74.12249228395088
9.365740740740774,37.256365740740875,32.98668981481493,55.8960262345681,35.87905092592605,63.90740740740763,9.159143518518551,62.048032407407625,8.057291666666694,71.13831018518543,7.093171296296322,59.844328703703916
9.434606481481515,36.843171296296426,33.12442129629641,56.67650462962983,36.044328703703826,52.32418981481499,9.159143518518551,61.63483796296318,8.057291666666694,63.56307870370393,7.230902777777803,76.96894290123484
9.434606481481515,36.42997685185198,33.296585648148266,56.228877314815016,36.01678240740753,51.78703703703722,9.159143518518551,61.22164351851874,8.057291666666694,63.14988425925949,7.230902777777803,76.5557484567904
9.434606481481515,36.01678240740753,33.43431712962975,55.832899305555756,36.15451388888902,68.70505401234593,9.159143518518551,60.80844907407429,8.057291666666694,62.598958333333556,7.230902777777803,76.14255401234595
9.434606481481515,35.60358796296309,33.565162037037155,56.75914351851873,36.15451388888902,68.10821759259284,9.159143518518551,60.39525462962985,8.195023148148177,68.93460648148172,7.230902777777803,66.17997685185209
9.434606481481515,35.19039351851865,33.84062500000012,57.750810185185394,36.32667824074087,67.72945601851876,9.159143518518551,60.05092592592614,8.195023148148177,68.52141203703728,7.4030671296296555,75.71788194444471
9.434606481481515,34.7771990740742,33.81307870370382,57.1815200617286,36.2922453703705,67.23591820987679,9.186689814814848,58.96284722222244,8.195023148148177,68.10821759259284,7.368634259259285,75.22434413580274
9.434606481481515,34.364004629629754,33.74421296296308,56.228877314815016,36.2922453703705,65.4568865740743,9.159143518518551,58.421103395061934,8.195023148148177,67.6950231481484,7.4030671296296555,73.65190972222248
9.434606481481515,33.950810185185304,33.81307870370382,55.66647376543229,36.319791666666795,51.36006944444462,9.159143518518551,58.00790895061749,8.195023148148177,67.28182870370394,7.368634259259285,73.15837191358051
9.434606481481515,33.53761574074086,33.81307870370382,55.27623456790143,36.2922453703705,50.79996141975327,9.159143518518551,57.59471450617304,8.195023148148177,66.8686342592595,7.368634259259285,72.74517746913607
9.434606481481515,33.12442129629641,33.950810185185304,56.81423611111131,36.25781250000013,50.34085648148166,9.159143518518551,57.1815200617286,8.195023148148177,66.45543981481505,7.368634259259285,72.33198302469161
9.434606481481515,32.71122685185197,34.11608796296308,54.45902777777796,36.36111111111124,66.79976851851876,9.159143518518551,56.768325617284155,8.195023148148177,66.04224537037061,7.368634259259285,71.91878858024717
9.434606481481515,32.298032407407526,34.1918402777779,57.98495370370391,36.36111111111124,66.3865740740743,9.159143518518551,56.44695216049403,8.195023148148177,65.62905092592617,7.368634259259285,71.50559413580272
9.434606481481515,31.884837962963076,34.22627314814827,55.4369212962965,36.36111111111124,65.97337962962986,9.228009259259291,65.76678240740765,8.195023148148177,65.21585648148171,7.368634259259285,71.09239969135828
9.434606481481515,37.66956018518532,34.22627314814827,55.02372685185205,36.36111111111124,65.04369212962986,9.296875000000034,65.30767746913604,8.195023148148177,64.80266203703727,7.368634259259285,70.67920524691384
9.606770833333368,31.43721064814826,34.39155092592605,56.951967592592794,36.42997685185198,52.40682870370389,9.599884259259294,64.85775462962985,8.195023148148177,64.38946759259282,7.368634259259285,70.28896604938296
9.572337962962997,30.966628086419863,34.5361689814816,54.57609953703723,36.42997685185198,51.993634259259444,9.572337962962997,64.2976466049385,8.195023148148177,63.97627314814837,7.368634259259285,69.48553240740766
9.503472222222255,29.818865740740847,34.501736111111235,54.197337962963154,36.42997685185198,68.93460648148172,9.572337962962997,63.88445216049406,8.195023148148177,60.05092592592614,7.368634259259285,69.0723379629632
9.744502314814849,30.64525462962974,34.60503472222234,57.98495370370391,36.42997685185198,68.3836805555558,9.572337962962997,63.47125771604961,8.195023148148177,59.155671296296504,7.368634259259285,68.65914351851876
9.572337962962997,30.232060185185293,34.66701388888901,55.38182870370391,36.567708333333464,63.63194444444467,9.572337962962997,63.058063271605164,8.33275462962966,70.72511574074099,7.368634259259285,68.24594907407432
9.875347222222258,36.92581018518532,34.639467592592716,54.885995370370566,36.567708333333464,65.28472222222246,9.572337962962997,62.644868827160714,8.33275462962966,70.3807870370373,7.368634259259285,67.83275462962987
9.847800925925961,36.38406635802482,34.7771990740742,57.640625000000206,36.73298611111124,51.580439814815,9.572337962962997,62.23167438271627,8.33275462962966,69.34780092592617,7.368634259259285,67.41956018518542
9.847800925925961,35.970871913580375,34.7771990740742,57.227430555555756,36.705439814814945,51.02951388888907,9.572337962962997,61.81847993827182,8.470486111111141,72.37789351851877,7.368634259259285,67.00636574074097
9.847800925925961,35.55767746913593,34.7771990740742,56.81423611111131,36.705439814814945,50.61631944444463,9.572337962962997,61.40528549382738,8.470486111111141,71.96469907407433,7.368634259259285,66.59317129629653
9.847800925925961,35.14448302469148,34.91493055555568,54.36950231481501,36.636574074074204,50.34085648148166,9.572337962962997,60.992091049382935,8.470486111111141,71.55150462962989,7.368634259259285,59.36226851851873
9.847800925925961,34.754243827160614,34.91493055555568,53.89891975308661,36.87071759259272,63.34270833333355,9.572337962962997,60.578896604938485,8.470486111111141,71.13831018518543,7.540798611111138,74.85706018518545
9.77893518518522,34.364004629629754,34.94936342592605,53.38816550925945,36.843171296296426,62.713734567901454,9.537905092592627,60.13700810185207,8.470486111111141,63.56307870370393,7.506365740740767,74.35204475308669
9.77893518518522,33.950810185185304,35.05266203703716,58.00790895061749,36.843171296296426,52.200231481481666,9.572337962962997,58.983506944444656,8.470486111111141,63.14988425925949,7.506365740740767,73.96180555555581
9.77893518518522,33.53761574074086,35.08709490740753,56.45269097222242,37.118634259259395,69.27893518518543,9.572337962962997,58.51292438271626,8.470486111111141,62.598958333333556,7.506365740740767,59.844328703703916
9.77893518518522,33.12442129629641,35.08020833333345,55.767476851852045,37.118634259259395,51.44270833333351,9.572337962962997,58.099729938271814,8.608217592592624,68.93460648148172,7.644097222222249,76.7853009259262
9.77893518518522,32.71122685185197,34.98379629629642,55.29918981481501,37.118634259259395,51.02951388888907,9.572337962962997,57.686535493827364,8.608217592592624,68.52141203703728,7.644097222222249,76.37210648148175
9.77893518518522,32.298032407407526,34.91493055555568,55.02372685185205,37.118634259259395,50.61631944444463,9.572337962962997,57.27334104938292,8.608217592592624,68.10821759259284,7.644097222222249,66.22588734567925
9.77893518518522,31.884837962963076,35.21793981481493,60.67071759259281,37.04976851851865,50.37528935185203,9.572337962962997,56.92901234567921,8.608217592592624,67.6950231481484,7.781828703703732,75.95891203703731
9.916666666666702,38.28935185185199,35.15596064814827,60.08535879629651,37.256365740740875,63.56307870370393,9.434606481481515,56.60763888888909,8.608217592592624,67.28182870370394,7.781828703703732,75.54571759259287
9.847800925925961,37.94502314814828,35.224826388889014,57.640625000000206,37.256365740740875,63.14988425925949,9.572337962962997,65.49131944444467,8.608217592592624,66.8686342592595,7.781828703703732,73.47974537037064
9.916666666666702,37.53182870370384,35.19039351851865,57.13560956790144,37.256365740740875,62.73668981481504,9.847800925925961,62.461226851852075,8.608217592592624,66.45543981481505,7.781828703703732,73.06655092592618
9.847800925925961,31.33391203703715,35.19039351851865,56.74537037037057,37.53182870370384,69.37075617283975,9.847800925925961,62.048032407407625,8.608217592592624,66.04224537037061,7.781828703703732,72.65335648148174
29.818865740740847,46.89756944444461,35.32812500000013,53.92187500000019,37.53182870370384,65.26176697530887,9.847800925925961,61.63483796296318,8.608217592592624,65.62905092592617,7.781828703703732,72.2401620370373
29.84641203703714,46.374189814814976,35.32812500000013,53.50868055555575,37.53182870370384,51.23611111111129,9.847800925925961,61.22164351851874,8.608217592592624,65.21585648148171,7.781828703703732,71.82696759259285
30.259606481481583,46.84247685185202,35.32812500000013,53.11844135802488,37.53182870370384,50.75405092592611,9.847800925925961,60.80844907407429,8.608217592592624,64.80266203703727,7.781828703703732,71.41377314814841
30.197627314814923,46.312210648148316,35.46585648148161,59.72955246913602,37.53182870370384,50.44415509259277,9.847800925925961,60.39525462962985,8.608217592592624,64.38946759259282,7.781828703703732,71.00057870370395
30.576388888888996,46.89756944444461,35.500289351851976,56.297743055555756,37.60069444444458,63.42534722222245,9.847800925925961,58.74247685185206,8.608217592592624,63.97627314814837,7.781828703703732,70.58738425925951
30.553433641975417,46.39255401234584,35.46585648148161,55.82716049382736,37.60069444444458,63.012152777778,9.847800925925961,58.32928240740762,8.608217592592624,60.05092592592614,7.781828703703732,70.2430555555558
32.4633101851853,57.640625000000206,35.60358796296309,60.94618055555577,37.60069444444458,62.598958333333556,9.847800925925961,57.91608796296317,8.608217592592624,59.155671296296504,7.781828703703732,69.48553240740766
32.57349537037049,57.13560956790144,35.60358796296309,60.53298611111133,37.972569444444574,65.39490740740764,9.847800925925961,57.365162037037244,8.780381944444475,70.65625000000026,7.781828703703732,69.0723379629632
32.84895833333345,57.91608796296317,35.60358796296309,60.11979166666688,37.94502314814828,60.18865740740762,29.708680555555656,45.18969907407424,8.677083333333364,70.3807870370373,7.781828703703732,68.65914351851876
32.84895833333345,57.502893518518725,35.60358796296309,57.87017746913601,37.94502314814828,51.07542438271623,29.681134259259366,44.556134259259416,8.745949074074105,69.34780092592617,7.781828703703732,68.24594907407432
32.98668981481493,57.158564814815016,35.60358796296309,57.45698302469156,37.94502314814828,50.662229938271786,29.681134259259366,44.14293981481497,8.918113425925958,72.34346064814841,7.781828703703732,67.83275462962987
33.2621527777779,57.91608796296317,35.60358796296309,57.04378858024712,37.94502314814828,50.2949459876545,29.681134259259366,43.72974537037052,8.883680555555587,71.87287808642,7.781828703703732,67.41956018518542
33.296585648148266,57.434027777777985,35.60358796296309,56.67650462962983,38.117187500000135,65.90451388888913,29.681134259259366,43.33950617283966,8.883680555555587,71.45968364197556,7.781828703703732,67.00636574074097
33.2621527777779,57.158564814815016,35.74131944444457,53.78414351851871,38.08275462962977,60.67071759259281,29.708680555555656,40.0936342592594,8.883680555555587,71.04648919753112,7.816261574074102,66.5243055555558
33.950810185185304,60.53298611111133,35.74131944444457,53.37094907407426,38.22048611111125,59.913194444444656,29.681134259259366,39.55189043209891,8.883680555555587,63.56307870370393,7.781828703703732,59.36226851851873
33.950810185185304,60.11979166666688,35.775752314814945,52.88888888888908,38.35821759259273,65.30767746913604,29.681134259259366,39.25347222222236,8.883680555555587,63.14988425925949,7.9195601851852135,75.13252314814841
33.950810185185304,59.706597222222435,35.87905092592605,63.65489969135825,38.35821759259273,60.257523148148366,29.818865740740847,42.90335648148164,8.849247685185217,62.68504050925948,7.9195601851852135,74.71932870370397
33.950810185185304,59.29340277777799,35.87905092592605,59.706597222222435,38.385763888889024,50.974421296296484,29.818865740740847,42.51311728395077,9.021412037037068,68.93460648148172,7.9195601851852135,74.30613425925952
33.91637731481494,58.8113425925928,35.913483796296426,56.297743055555756,38.35821759259273,50.43267746913598,29.818865740740847,42.145833333333485,9.021412037037068,68.52141203703728,7.9195601851852135,73.89293981481508
34.088541666666785,58.53587962962984,35.87905092592605,55.82716049382736,38.35821759259273,50.111304012345855,30.09432870370381,45.38252314814831,9.021412037037068,68.10821759259284,7.9195601851852135,59.844328703703916
34.22627314814827,56.26331018518538,36.01678240740753,60.94618055555577,38.523495370370505,65.98715277777802,30.09432870370381,44.969328703703866,9.021412037037068,67.6950231481484,8.057291666666694,76.7853009259262
34.22627314814827,55.91898148148168,36.01678240740753,60.53298611111133,38.49594907407421,65.49131944444467,30.09432870370381,44.556134259259416,9.021412037037068,67.28182870370394,8.057291666666694,76.37210648148175
34.39843750000012,60.498553240740954,36.01678240740753,60.11979166666688,38.49594907407421,60.62480709876565,30.09432870370381,44.14293981481497,9.021412037037068,66.8686342592595,8.195023148148177,75.95891203703731
34.364004629629754,60.02797067901256,35.94791666666679,57.84722222222243,38.49594907407421,49.34230324074092,30.09432870370381,43.72974537037052,9.021412037037068,66.45543981481505,8.195023148148177,75.54571759259287
34.364004629629754,59.61477623456811,35.94791666666679,57.434027777777985,38.63368055555569,60.00501543209898,30.09432870370381,43.31655092592608,9.021412037037068,66.04224537037061,8.195023148148177,73.47974537037064
34.364004629629754,59.20158179012367,36.01678240740753,56.951967592592794,38.77141203703717,51.02951388888907,30.09432870370381,40.28645833333348,9.021412037037068,65.62905092592617,8.195023148148177,73.06655092592618
34.364004629629754,58.78838734567922,36.01678240740753,56.53877314814835,38.77141203703717,50.61631944444463,30.09432870370381,39.87326388888903,9.021412037037068,65.21585648148171,8.195023148148177,72.65335648148174
34.501736111111235,58.53587962962984,36.08564814814827,53.71527777777797,38.77141203703717,50.20312500000018,30.05989583333344,39.391203703703844,9.021412037037068,64.80266203703727,8.195023148148177,72.2401620370373
34.59355709876556,56.171489197531066,36.08564814814827,53.30208333333352,38.77141203703717,49.789930555555735,30.232060185185293,42.90335648148164,9.021412037037068,64.38946759259282,8.195023148148177,71.82696759259285
34.501736111111235,55.91898148148168,36.15451388888902,52.91184413580266,38.909143518518654,66.13406635802492,30.232060185185293,42.49016203703719,9.021412037037068,63.97627314814837,8.195023148148177,71.41377314814841
34.70833333333346,60.53298611111133,36.15451388888902,52.52160493827179,38.909143518518654,65.72087191358048,30.232060185185293,42.076967592592744,9.021412037037068,60.05092592592614,8.195023148148177,71.00057870370395
34.70833333333346,60.11979166666688,36.2922453703705,63.51716820987677,38.909143518518654,65.33063271604962,30.232060185185293,39.11574074074088,9.021412037037068,59.155671296296504,8.195023148148177,70.58738425925951
34.7771990740742,59.61477623456811,36.2922453703705,63.10397376543232,38.840277777777914,60.60185185185207,30.507523148148255,45.38252314814831,9.159143518518551,70.55295138888914,8.195023148148177,70.2430555555558
34.7771990740742,59.20158179012367,36.2922453703705,62.63339120370393,38.840277777777914,60.18865740740762,30.507523148148255,44.969328703703866,9.159143518518551,69.30189043209901,8.195023148148177,69.48553240740766
34.7771990740742,58.78838734567922,36.2922453703705,59.79841820987676,38.94357638888903,49.445601851852025,30.507523148148255,44.556134259259416,9.159143518518551,62.30972222222243,8.195023148148177,69.0723379629632
34.91493055555568,58.53587962962984,36.24633487654334,56.07966820987674,39.04687500000014,50.89178240740759,30.507523148148255,44.14293981481497,9.159143518518551,61.63483796296318,8.195023148148177,68.65914351851876
35.19039351851865,59.20158179012367,36.2922453703705,51.993634259259444,39.18460648148162,49.927662037037216,30.507523148148255,43.72974537037052,9.228009259259291,72.2401620370373,8.195023148148177,68.24594907407432
35.19039351851865,58.78838734567922,36.36111111111124,60.87731481481503,39.18460648148162,48.96354166666684,30.507523148148255,43.31655092592608,9.296875000000034,71.82696759259285,8.195023148148177,67.83275462962987
35.362557870370495,58.51866319444465,36.42997685185198,60.41820987654342,39.322337962963104,62.18576388888911,30.507523148148255,40.28645833333348,9.296875000000034,71.41377314814841,8.195023148148177,67.41956018518542
35.32812500000013,54.817129629629825,36.2922453703705,60.11979166666688,39.35677083333347,49.531684027777956,30.507523148148255,39.87326388888903,9.296875000000034,71.00057870370395,8.195023148148177,67.00636574074097
35.46585648148161,62.30054012345701,36.2922453703705,56.67650462962983,39.597800925926066,61.35937500000022,30.507523148148255,39.460069444444585,9.32442129629633,63.61817129629652,8.160590277777807,66.5243055555558
35.46585648148161,61.47415123456812,36.59525462962976,62.392361111111335,39.597800925926066,48.8946759259261,30.64525462962974,42.90335648148164,9.296875000000034,63.058063271605164,8.195023148148177,59.36226851851873
35.500289351851976,55.16145833333353,36.567708333333464,52.63638117283969,39.73553240740755,64.42390046296319,30.64525462962974,42.49016203703719,9.296875000000034,62.6678240740743,8.33275462962966,75.13252314814841
35.500289351851976,54.403935185185375,36.567708333333464,52.22318672839525,39.73553240740755,62.048032407407625,30.64525462962974,42.076967592592744,9.434606481481515,68.79687500000024,8.33275462962966,74.71932870370397
35.60358796296309,63.14988425925949,36.59525462962976,51.594212962963155,39.76996527777792,57.86443865740761,30.64525462962974,39.13869598765446,9.434606481481515,68.3836805555558,8.33275462962966,74.30613425925952
35.60358796296309,62.73668981481504,36.73298611111124,68.05312500000025,39.666666666666806,49.721064814814994,30.85185185185196,45.31365740740757,9.434606481481515,67.97048611111136,8.33275462962966,73.89293981481508
35.60358796296309,61.910300925926144,36.567708333333464,67.76388888888913,40.04542824074088,61.39380787037059,30.85185185185196,44.900462962963125,9.434606481481515,67.55729166666691,8.33275462962966,59.844328703703916
35.60358796296309,59.155671296296504,36.705439814814945,63.42534722222245,40.0385416666668,57.227430555555756,30.920717592592702,44.51022376543226,9.434606481481515,67.14409722222246,8.504918981481511,76.81973379629657
35.74131944444457,58.74247685185206,36.705439814814945,63.012152777778,40.010995370370516,48.82581018518536,30.920717592592702,44.05111882716065,9.434606481481515,66.73090277777801,8.470486111111141,76.32619598765459
35.74131944444457,58.39814814814836,36.843171296296426,68.65914351851876,40.148726851852,62.048032407407625,30.920717592592702,43.63792438271621,9.434606481481515,66.31770833333357,8.642650462962994,75.95891203703731
35.81018518518531,62.35792824074096,36.843171296296426,67.41956018518542,40.148726851852,61.63483796296318,30.920717592592702,43.27064043209892,9.434606481481515,65.90451388888913,8.608217592592624,75.45389660493854
35.906597222222345,61.4971064814817,36.843171296296426,67.00636574074097,40.148726851852,58.914641203703916,30.920717592592702,40.28645833333348,9.434606481481515,65.49131944444467,8.63576388888892,73.53483796296321
35.87905092592605,55.29918981481501,36.843171296296426,66.59317129629653,40.148726851852,58.421103395061934,30.920717592592702,39.87326388888903,9.434606481481515,65.07812500000023,8.608217592592624,72.97472993827186
35.87905092592605,54.885995370370566,36.80873842592606,66.11111111111134,40.148726851852,58.00790895061749,30.948263888888995,39.3498842592594,9.434606481481515,64.66493055555578,8.608217592592624,72.56153549382742
35.913483796296426,54.403935185185375,36.95335648148162,65.65659722222244,40.148726851852,57.640625000000206,31.058449074074183,52.57899305555574,9.434606481481515,64.25173611111134,8.608217592592624,72.14834104938298
35.87905092592605,63.14988425925949,37.01533564814828,62.63339120370393,40.148726851852,56.67650462962983,31.058449074074183,52.08545524691377,9.434606481481515,60.07388117283972,8.608217592592624,71.73514660493852
35.87905092592605,62.73668981481504,36.98090277777791,62.16280864197553,40.17627314814829,56.07048611111132,31.058449074074183,51.71817129629648,9.434606481481515,59.155671296296504,8.608217592592624,71.32195216049408
36.05121527777791,59.12123842592614,36.98090277777791,52.544560185185375,40.21759259259274,61.01504629629651,30.989583333333442,42.76562500000015,9.572337962962997,70.65625000000026,8.608217592592624,70.90875771604964
36.15451388888902,58.65065586419774,36.98090277777791,52.131365740740925,40.28645833333348,57.089699074074275,30.966628086419863,42.23765432098781,9.572337962962997,69.21006944444468,8.608217592592624,70.49556327160519
36.15451388888902,58.39814814814836,36.95335648148162,51.60798611111129,40.42418981481496,56.67650462962983,31.196180555555667,53.944830246913774,9.572337962962997,62.18576388888911,8.608217592592624,70.19714506172865
36.20042438271618,61.4971064814817,37.15306712962976,68.21151620370395,40.51601080246928,56.171489197531066,31.230613425926038,48.49869791666684,9.572337962962997,61.77256944444466,8.608217592592624,69.48553240740766
36.32667824074087,55.33362268518538,37.118634259259395,67.74093364197554,40.42418981481496,55.91898148148168,31.196180555555667,47.88464506172856,9.434606481481515,61.35937500000022,8.608217592592624,69.0723379629632
36.2922453703705,54.84008487654341,37.118634259259395,63.333526234568126,40.69965277777792,55.52874228395081,31.33391203703715,52.91184413580266,9.641203703703738,71.55150462962989,8.608217592592624,68.65914351851876
36.2922453703705,54.42689043209896,37.118634259259395,62.94328703703726,41.11284722222237,62.90885416666689,31.265046296296408,44.59056712962979,9.641203703703738,71.13831018518543,8.608217592592624,68.24594907407432
36.2922453703705,54.082561728395255,37.29079861111124,68.65914351851876,41.11284722222237,55.39101080246933,31.33391203703715,40.148726851852,9.744502314814849,63.872974537037265,8.608217592592624,67.83275462962987
36.46440972222235,59.19010416666688,37.29079861111124,67.31626157407432,41.38831018518533,62.87442129629652,31.33391203703715,39.73553240740755,9.710069444444478,63.379436728395284,8.608217592592624,67.41956018518542
36.60214120370383,58.74247685185206,37.256365740740875,66.82272376543234,41.45717592592607,55.23032407407427,31.33391203703715,39.322337962963104,9.710069444444478,62.96624228395084,8.608217592592624,67.00636574074097
36.567708333333464,58.32928240740762,37.256365740740875,66.40952932098789,41.52604166666681,54.79417438271624,31.47164351851863,54.56462191358044,9.710069444444478,62.5530478395064,8.642650462962994,66.5243055555558
36.59525462962976,53.219444444444626,37.256365740740875,65.99633487654344,41.52604166666681,54.42689043209896,31.506076388889,52.47569444444463,9.8018904320988,68.8427854938274,8.608217592592624,59.36226851851873
36.705439814814945,56.77980324074094,37.256365740740875,65.4683641975311,41.801504629629775,54.47280092592612,31.47164351851863,51.993634259259444,9.77893518518522,68.31481481481505,8.745949074074105,74.99479166666693
36.705439814814945,56.30922067901255,37.256365740740875,51.37384259259277,41.801504629629775,54.12847222222241,31.47164351851863,51.60339506172858,9.77893518518522,67.90162037037061,8.745949074074105,74.58159722222248
36.705439814814945,55.8960262345681,37.394097222222356,62.392361111111335,41.96678240740755,53.59131944444464,31.47164351851863,49.514467592592766,9.77893518518522,67.48842592592617,8.745949074074105,74.16840277777804
36.705439814814945,55.482831790123655,37.256365740740875,62.116898148148366,41.801504629629775,53.30208333333352,31.47164351851863,49.10127314814832,9.77893518518522,67.07523148148172,8.745949074074105,59.844328703703916
36.705439814814945,55.069637345679205,37.394097222222356,52.544560185185375,42.11140046296311,52.992187500000185,31.609375000000114,48.68807870370388,9.77893518518522,66.66203703703728,8.883680555555587,76.92303240740767
36.705439814814945,54.65644290123476,37.394097222222356,52.131365740740925,42.24913194444459,52.544560185185375,31.609375000000114,48.27488425925943,9.77893518518522,66.24884259259282,8.883680555555587,76.5557484567904
36.705439814814945,54.24324845679032,37.42853009259272,51.64930555555574,42.214699074074225,51.993634259259444,31.636921296296403,47.75150462962979,9.77893518518522,65.83564814814838,9.021412037037068,76.14255401234595
36.705439814814945,53.83005401234587,37.4629629629631,67.97048611111136,42.352430555555706,53.64641203703723,31.609375000000114,42.42129629629645,9.77893518518522,65.42245370370394,9.021412037037068,75.7293595679015
36.87071759259272,59.78923611111133,37.394097222222356,63.012152777778,42.352430555555706,51.60339506172858,31.747106481481595,52.95775462962982,9.847800925925961,65.03221450617308,9.021412037037068,75.31616512345705
36.843171296296426,59.24749228395083,37.4629629629631,61.42824074074096,42.45572916666682,61.70370370370392,31.747106481481595,40.148726851852,9.847800925925961,64.61902006172862,9.021412037037068,73.72077546296323
37.01533564814828,58.70804398148169,37.53182870370384,67.55729166666691,42.49016203703719,53.14139660493846,31.747106481481595,39.73553240740755,9.847800925925961,64.25173611111134,9.021412037037068,73.25019290123483
36.98090277777791,58.28337191358045,37.66956018518532,66.50135030864222,42.62789351851867,61.42824074074096,31.747106481481595,39.391203703703844,9.847800925925961,60.20587384259281,9.021412037037068,72.83699845679038
37.01533564814828,53.474247685185375,37.66956018518532,66.08815586419776,42.62789351851867,52.728202160494014,31.884837962963076,54.748263888889085,9.847800925925961,59.06385030864219,9.021412037037068,72.42380401234594
36.912037037037166,53.12991898148167,37.66956018518532,65.67496141975332,42.62789351851867,52.31500771604957,31.884837962963076,54.36950231481501,9.939621913580282,62.00212191358047,9.021412037037068,72.0106095679015
37.14618055555568,56.75914351851873,37.66956018518532,65.37654320987677,42.62789351851867,51.90181327160512,31.91238425925937,52.35173611111131,9.985532407407442,61.451195987654536,9.021412037037068,71.59741512345704
37.118634259259395,56.217399691358224,37.66956018518532,61.08391203703725,42.62789351851867,53.64641203703723,31.884837962963076,51.8099922839508,9.985532407407442,61.03800154321009,9.021412037037068,71.1842206790126
37.118634259259395,55.80420524691378,37.66956018518532,62.254629629629854,42.76562500000015,51.511574074074254,31.884837962963076,51.465663580247096,9.985532407407442,60.62480709876565,9.021412037037068,70.77102623456815
37.118634259259395,55.39101080246933,37.84172453703717,60.636284722222435,42.76562500000015,61.77256944444466,31.91238425925937,49.514467592592766,9.916666666666702,58.60474537037058,8.986979166666698,70.34635416666691
37.118634259259395,54.97781635802489,37.77285879629643,60.11979166666688,42.90335648148164,61.42824074074096,31.884837962963076,48.96354166666684,9.916666666666702,58.19155092592613,9.048958333333367,69.43043981481507
37.118634259259395,54.56462191358044,37.8072916666668,52.40682870370389,43.04108796296312,52.544560185185375,32.05011574074085,48.35752314814833,9.916666666666702,57.77835648148169,9.021412037037068,68.88869598765457
37.118634259259395,54.151427469135996,37.73842592592606,52.062500000000185,43.04108796296312,52.131365740740925,32.02256944444456,47.81577932098782,9.916666666666702,57.434027777777985,9.021412037037068,68.47550154321011
37.118634259259395,53.78414351851871,37.77285879629643,51.580439814815,43.04108796296312,51.71817129629648,32.02256944444456,47.55179398148165,9.985532407407442,63.83854166666689,9.021412037037068,68.06230709876567
37.118634259259395,60.67071759259281,37.94502314814828,59.73414351851873,43.1788194444446,51.40827546296315,32.05700231481493,42.472945601852004,9.985532407407442,63.42534722222245,9.021412037037068,67.64911265432123
37.187500000000135,59.9820601851854,37.979456018518654,51.37384259259277,43.59201388888904,51.16724537037055,32.16030092592604,52.82002314814834,9.985532407407442,63.012152777778,9.021412037037068,67.23591820987679
37.256365740740875,59.52295524691379,38.08275462962977,66.31770833333357,43.59201388888904,50.777006172839684,32.0914351851853,40.010995370370516,9.985532407407442,62.598958333333556,9.021412037037068,66.82272376543234
37.256365740740875,59.109760802469346,38.01388888888902,65.90451388888913,43.59201388888904,47.2648533950619,32.0914351851853,39.666666666666806,10.260995370370408,61.01504629629651,9.021412037037068,66.40952932098789
37.42853009259272,58.63917824074095,38.01388888888902,65.56018518518542,43.72974537037052,50.20312500000018,32.02256944444456,39.391203703703844,29.818865740740847,41.69820601851867,9.021412037037068,65.99633487654344
37.394097222222356,58.237461419753295,38.08275462962977,61.175733024691574,43.72974537037052,49.514467592592766,32.22916666666678,54.885995370370566,29.84641203703714,40.56192129629644,9.021412037037068,59.36226851851873
37.42164351851865,53.20567129629649,38.254918981481616,60.84288194444466,44.00520833333349,51.16724537037055,32.22916666666678,54.47280092592612,29.818865740740847,39.00096450617298,9.159143518518551,74.75376157407435
37.55937500000013,56.951967592592794,38.08275462962977,60.46412037037059,44.00520833333349,50.75405092592611,32.33246527777789,52.40682870370389,29.956597222222328,45.015239197531024,9.159143518518551,74.26022376543236
37.53182870370384,56.40104166666687,38.08275462962977,52.33796296296315,44.00520833333349,47.2648533950619,32.298032407407526,51.90181327160512,29.956597222222328,44.38396990740757,9.12471064814818,65.4741030092595
37.53182870370384,55.98784722222242,38.35821759259273,59.706597222222435,44.14293981481497,50.4097222222224,32.26359953703715,51.44270833333351,29.956597222222328,43.93634259259275,9.159143518518551,59.844328703703916
37.53182870370384,55.57465277777798,38.35821759259273,51.44270833333351,44.418402777777935,51.16724537037055,32.298032407407526,49.75549768518536,29.956597222222328,43.4083719135804,9.228009259259291,76.50983796296323
37.53182870370384,55.16145833333353,38.49594907407421,66.31770833333357,44.418402777777935,50.75405092592611,32.298032407407526,49.28491512345696,29.922164351851958,42.98943865740756,9.462152777777812,76.0140046296299
37.53182870370384,54.748263888889085,38.49594907407421,61.88734567901257,44.418402777777935,47.2648533950619,32.298032407407526,48.87172067901252,29.9910300925927,41.11284722222237,9.434606481481515,75.45389660493854
37.53182870370384,54.335069444444635,38.63368055555569,61.08391203703725,44.556134259259416,50.27199074074092,32.47019675925937,51.09837962962981,29.9910300925927,38.56481481481495,9.434606481481515,75.04070216049409
37.53182870370384,53.92187500000019,38.63368055555569,60.716628086419966,44.6938657407409,51.09837962962981,32.4633101851853,48.27488425925943,30.09432870370381,42.076967592592744,9.462152777777812,73.94803240740767
37.53182870370384,53.50868055555575,38.77141203703717,61.4971064814817,44.85914351851867,49.90011574074092,32.43576388888901,47.723958333333506,30.09432870370381,40.28645833333348,9.434606481481515,73.3879243827163
37.66956018518532,59.29340277777799,38.77141203703717,59.706597222222435,44.831597222222385,47.104166666666835,32.43576388888901,47.3796296296298,30.232060185185293,45.52025462962979,9.434606481481515,72.97472993827186
37.84172453703717,58.914641203703916,38.80584490740755,51.339409722222406,45.24479166666683,50.01948302469154,32.4633101851853,42.71053240740756,30.232060185185293,41.663773148148294,9.434606481481515,72.56153549382742
37.8072916666668,58.421103395061934,38.909143518518654,61.95621141975331,45.210358796296454,49.54890046296314,32.40133101851863,42.18026620370385,30.232060185185293,39.18460648148162,9.434606481481515,72.14834104938298
37.8072916666668,58.03086419753107,39.04687500000014,61.08391203703725,45.17592592592609,47.173032407407575,32.607928240740854,50.61631944444463,30.232060185185293,37.96797839506186,9.434606481481515,71.73514660493852
37.8072916666668,57.46846064814835,39.04687500000014,60.67071759259281,45.41695601851868,49.17013888888906,32.57349537037049,50.111304012345855,30.300925925926034,44.900462962963125,9.434606481481515,71.32195216049408
37.83483796296309,52.90266203703723,39.04687500000014,60.257523148148366,45.38252314814831,48.779899691358196,32.71122685185197,52.544560185185375,30.34224537037048,44.280671296296454,9.434606481481515,70.90875771604964
37.972569444444574,68.74178240740765,39.04687500000014,50.57040895061746,45.58912037037053,49.789930555555735,32.71122685185197,52.131365740740925,30.397337962963068,43.123726851852005,9.400173611111144,70.44965277777803
37.94502314814828,68.20003858024715,39.18460648148162,61.4971064814817,45.72685185185201,49.376736111111285,32.71122685185197,51.71817129629648,30.369791666666774,42.58198302469151,9.434606481481515,69.62326388888914
37.94502314814828,67.78684413580271,39.18460648148162,59.844328703703916,45.703896604938436,48.8946759259261,32.71122685185197,49.652199074074254,30.369791666666774,41.25057870370385,9.434606481481515,69.21006944444468
37.94502314814828,67.37364969135827,39.18460648148162,59.45408950617305,106.56284722222262,49.59710648148167,32.71122685185197,49.239004629629804,30.369791666666774,40.8373842592594,9.434606481481515,68.79687500000024
37.910590277777914,66.93750000000024,39.212152777777916,57.971180555555755,106.50086805555594,49.049623842592766,32.71122685185197,48.82581018518536,30.369791666666774,38.77141203703717,9.434606481481515,68.3836805555558
37.972569444444574,56.8693287037039,39.18460648148162,57.4110725308644,106.94849537037075,49.88175154321005,32.84895833333345,51.30497685185203,30.369791666666774,38.35821759259273,9.434606481481515,67.97048611111136
37.94502314814828,56.30922067901255,39.18460648148162,56.99787808641995,106.81076388888927,49.514467592592766,32.84895833333345,48.41261574074091,30.541956018518626,42.04253472222237,9.434606481481515,67.55729166666691
37.94502314814828,55.8960262345681,39.18460648148162,56.58468364197551,106.91406250000038,48.96354166666684,32.84895833333345,47.99942129629647,30.541956018518626,40.475839120370516,9.434606481481515,67.14409722222246
37.94502314814828,55.482831790123655,39.18460648148162,56.171489197531066,107.38923611111152,49.87256944444463,32.84895833333345,47.58622685185202,30.53506944444455,37.779745370370506,9.434606481481515,66.73090277777801
37.94502314814828,55.069637345679205,39.18460648148162,55.758294753086616,107.3616898148152,48.96354166666684,32.84895833333345,47.104166666666835,30.507523148148255,37.14158950617297,9.434606481481515,66.31770833333357
37.94502314814828,54.65644290123476,39.18460648148162,51.21315586419771,107.80243055555596,50.974421296296484,32.84895833333345,42.90335648148164,30.576388888888996,45.52025462962979,9.434606481481515,65.90451388888913
37.94502314814828,54.24324845679032,39.21903935185199,50.13425925925944,107.77488425925964,50.43267746913598,32.84895833333345,42.49016203703719,30.67280092592603,43.674652777777936,9.434606481481515,59.38522376543231
37.94502314814828,53.83005401234587,39.212152777777916,49.28032407407425,107.63715277777816,50.20312500000018,32.84895833333345,42.145833333333485,30.67968750000011,41.56047453703719,9.606770833333368,74.54716435185212
37.94502314814828,53.416859567901426,39.322337962963104,61.910300925926144,107.63715277777816,48.96354166666684,32.98668981481493,50.89178240740759,30.64525462962974,39.18460648148162,9.606770833333368,65.52575231481505
38.22048611111125,59.12123842592614,39.322337962963104,59.01793981481502,108.1880787037041,51.16724537037055,32.98668981481493,50.47858796296314,30.81741898148159,44.24623842592608,9.572337962962997,65.05516975308664
38.22048611111125,58.65065586419774,39.322337962963104,58.60474537037058,108.1880787037041,50.662229938271786,32.98668981481493,50.0653935185187,30.81741898148159,43.006655092592744,9.572337962962997,59.844328703703916
38.22048611111125,58.237461419753295,39.322337962963104,55.32214506172859,108.05034722222261,50.4097222222224,33.12442129629641,52.544560185185375,30.78298611111122,42.536072530864345,9.710069444444478,70.28896604938296
38.22048611111125,57.824266975308845,39.322337962963104,54.09403935185205,108.60127314814854,51.16724537037055,33.12442129629641,52.131365740740925,30.78298611111122,38.77141203703717,9.710069444444478,75.54571759259287
38.22048611111125,57.4110725308644,39.322337962963104,53.600501543210065,108.60127314814854,50.51302083333351,33.12442129629641,51.71817129629648,30.78298611111122,38.312307098765565,9.710069444444478,75.13252314814841
38.22048611111125,52.854456018518704,39.35677083333347,53.12991898148167,109.01446759259298,51.16724537037055,33.12442129629641,49.652199074074254,30.955150462963072,42.11140046296311,9.8018904320988,73.84702932098791
38.35821759259273,68.88869598765457,39.460069444444585,61.08391203703725,109.01446759259298,50.75405092592611,33.12442129629641,49.239004629629804,30.948263888888995,40.920023148148296,9.77893518518522,73.34201388888916
38.35821759259273,68.47550154321011,39.460069444444585,60.67071759259281,109.01446759259298,50.34085648148166,33.12442129629641,48.82581018518536,30.88628472222233,40.35532407407422,9.77893518518522,72.9288194444447
38.35821759259273,68.06230709876567,39.391203703703844,60.257523148148366,109.18663194444483,49.89322916666684,33.12442129629641,46.75983796296313,30.920717592592702,37.87615740740754,9.847800925925961,72.51562500000026
38.35821759259273,67.64911265432123,39.49450231481495,54.97207754629649,109.15219907407446,49.42264660493845,33.12442129629641,46.369598765432265,30.78298611111122,37.04976851851865,9.77893518518522,72.10243055555581
38.35821759259273,67.23591820987679,39.49450231481495,50.788483796296475,109.08333333333373,49.17013888888906,33.2621527777779,51.30497685185203,31.085995370370476,54.96863425925946,9.847800925925961,71.68923611111137
38.35821759259273,66.84567901234591,39.597800925926066,61.4971064814817,109.45520833333374,51.24988425925945,33.2621527777779,48.41261574074091,31.058449074074183,54.42689043209896,9.847800925925961,71.27604166666691
38.35821759259273,56.84866898148168,39.597800925926066,59.79841820987676,109.42766203703742,50.70814043209894,33.2621527777779,47.99942129629647,30.920717592592702,54.266203703703894,9.847800925925961,70.86284722222247
38.35821759259273,56.355131172839705,39.597800925926066,59.38522376543231,109.42766203703742,50.2949459876545,33.2621527777779,47.58622685185202,31.058449074074183,43.59201388888904,9.710069444444478,70.58738425925951
38.35821759259273,55.94193672839526,39.597800925926066,58.225983796296504,109.5653935185189,52.269097222222406,33.2621527777779,47.173032407407575,31.058449074074183,41.52604166666681,9.847800925925961,69.39371141975333
38.35821759259273,55.52874228395081,39.597800925926066,57.73244598765453,109.5653935185189,51.85590277777796,33.2621527777779,46.00231481481498,31.085995370370476,39.12951388888903,9.847800925925961,68.98051697530889
38.35821759259273,55.11554783950637,39.597800925926066,57.31925154321008,109.5653935185189,49.90470679012363,33.2621527777779,42.85744598765447,31.196180555555667,53.92187500000019,9.847800925925961,68.56732253086444
38.35821759259273,54.70235339506192,39.597800925926066,56.906057098765636,109.84085648148186,51.44270833333351,33.2621527777779,42.44425154321003,31.196180555555667,53.50868055555575,9.847800925925961,68.15412808642
38.35821759259273,54.28915895061748,39.597800925926066,56.492862654321186,109.84085648148186,51.02951388888907,33.19328703703715,42.145833333333485,31.196180555555667,53.0954861111113,9.847800925925961,67.74093364197554
38.35821759259273,53.875964506173034,39.597800925926066,56.07966820987674,109.84085648148186,50.61631944444463,33.39988425925938,50.89178240740759,31.196180555555667,52.7511574074076,9.847800925925961,67.3277391975311
38.35821759259273,53.462770061728584,39.597800925926066,55.66647376543229,109.84085648148186,50.20312500000018,33.39988425925938,50.47858796296314,31.196180555555667,44.37249228395078,9.847800925925961,66.91454475308666
38.63368055555569,59.20158179012367,39.597800925926066,54.42689043209896,109.97858796296336,52.29205246913599,33.39988425925938,50.0653935185187,31.196180555555667,43.95929783950633,9.847800925925961,66.50135030864222
38.63368055555569,58.78838734567922,39.597800925926066,51.02951388888907,109.97858796296336,51.85590277777796,33.53761574074086,52.49864969135821,31.230613425926038,43.213252314814966,9.847800925925961,66.08815586419776
38.63368055555569,58.375192901234776,39.63223379629644,50.27199074074092,110.25405092592632,51.44270833333351,33.53761574074086,52.08545524691377,31.196180555555667,42.71971450617299,9.847800925925961,64.69936342592615
38.63368055555569,57.961998456790326,39.597800925926066,49.789930555555735,110.25405092592632,51.02951388888907,33.53761574074086,51.67226080246932,31.196180555555667,38.49594907407421,9.847800925925961,59.27044753086441
38.63368055555569,57.59471450617304,39.597800925926066,49.376736111111285,110.25405092592632,50.61631944444463,33.53761574074086,49.74402006172857,31.36834490740752,42.352430555555706,10.019965277777814,65.66348379629653
38.56481481481495,57.158564814815016,39.597800925926066,49.03240740740758,110.25405092592632,50.22608024691376,33.53761574074086,49.193094135802646,31.33391203703715,41.84741512345694,9.985532407407442,65.16994598765456
38.63368055555569,53.06105324074093,39.73553240740755,61.864390432098986,110.42621527777817,52.64785879629648,33.53761574074086,48.779899691358196,31.36145833333344,41.16793981481496,10.01307870370374,64.05891203703727
38.63368055555569,52.7511574074076,39.76307870370384,58.825115740740955,110.3917824074078,52.17727623456808,33.57204861111123,46.7942708333335,31.33391203703715,40.6078317901236,9.985532407407442,63.51716820987677
38.70254629629643,68.72800925925951,39.76307870370384,53.866782407407605,110.3917824074078,51.76408179012364,33.53761574074086,46.24334490740757,31.299479166666778,40.148726851852,9.985532407407442,63.10397376543232
38.70254629629643,68.31481481481505,39.73553240740755,53.3250385802471,110.55706018518559,55.10636574074095,33.70978009259271,51.30497685185203,31.33391203703715,37.94502314814828,9.985532407407442,62.69077932098788
38.70254629629643,67.90162037037061,39.70109953703718,52.923321759259444,110.52951388888928,54.56462191358044,33.67534722222234,48.36670524691375,31.47164351851863,55.16145833333353,9.985532407407442,62.27758487654343
38.70254629629643,67.48842592592617,39.87326388888903,61.03800154321009,110.52951388888928,54.151427469135996,33.67534722222234,47.9535108024693,31.47164351851863,54.748263888889085,9.985532407407442,61.864390432098986
38.70254629629643,67.07523148148172,39.87326388888903,55.29918981481501,110.52951388888928,53.738233024691546,33.67534722222234,47.54031635802486,31.47164351851863,54.335069444444635,9.847800925925961,61.70370370370392
38.63368055555569,66.79976851851876,39.87326388888903,54.885995370370566,110.52951388888928,53.3250385802471,33.67534722222234,47.173032407407575,31.47164351851863,39.78144290123471,9.985532407407442,60.07388117283972
38.63368055555569,56.67650462962983,39.87326388888903,60.67071759259281,110.52951388888928,52.95775462962982,33.81307870370382,50.75405092592611,31.47164351851863,39.322337962963104,9.985532407407442,58.88020833333354
38.77141203703717,55.57465277777798,40.010995370370516,59.89023919753107,110.70167824074113,51.201678240740925,33.81307870370382,50.34085648148166,31.47164351851863,38.909143518518654,10.123263888888925,61.35937500000022
38.77141203703717,55.16145833333353,39.94212962962977,59.43113425925947,110.66724537037076,50.70814043209894,33.81307870370382,52.40682870370389,31.609375000000114,53.92187500000019,10.123263888888925,60.94618055555577
38.77141203703717,54.748263888889085,39.94212962962977,58.19155092592613,110.66724537037076,50.31790123456808,33.950810185185304,51.947723765432286,31.609375000000114,53.50868055555575,10.123263888888925,60.53298611111133
38.77141203703717,54.335069444444635,39.94212962962977,57.77835648148169,110.80497685185225,55.71238425925946,33.950810185185304,50.01948302469154,31.609375000000114,53.0954861111113,10.150810185185222,58.27418981481503
38.77141203703717,53.92187500000019,39.94212962962977,57.365162037037244,110.7361111111115,52.44126157407426,33.950810185185304,48.73398919753104,31.609375000000114,52.7511574074076,10.123263888888925,57.73244598765453
38.77141203703717,53.50868055555575,40.010995370370516,56.86014660493847,110.66724537037076,52.062500000000185,33.9783564814816,46.81493055555572,31.609375000000114,44.280671296296454,10.123263888888925,57.38811728395082
38.909143518518654,59.155671296296504,40.010995370370516,56.44695216049403,110.80497685185225,51.511574074074254,33.950810185185304,46.300733024691525,31.609375000000114,43.86747685185201,9.985532407407442,56.951967592592794
38.909143518518654,58.74247685185206,40.010995370370516,56.03375771604958,110.9771412037041,57.74392361111131,33.950810185185304,51.580439814815,31.609375000000114,43.45428240740756,10.123263888888925,71.0694444444447
38.909143518518654,58.19155092592613,40.010995370370516,55.620563271605135,110.94270833333373,57.27334104938292,33.950810185185304,51.16724537037055,31.609375000000114,43.04108796296312,10.123263888888925,68.72800925925951
38.909143518518654,52.95775462962982,40.04542824074088,54.43836805555575,110.94270833333373,56.86014660493847,34.088541666666785,48.27488425925943,31.609375000000114,38.49594907407421,10.123263888888925,67.97048611111136
38.909143518518654,52.613425925926116,39.94212962962977,50.34085648148166,110.94270833333373,56.44695216049403,34.088541666666785,47.86168981481499,31.747106481481595,42.62789351851867,10.192129629629665,67.55729166666691
39.04687500000014,55.16145833333353,40.010995370370516,49.973572530864374,110.94270833333373,56.03375771604958,34.088541666666785,47.44849537037054,31.747106481481595,42.214699074074225,10.192129629629665,67.14409722222246
39.04687500000014,54.748263888889085,40.010995370370516,49.56037808641993,110.9771412037041,55.26475694444464,34.088541666666785,50.34085648148166,31.747106481481595,41.801504629629775,10.192129629629665,66.73090277777801
39.04687500000014,54.335069444444635,39.97656250000014,49.118489583333506,110.94270833333373,54.79417438271624,34.364004629629754,48.68807870370388,31.747106481481595,41.38831018518533,10.192129629629665,66.31770833333357
39.04687500000014,53.99074074074093,40.010995370370516,61.63483796296318,110.94270833333373,54.3809799382718,34.364004629629754,47.05825617283968,31.747106481481595,40.97511574074089,10.192129629629665,64.66493055555578
39.35677083333347,52.045283564815,40.010995370370516,59.01793981481502,110.94270833333373,54.013695987654515,34.27218364197543,46.48437500000016,31.747106481481595,40.56192129629644,10.260995370370408,65.90451388888913
39.73553240740755,52.269097222222406,40.010995370370516,58.60474537037058,110.873842592593,53.64641203703723,34.501736111111235,48.27488425925943,31.747106481481595,40.148726851852,10.260995370370408,65.49131944444467
39.73553240740755,51.924768518518704,40.18315972222236,54.025173611111306,110.873842592593,53.23321759259278,34.501736111111235,47.86168981481499,31.747106481481595,37.94502314814828,10.260995370370408,65.07812500000023
40.18315972222236,52.23466435185204,40.148726851852,53.50868055555575,110.873842592593,52.82002314814834,34.501736111111235,47.44849537037054,31.781539351851965,35.31090856481494,10.260995370370408,64.25173611111134
40.148726851852,51.8099922839508,40.148726851852,53.0954861111113,111.08043981481521,51.02951388888907,34.7771990740742,48.59625771604956,31.884837962963076,55.11554783950637,10.260995370370408,63.83854166666689
40.56192129629644,52.40682870370389,40.148726851852,52.854456018518704,111.11487268518557,50.54745370370388,34.7771990740742,47.19024884259276,31.884837962963076,54.70235339506192,10.260995370370408,63.42534722222245
40.56192129629644,51.993634259259444,40.31400462962977,54.96863425925946,111.01157407407447,50.27199074074092,34.91493055555568,48.13715277777795,31.884837962963076,54.28915895061748,10.260995370370408,63.012152777778
40.56192129629644,51.580439814815,40.24054783950631,48.94058641975326,111.21817129629669,51.44270833333351,34.91493055555568,47.723958333333506,31.919270833333446,39.70109953703718,10.260995370370408,62.598958333333556
40.56192129629644,51.16724537037055,40.28645833333348,55.98784722222242,111.38344907407449,57.7232638888891,35.19039351851865,48.55034722222239,31.884837962963076,39.23051697530878,10.260995370370408,62.18576388888911
40.56192129629644,50.75405092592611,40.42418981481496,55.52874228395081,111.35590277777817,57.1815200617286,35.19039351851865,47.33371913580264,31.884837962963076,38.840277777777914,10.260995370370408,61.77256944444466
40.56192129629644,50.34085648148166,40.28645833333348,49.927662037037216,111.35590277777817,56.768325617284155,35.32812500000013,48.13715277777795,31.884837962963076,33.317245370370486,10.329861111111148,60.29195601851873
40.69965277777792,49.927662037037216,40.28645833333348,49.514467592592766,111.35590277777817,56.355131172839705,35.32812500000013,47.723958333333506,32.02256944444456,53.944830246913774,10.260995370370408,58.88020833333354
40.69965277777792,49.514467592592766,40.58946759259273,54.335069444444635,111.35590277777817,55.94193672839526,35.46585648148161,39.71257716049397,31.953703703703816,53.37094907407426,10.398726851851888,61.35937500000022
40.665219907407554,49.03240740740758,40.56192129629644,53.78414351851871,111.35590277777817,55.551697530864395,35.60358796296309,48.55034722222239,32.02256944444456,52.934799382716236,10.398726851851888,60.94618055555577
40.8373842592594,48.711033950617455,40.56192129629644,53.37094907407426,111.21817129629669,55.36805555555575,35.60358796296309,47.3796296296298,31.884837962963076,52.7511574074076,29.84641203703714,40.713425925926074
40.97511574074089,52.40682870370389,40.52748842592607,52.940538194444635,111.39033564814855,51.89033564814833,35.63802083333346,39.35677083333347,32.05011574074085,44.22557870370387,29.84641203703714,38.70254629629643
40.97511574074089,51.993634259259444,40.727199074074214,55.07881944444463,111.35590277777817,54.47280092592612,35.60358796296309,38.863233024691496,32.02256944444456,43.683834876543365,29.84641203703714,37.44918981481494
40.97511574074089,51.580439814815,41.002662037037176,54.5278935185187,111.49363425925965,52.59047067901253,35.60358796296309,38.45003858024705,32.02256944444456,43.27064043209892,29.818865740740847,36.912037037037166
40.97511574074089,51.16724537037055,40.97511574074089,53.96778549382735,111.49363425925965,52.200231481481666,35.74131944444457,48.13715277777795,32.02256944444456,42.85744598765447,29.956597222222328,41.663773148148294
40.97511574074089,50.75405092592611,40.97511574074089,53.55459104938291,111.42476851851892,50.96064814814833,35.74131944444457,47.723958333333506,32.05700231481493,38.3926504629631,29.956597222222328,41.25057870370385
40.97511574074089,50.34085648148166,40.97511574074089,53.14139660493846,111.40181327160533,50.524498456790305,36.05121527777791,48.515914351852025,32.02256944444456,33.05555555555567,29.956597222222328,38.08275462962977
40.97511574074089,48.29783950617301,40.97511574074089,52.84297839506192,111.5625000000004,51.40827546296315,36.01678240740753,47.40258487654338,32.19473379629641,42.31799768518533,30.09432870370381,36.67100694444458
40.97511574074089,47.86168981481499,41.11284722222237,55.11554783950637,111.803530092593,58.31206597222243,35.87905092592605,39.322337962963104,32.16030092592604,41.84741512345694,30.232060185185293,40.69965277777792
41.11284722222237,49.927662037037216,41.38831018518533,54.57609953703723,111.70023148148188,57.91608796296317,35.87905092592605,38.909143518518654,32.16030092592604,41.43422067901249,30.232060185185293,38.81732253086434
41.11284722222237,49.514467592592766,41.38831018518533,54.05960648148167,111.70023148148188,57.502893518518725,35.87905092592605,38.49594907407421,32.16030092592604,41.02102623456805,30.232060185185293,38.40412808641989
41.11284722222237,49.10127314814832,41.38831018518533,53.64641203703723,111.70023148148188,57.089699074074275,36.18894675925939,48.033854166666835,32.16030092592604,40.6078317901236,30.259606481481583,37.72465277777791
41.25057870370385,48.68807870370388,41.38831018518533,53.23321759259278,111.70023148148188,56.67650462962983,36.15451388888902,47.58622685185202,32.16030092592604,40.194637345679155,30.232060185185293,37.16454475308655
41.31944444444459,52.40682870370389,41.38831018518533,52.865933641975495,111.76909722222261,56.171489197531066,36.42997685185198,48.68807870370388,32.16030092592604,37.922067901234705,30.369791666666774,41.663773148148294
41.31944444444459,51.993634259259444,41.732638888889035,53.92187500000019,111.6772762345683,55.758294753086616,36.567708333333464,48.27488425925943,32.18784722222233,35.383217592592715,30.369791666666774,41.25057870370385
41.38831018518533,51.580439814815,41.732638888889035,53.50868055555575,111.70023148148188,51.71817129629648,36.567708333333464,47.86168981481499,32.02256944444456,35.1215277777779,30.507523148148255,36.705439814814945
41.38831018518533,51.16724537037055,41.801504629629775,53.04957561728414,111.93437500000041,59.155671296296504,36.567708333333464,47.44849537037054,32.16030092592604,54.885995370370566,30.64525462962974,40.69965277777792
41.38831018518533,50.75405092592611,41.801504629629775,52.63638117283969,111.90682870370411,58.67361111111132,36.843171296296426,48.653645833333506,32.16030092592604,54.47280092592612,30.64525462962974,38.77141203703717
41.38831018518533,50.34085648148166,41.801504629629775,52.22318672839525,111.83796296296336,52.57899305555574,37.0084490740742,48.05451388888905,32.22916666666678,48.41261574074091,30.64525462962974,38.35821759259273
41.38831018518533,48.27488425925943,41.801504629629775,51.8099922839508,111.76909722222261,52.131365740740925,36.94646990740754,47.44849537037054,32.33246527777789,39.76996527777792,30.64525462962974,37.94502314814828
41.38831018518533,47.723958333333506,42.076967592592744,51.511574074074254,112.18229166666707,69.21006944444468,37.256365740740875,48.68807870370388,32.298032407407526,39.27642746913594,30.64525462962974,37.53182870370384
41.52604166666681,49.927662037037216,42.214699074074225,52.728202160494014,112.18229166666707,68.79687500000024,37.42853009259272,48.309317129629804,32.298032407407526,38.863233024691496,30.64525462962974,37.118634259259395
41.52604166666681,49.514467592592766,42.145833333333485,52.33796296296315,112.18229166666707,68.40663580246938,37.394097222222356,47.81577932098782,32.298032407407526,33.30806327160506,30.81741898148159,41.62934027777793
41.52604166666681,49.10127314814832,42.145833333333485,51.924768518518704,112.11342592592632,58.294849537037244,37.394097222222356,47.40258487654338,32.4633101851853,45.4376157407409,30.78298611111122,41.15875771604953
41.69820601851867,48.72251157407425,42.462615740740894,51.44270833333351,112.32002314814855,70.63329475308667,37.8072916666668,48.55034722222239,32.43576388888901,44.556134259259416,30.948263888888995,36.67789351851865
41.801504629629775,51.07542438271623,42.90335648148164,51.37384259259277,112.32002314814855,59.40817901234589,37.8072916666668,48.13715277777795,32.43576388888901,44.14293981481497,31.058449074074183,55.04668209876563
41.801504629629775,50.662229938271786,43.20636574074089,50.94687500000017,112.32002314814855,58.9261188271607,37.8072916666668,47.723958333333506,32.43576388888901,43.72974537037052,31.058449074074183,40.64800347222236
41.801504629629775,50.249035493827336,43.144386574074225,50.34085648148166,112.2511574074078,58.63917824074095,37.8072916666668,47.310763888889056,32.43576388888901,43.31655092592608,31.058449074074183,38.909143518518654
41.83593750000015,48.27488425925943,43.31655092592608,49.927662037037216,112.59548611111151,69.0723379629632,37.83483796296309,39.47384259259274,32.43576388888901,42.90335648148164,31.058449074074183,38.49594907407421
41.76707175925941,47.74117476851869,43.34409722222237,48.908449074074255,112.59548611111151,68.65914351851876,37.979456018518654,40.079861111111256,32.298032407407526,38.35821759259273,31.058449074074183,38.08275462962977
41.93923611111126,49.789930555555735,43.1788194444446,48.61921296296313,112.59548611111151,68.31481481481505,38.08275462962977,39.04687500000014,32.57349537037049,42.49016203703719,31.058449074074183,37.66956018518532
41.93923611111126,49.376736111111285,43.34409722222237,48.08206018518536,112.733217592593,70.61033950617309,38.22048611111125,48.41261574074091,32.57349537037049,42.076967592592744,31.058449074074183,37.256365740740875
42.076967592592744,48.96354166666684,43.282118055555706,47.55179398148165,112.76765046296336,59.50000000000021,38.22048611111125,47.99942129629647,32.57349537037049,41.663773148148294,31.230613425926038,54.57609953703723
42.214699074074225,51.02951388888907,43.488715277777935,49.4800347222224,113.00868055555596,69.02642746913605,38.22048611111125,47.58622685185202,32.57349537037049,41.25057870370385,31.196180555555667,54.10551697530883
42.214699074074225,50.61631944444463,43.5231481481483,51.02951388888907,113.00868055555596,68.6132330246916,38.22048611111125,47.173032407407575,32.57349537037049,40.8373842592594,31.196180555555667,53.69232253086439
42.214699074074225,50.20312500000018,43.5231481481483,50.61631944444463,113.00868055555596,68.20003858024715,38.22048611111125,39.460069444444585,32.57349537037049,40.42418981481496,31.168634259259374,53.219444444444626
42.214699074074225,48.55034722222239,43.59201388888904,50.15721450617302,113.00868055555596,63.35648148148171,38.35821759259273,40.28645833333348,32.43576388888901,38.01388888888902,31.223726851851957,44.08784722222238
42.24913194444459,48.06828703703721,43.72974537037052,48.82581018518536,113.14641203703744,70.58738425925951,38.35821759259273,39.87326388888903,32.539062500000114,35.32812500000013,31.223726851851957,43.26145833333349
42.145833333333485,47.79282407407425,43.72974537037052,48.41261574074091,113.17395833333376,62.73668981481504,38.53038194444458,38.978009259259395,32.71122685185197,40.010995370370516,31.196180555555667,42.71971450617299
42.352430555555706,49.789930555555735,43.72974537037052,47.99942129629647,113.14641203703744,62.28906250000022,38.63368055555569,48.27488425925943,32.71122685185197,39.597800925926066,31.196180555555667,42.30652006172855
42.352430555555706,49.376736111111285,43.72974537037052,47.58622685185202,113.1808449074078,60.36082175925947,38.63368055555569,47.86168981481499,32.71122685185197,39.18460648148162,31.196180555555667,41.8933256172841
42.49016203703719,48.96354166666684,43.86747685185201,49.652199074074254,113.14641203703744,59.89023919753107,38.63368055555569,47.44849537037054,32.745659722222335,38.70254629629643,31.196180555555667,41.480131172839656
42.62789351851867,50.98360339506191,43.86747685185201,49.239004629629804,113.0775462962967,59.568865740740954,38.63368055555569,47.05825617283968,32.57349537037049,33.2621527777779,31.196180555555667,41.066936728395206
42.62789351851867,50.57040895061746,44.00520833333349,50.01948302469154,113.409322249,61.4971064814817,38.63368055555569,39.460069444444585,32.88339120370382,45.692418981481644,31.230613425926038,35.982349537037166
42.62789351851867,50.15721450617302,44.170486111111266,48.88090277777794,113.4341227289,59.7754629629631,38.63368055555569,38.63368055555569,32.84895833333345,45.290702160493986,31.196180555555667,35.51176697530877
42.66232638888904,48.584780092592766,44.14293981481497,48.32079475308659,113.5986670716,62.0021219135804,38.77141203703717,63.17283950617306,32.84895833333345,44.556134259259416,31.196180555555667,35.098572530864324
42.62789351851867,48.09124228395079,44.14293981481497,47.907600308642145,113.7058688755,54.1973379629631,38.77141203703717,46.59915123456807,32.84895833333345,44.14293981481497,31.196180555555667,34.685378086419874
42.62789351851867,47.769868827160664,44.14293981481497,47.54031635802486,114.08935571,58.5703125000002,38.77141203703717,40.28645833333348,32.84895833333345,43.72974537037052,31.196180555555667,34.27218364197543
42.76562500000015,49.74402006172857,44.31510416666682,49.4800347222224,113.14641203703744,53.64641203703723,38.77141203703717,39.87326388888903,32.84895833333345,43.31655092592608,31.196180555555667,33.85898919753098
42.76562500000015,49.33082561728413,44.45283564814831,49.996527777777956,114.1480292137,59.1556712962965,38.94357638888903,39.01244212962977,32.84895833333345,42.90335648148164,31.196180555555667,33.44579475308654
42.90335648148164,48.96354166666684,44.556134259259416,48.79137731481499,114.1939021258,54.1801215277779,39.04687500000014,48.13715277777795,32.87650462962974,37.0084490740742,31.196180555555667,33.032600308642095
42.90335648148164,48.41261574074091,44.556134259259416,48.32079475308659,114.2905155617,54.0825617283952,39.04687500000014,47.723958333333506,32.98668981481493,42.49016203703719,31.196180555555667,32.66531635802481
114.79918981481522,60.53298611111133,44.556134259259416,47.907600308642145,114.3192434468,60.2116126543212,39.04687500000014,47.310763888889056,32.98668981481493,42.076967592592744,31.36145833333344,36.78807870370384
114.79918981481522,60.05092592592614,44.556134259259416,47.43472222222238,114.3273383744,60.7395833333335,39.04687500000014,46.89756944444461,32.98668981481493,41.663773148148294,31.33391203703715,36.2922453703705
114.90248842592634,56.19444444444464,44.72141203703719,49.376736111111285,114.4456232921,61.0839120370372,39.07442129629643,46.27777777777794,32.98668981481493,41.25057870370385,31.47164351851863,55.16145833333353
115.07465277777818,59.75250771604959,44.831597222222385,49.927662037037216,,,39.08130787037051,39.460069444444585,32.98668981481493,40.8373842592594,31.47164351851863,40.58487654321002
115.10908564814855,55.953414351852054,44.99687500000016,48.68807870370388,,,39.08130787037051,38.53038194444458,32.98668981481493,40.42418981481496,31.47164351851863,39.04687500000014
115.21238425925966,60.53298611111133,44.969328703703866,48.13715277777795,,,39.01244212962977,38.01388888888902,33.12442129629641,47.15007716049399,31.47164351851863,38.63368055555569
115.21238425925966,60.11979166666688,44.969328703703866,47.723958333333506,,,39.212152777777916,63.08101851851874,33.12442129629641,40.056905864197674,31.47164351851863,38.22048611111125
115.48784722222263,59.72955246913602,44.900462962963125,47.44849537037054,,,39.18460648148162,40.42418981481496,33.05555555555567,39.597800925926066,31.47164351851863,37.8072916666668
115.48784722222263,55.98784722222242,45.10706018518535,49.41116898148166,,,39.18460648148162,40.010995370370516,33.05555555555567,39.18460648148162,31.47164351851863,37.394097222222356
115.55671296296337,60.53298611111133,45.33661265432115,48.96354166666684,,,39.21903935185199,37.721209490740875,33.05555555555567,38.77141203703717,31.609375000000114,54.84008487654341
115.55671296296337,60.11979166666688,45.24479166666683,48.55034722222239,,,39.3498842592594,36.2922453703705,33.19328703703715,49.239004629629804,31.609375000000114,54.24324845679032
115.66001157407449,56.50434027777798,107.25150462963003,49.514467592592766,,,39.322337962963104,35.74131944444457,33.2621527777779,46.622106481481644,31.609375000000114,53.83005401234587
115.90104166666708,56.05671296296316,107.49942129629667,49.14718364197548,,,39.28790509259273,35.31090856481494,33.2621527777779,46.2089120370372,31.609375000000114,53.37094907407426
116.03877314814856,56.77980324074094,107.67158564814854,49.89322916666684,,,39.460069444444585,47.58622685185202,33.2621527777779,45.79571759259276,31.47164351851863,53.16435185185204
116.03877314814856,56.40104166666687,107.63715277777816,49.42264660493845,,,39.460069444444585,47.173032407407575,33.2621527777779,45.38252314814831,31.609375000000114,44.280671296296454
116.20405092592635,57.44780092592614,108.07789351851892,50.69895833333352,,,39.460069444444585,46.75983796296313,33.2621527777779,44.969328703703866,31.609375000000114,43.86747685185201
116.2866898148152,55.91898148148168,108.05034722222261,50.15721450617302,,,39.460069444444585,46.34664351851868,33.2621527777779,44.556134259259416,31.609375000000114,43.45428240740756
116.47951388888931,57.04837962962983,108.05034722222261,49.74402006172857,,,39.391203703703844,46.10561342592609,33.2621527777779,44.14293981481497,31.609375000000114,43.04108796296312
116.58969907407449,57.640625000000206,108.05034722222261,49.33082561728413,,,39.48761574074088,39.597800925926066,33.2621527777779,43.72974537037052,31.609375000000114,42.65084876543225
116.72743055555597,56.07966820987674,107.91261574074112,49.17013888888906,,,39.460069444444585,39.04687500000014,33.2621527777779,43.31655092592608,31.609375000000114,42.16878858024706
116.72743055555597,55.71238425925946,108.49108796296336,50.836689814815,,,39.460069444444585,38.63368055555569,33.2621527777779,42.90335648148164,31.609375000000114,41.75559413580262
116.81925154321029,57.27334104938292,108.46354166666706,50.2949459876545,,,39.460069444444585,38.22048611111125,33.19328703703715,37.66956018518532,31.609375000000114,41.342399691358175
116.79629629629672,56.74537037037057,108.46354166666706,49.88175154321005,,,39.597800925926066,63.2417052469138,33.2621527777779,37.118634259259395,31.609375000000114,40.929205246913725
117.69155092592635,60.53298611111133,108.46354166666706,49.46855709876561,,,39.597800925926066,62.92033179012368,33.39988425925938,42.49016203703719,31.609375000000114,35.74131944444457
118.38020833333375,60.53298611111133,108.46354166666706,49.14718364197548,,,39.62534722222236,40.50682870370385,33.39988425925938,42.076967592592744,31.609375000000114,35.32812500000013
118.48350694444487,60.05092592592614,108.8767361111115,50.93769290123475,,,39.597800925926066,40.010995370370516,33.39988425925938,41.663773148148294,31.609375000000114,34.91493055555568
118.69010416666708,59.72381365740762,108.8767361111115,50.524498456790305,114.68900462963005,70.27060185185209,39.62534722222236,37.642013888889025,33.39988425925938,41.25057870370385,31.609375000000114,34.501736111111235
118.82094907407452,60.94618055555577,108.8767361111115,50.111304012345855,114.66145833333374,69.39371141975333,39.76996527777792,41.130063657407554,33.39988425925938,40.8373842592594,31.609375000000114,34.088541666666785
118.7934027777782,60.39525462962985,108.8767361111115,49.74402006172857,114.68900462963005,65.16076388888914,39.73553240740755,36.42997685185198,33.427430555555674,40.31400462962977,31.609375000000114,33.67534722222234
118.93113425925968,67.39660493827185,108.78491512345718,49.261959876543386,114.62702546296337,54.197337962963154,39.73553240740755,36.01678240740753,33.33101851851864,34.91493055555568,31.609375000000114,33.2621527777779
118.958680555556,66.81354166666691,109.15219907407446,50.89178240740759,114.9369212962967,66.43248456790147,39.73553240740755,35.60358796296309,33.57204861111123,47.00086805555572,31.609375000000114,32.71122685185197
118.93113425925968,66.2717978395064,109.15219907407446,50.34085648148166,115.1021990740745,70.42210648148172,39.73553240740755,35.25925925925939,33.70978009259271,46.51880787037054,31.747106481481595,36.98090277777791
118.93113425925968,65.85860339506196,110.41932870370411,51.75949074074093,114.9369212962967,70.10532407407432,39.87326388888903,47.21894290123473,33.67534722222234,46.025270061728556,31.747106481481595,36.567708333333464
118.93113425925968,65.44540895061752,110.80497685185225,52.510127314815,115.07465277777818,69.39371141975333,39.87326388888903,46.80574845679029,33.67534722222234,45.61207561728411,31.747106481481595,36.15451388888902
118.93113425925968,65.03221450617308,110.80497685185225,52.0395447530866,114.9369212962967,65.07812500000023,39.87326388888903,46.39255401234584,33.67534722222234,45.19888117283967,31.91238425925937,40.67210648148163
118.93113425925968,64.61902006172862,110.80497685185225,51.56666666666684,115.07465277777818,54.197337962963154,39.87326388888903,46.025270061728556,33.67534722222234,44.78568672839522,31.884837962963076,39.04687500000014
118.93113425925968,64.20582561728418,111.08043981481521,53.74971064814834,115.35011574074115,66.57021604938295,39.87326388888903,39.42563657407421,33.67534722222234,44.37249228395078,31.884837962963076,38.63368055555569
118.93113425925968,63.792631172839734,111.08043981481521,53.279128086419945,115.35011574074115,55.02372685185205,39.87326388888903,38.95505401234582,33.67534722222234,43.95929783950633,31.884837962963076,38.22048611111125
118.93113425925968,63.379436728395284,111.08043981481521,52.865933641975495,115.48784722222263,70.57361111111135,39.87326388888903,38.54185956790137,33.67534722222234,43.546103395061884,31.884837962963076,37.8072916666668
118.93113425925968,62.96624228395084,111.21817129629669,52.30353009259278,115.48784722222263,69.41666666666691,39.87326388888903,38.128665123456926,33.67534722222234,43.132908950617434,31.884837962963076,37.394097222222356
118.93113425925968,62.5530478395064,111.21817129629669,51.8099922839508,115.46030092592632,54.211111111111315,39.87326388888903,63.012152777778,33.67534722222234,42.71971450617299,31.953703703703816,54.98929398148168
118.93113425925968,62.13985339506195,111.08043981481521,51.511574074074254,115.79774305555597,67.4539930555558,40.0385416666668,40.42418981481496,33.67534722222234,37.118634259259395,31.884837962963076,54.610532407407604
118.93113425925968,61.726658950617505,111.38344907407449,54.142245370370574,115.79085648148191,66.56562500000024,40.010995370370516,39.87326388888903,33.74421296296308,50.4097222222224,31.953703703703816,54.197337962963154
118.93113425925968,61.35937500000022,111.52806712963003,55.540219907407604,115.90104166666708,71.84992283950643,40.010995370370516,37.61791087962976,33.81307870370382,42.214699074074225,31.884837962963076,53.78414351851871
119.06886574074116,59.9820601851854,111.49363425925965,55.069637345679205,115.83217592592634,71.41377314814841,40.148726851852,40.97511574074089,33.81307870370382,41.801504629629775,31.884837962963076,53.37094907407426
119.06886574074116,59.568865740740954,111.49363425925965,54.65644290123476,115.83217592592634,71.00057870370395,40.148726851852,36.33815586419766,33.81307870370382,41.38831018518533,32.05700231481493,44.24623842592608
119.20659722222264,60.80844907407429,111.52806712963003,53.474247685185375,115.83217592592634,70.62181712962987,40.148726851852,35.92496141975322,33.81307870370382,40.97511574074089,32.02256944444456,43.77565586419769
119.20659722222264,60.39525462962985,111.49363425925965,53.003665123456976,115.90104166666708,69.27893518518543,40.148726851852,35.51176697530877,33.81307870370382,40.56192129629644,32.02256944444456,43.36246141975324
119.34432870370412,67.41956018518542,111.4477237654325,52.59047067901253,115.90104166666708,67.00636574074097,40.148726851852,35.21334876543222,33.81307870370382,40.194637345679155,32.02256944444456,42.937789351852004
119.34432870370412,67.00636574074097,111.63136574074113,57.60619212962983,116.03877314814856,66.22588734567925,40.28645833333348,47.035300925926094,33.84062500000012,39.11574074074088,31.884837962963076,42.69675925925941
119.34432870370412,66.59317129629653,111.63136574074113,57.13560956790144,116.17650462963005,68.9575617283953,40.28645833333348,46.622106481481644,33.9783564814816,47.11793981481499,32.02256944444456,42.03105709876558
119.34432870370412,66.17997685185209,111.59693287037076,56.67650462962983,116.21093750000041,67.7983217592595,40.28645833333348,46.07118055555572,33.98524305555568,38.54759837962977,32.02256944444456,41.61786265432114
119.34432870370412,65.76678240740765,111.63136574074113,56.03375771604958,116.17650462963005,67.3277391975311,40.31400462962977,39.37743055555569,34.088541666666785,46.48437500000016,32.02256944444456,41.20466820987669
119.34432870370412,65.35358796296319,111.49363425925965,51.85590277777796,116.21093750000041,66.57595486111134,40.28645833333348,38.81732253086434,34.088541666666785,46.07118055555572,32.05700231481493,35.775752314814945
119.34432870370412,64.94039351851875,111.76909722222261,54.09403935185205,116.31423611111153,71.94174382716075,40.28645833333348,38.40412808641989,34.11608796296308,45.54780092592608,32.02256944444456,35.28221450617296
119.34432870370412,64.5271990740743,111.93437500000041,58.05381944444465,116.31423611111153,69.96759259259284,40.28645833333348,38.0368441358026,33.950810185185304,45.31365740740757,32.02256944444456,34.86902006172852
119.34432870370412,64.11400462962986,111.93437500000041,56.40104166666687,116.31423611111153,69.34780092592617,40.35532407407422,40.42418981481496,34.088541666666785,44.78568672839522,32.02256944444456,34.45582561728407
119.34432870370412,63.70081018518541,111.93437500000041,55.57465277777798,116.3486689814819,68.31481481481505,40.35532407407422,40.010995370370516,34.088541666666785,44.37249228395078,32.02256944444456,34.04263117283963
119.34432870370412,63.28761574074097,111.90682870370411,55.02372685185205,116.36014660493869,67.05227623456814,40.28645833333348,37.66956018518532,34.088541666666785,43.95929783950633,32.02256944444456,33.629436728395184
119.34432870370412,62.87442129629652,111.90682870370411,54.610532407407604,116.6172453703708,68.87951388888914,40.56192129629644,67.23591820987679,34.088541666666785,43.59201388888904,32.02256944444456,33.216242283950734
119.34432870370412,62.461226851852075,111.93437500000041,53.50868055555575,116.6172453703708,67.63993055555581,40.4930555555557,40.97511574074089,34.088541666666785,42.90335648148164,31.995023148148267,32.71122685185197
119.34432870370412,62.048032407407625,111.87239583333373,52.940538194444635,116.6172453703708,66.45543981481505,40.42418981481496,35.87905092592605,34.088541666666785,42.49016203703719,32.18784722222233,37.0359953703705
119.34432870370412,61.63483796296318,112.0721064814819,57.365162037037244,116.72743055555597,71.89583333333358,40.42418981481496,35.32812500000013,34.11608796296308,39.73553240740755,32.16030092592604,36.47588734567914
119.34432870370412,61.22164351851874,112.04456018518559,56.883101851852054,116.72743055555597,70.56442901234593,40.69965277777792,66.77681327160518,34.12297453703716,38.117187500000135,32.16030092592604,36.08564814814827
119.51649305555598,59.913194444444656,112.20983796296338,54.142245370370574,116.76186342592634,69.93315972222247,40.69965277777792,46.89756944444461,34.088541666666785,37.09567901234581,32.32557870370381,40.754745370370514
119.41319444444487,59.637731481481694,112.34756944444486,69.981365740741,116.72743055555597,69.4396219135805,40.69965277777792,46.48437500000016,34.088541666666785,48.41261574074091,32.298032407407526,40.194637345679155
119.65422453703746,60.87731481481503,112.2511574074078,69.5543981481484,116.76186342592634,68.28038194444468,40.69965277777792,46.07118055555572,34.26070601851864,42.076967592592744,32.298032407407526,39.322337962963104
119.55092592592635,60.39525462962985,112.35445601851892,58.432581018518725,116.76186342592634,67.04079861111136,40.871817129629775,64.7682291666669,34.157407407407526,41.69820601851867,32.298032407407526,38.909143518518654
119.75752314814858,67.28182870370394,112.32002314814855,57.961998456790326,117.0373263888893,68.9690393518521,40.76851851851866,64.42390046296319,34.22627314814827,40.745563271605086,32.298032407407526,38.49594907407421
119.75752314814858,66.8686342592595,112.35445601851892,56.3666087962965,117.0373263888893,67.72945601851876,40.97511574074089,67.55729166666691,34.22627314814827,40.332368827160636,32.298032407407526,38.08275462962977
119.75752314814858,66.45543981481505,112.32002314814855,55.8960262345681,117.00289351851893,66.66203703703728,40.97511574074089,67.14409722222246,34.26070601851864,39.18460648148162,32.298032407407526,37.66956018518532
119.75752314814858,66.04224537037061,112.32002314814855,55.482831790123655,117.1130787037041,70.47719907407433,41.002662037037176,63.99004629629653,34.39155092592605,47.25567129629647,32.43576388888901,45.41695601851868
119.75752314814858,65.62905092592617,112.32002314814855,55.069637345679205,117.14062500000041,69.71508487654346,41.11284722222237,66.73090277777801,34.364004629629754,46.71392746913597,32.4633101851853,44.50104166666683
119.75752314814858,65.21585648148171,112.32002314814855,54.65644290123476,117.14062500000041,69.34780092592617,41.11284722222237,58.972029320987865,34.39843750000012,38.599247685185325,32.43576388888901,43.95929783950633
119.75752314814858,64.80266203703727,112.35445601851892,53.474247685185375,117.14062500000041,68.47550154321011,41.11284722222237,46.89756944444461,34.501736111111235,46.2089120370372,32.43576388888901,43.546103395061884
119.75752314814858,64.38946759259282,112.29247685185223,52.95775462962982,117.14062500000041,68.10821759259284,41.11284722222237,46.48437500000016,34.501736111111235,45.65798611111127,32.43576388888901,43.20177469135818
119.75752314814858,63.97627314814837,112.45775462963003,59.155671296296504,117.14062500000041,67.23591820987679,41.11284722222237,46.07118055555572,34.501736111111235,44.60204475308658,32.298032407407526,42.97222222222238
119.75752314814858,63.56307870370393,112.4921875000004,57.53732638888909,117.14062500000041,66.90306712962986,41.25057870370385,64.94039351851875,34.501736111111235,44.18885030864213,32.43576388888901,41.801504629629775
119.75752314814858,63.14988425925949,112.45775462963003,57.04378858024712,117.07175925925968,66.17997685185209,41.25057870370385,64.5271990740743,34.501736111111235,43.77565586419769,32.43576388888901,41.38831018518533
119.75752314814858,62.73668981481504,112.45775462963003,56.67650462962983,117.31278935185227,65.12977430555578,41.38831018518533,67.51138117283975,34.432870370370495,43.488715277777935,32.43576388888901,39.73553240740755
119.75752314814858,62.323495370370594,112.62303240740782,69.34780092592617,117.2783564814819,64.0795717592595,41.38831018518533,67.0981867283953,34.501736111111235,42.76562500000015,32.43576388888901,35.60358796296309
119.75752314814858,61.910300925926144,112.59548611111151,54.05960648148167,117.30590277777821,54.348842592592796,41.38831018518533,64.04513888888911,34.52928240740753,39.81817129629644,32.43576388888901,35.19039351851865
119.75752314814858,61.4971064814817,112.733217592593,70.26601080246938,117.41608796296337,70.17418981481507,41.38831018518533,58.501446759259466,34.5361689814816,38.117187500000135,32.43576388888901,34.7771990740742
119.75752314814858,61.15277777777799,112.733217592593,69.85281635802494,117.41608796296337,68.93460648148172,41.52604166666681,66.84567901234591,34.501736111111235,37.646604938271736,32.43576388888901,34.364004629629754
120.17071759259302,65.07812500000023,112.733217592593,58.60474537037058,117.41608796296337,67.6950231481484,41.52604166666681,59.43113425925947,34.639467592592716,42.352430555555706,32.43576388888901,33.950810185185304
120.17071759259302,64.66493055555578,112.733217592593,58.19155092592613,117.41608796296337,65.583140432099,41.52604166666681,59.01793981481502,34.639467592592716,41.82905092592607,32.43576388888901,33.53761574074086
120.17071759259302,64.25173611111134,112.733217592593,56.1255787037039,117.41608796296337,64.61902006172862,41.52604166666681,57.4110725308644,34.67390046296308,40.871817129629775,32.43576388888901,33.12442129629641
120.17071759259302,63.83854166666689,112.733217592593,55.71238425925946,117.4436342592597,63.14988425925949,41.52604166666681,46.75983796296313,34.639467592592716,40.3782793209878,32.43576388888901,32.71122685185197
120.17071759259302,63.42534722222245,112.733217592593,55.29918981481501,117.41608796296337,62.6678240740743,41.52604166666681,46.34664351851868,34.67390046296308,39.21903935185199,32.57349537037049,37.256365740740875
120.17071759259302,63.012152777778,112.733217592593,54.885995370370566,117.41608796296337,43.91912615740756,41.52604166666681,46.00231481481498,34.639467592592716,35.32812500000013,32.57349537037049,36.843171296296426
120.17071759259302,62.598958333333556,112.733217592593,54.47280092592612,117.55381944444485,70.54147376543234,41.663773148148294,64.7567515432101,34.7771990740742,47.44849537037054,32.57349537037049,36.42997685185198
120.17071759259302,62.18576388888911,112.733217592593,53.64641203703723,117.58825231481524,69.79542824074099,41.663773148148294,58.19155092592613,34.7771990740742,47.035300925926094,32.57349537037049,36.01678240740753
120.17071759259302,61.77256944444466,112.69878472222263,53.18156828703722,117.55381944444485,69.30189043209901,41.732638888889035,67.35069444444468,34.7771990740742,46.622106481481644,32.73877314814826,45.05196759259275
120.17071759259302,61.382330246913796,112.733217592593,59.155671296296504,117.58825231481524,68.55584490740765,41.732638888889035,64.35503472222246,34.81163194444457,38.77141203703717,32.71122685185197,40.97511574074089
120.03298611111154,61.15277777777799,112.90538194444484,57.812789351852054,117.55381944444485,68.06230709876567,41.732638888889035,63.941840277778006,34.91493055555568,46.2089120370372,32.71122685185197,40.56192129629644
120.58391203703746,64.84857253086443,112.87094907407447,57.31925154321008,117.55381944444485,67.48842592592617,41.83593750000015,58.570312500000206,34.88049768518531,45.72685185185201,32.71122685185197,40.148726851852
120.58391203703746,64.43537808641999,112.87094907407447,56.906057098765636,117.55381944444485,63.74672067901257,41.801504629629775,67.00636574074097,34.91493055555568,44.556134259259416,32.71122685185197,39.322337962963104
120.58391203703746,64.02218364197553,112.87094907407447,56.492862654321186,117.55381944444485,43.45428240740756,41.96678240740755,59.43113425925947,34.91493055555568,44.165895061728556,32.71122685185197,38.909143518518654
120.58391203703746,63.60898919753109,112.98113425925965,69.23761574074098,117.69155092592635,65.9389467592595,41.93923611111126,58.94907407407428,34.7771990740742,43.79861111111126,32.71122685185197,38.49594907407421
120.58391203703746,63.195794753086645,113.03622685185228,54.15601851851871,117.69155092592635,65.11255787037061,41.96678240740755,57.77835648148169,34.91493055555568,42.76562500000015,32.71122685185197,38.08275462962977
120.58391203703746,62.782600308642195,113.14641203703744,70.17418981481507,117.69155092592635,64.28616898148171,41.93923611111126,57.365162037037244,34.94936342592605,39.9076967592594,32.71122685185197,37.66956018518532
120.58391203703746,62.36940586419775,113.14641203703744,69.76099537037062,117.66400462963003,54.335069444444635,41.870370370370516,46.622106481481644,34.94936342592605,38.254918981481616,32.84895833333345,45.65798611111127
120.58391203703746,61.95621141975331,113.14641203703744,58.421103395061934,117.69155092592635,44.280671296296454,41.870370370370516,46.2089120370372,34.91493055555568,37.76138117283964,32.84895833333345,44.418402777777935
120.58391203703746,61.54301697530886,113.1808449074078,56.022280092592794,117.85682870370414,63.28761574074097,41.801504629629775,46.00231481481498,34.91493055555568,37.394097222222356,32.84895833333345,44.00520833333349
120.58391203703746,61.244598765432315,113.14641203703744,55.52874228395081,117.82928240740783,62.73668981481504,42.24224537037052,58.4670138888891,35.02511574074087,42.24224537037052,32.84895833333345,43.59201388888904
120.99710648148191,64.7567515432101,113.14641203703744,55.11554783950637,117.82928240740783,62.461226851852075,42.352430555555706,60.01649305555577,34.98379629629642,41.45717592592607,32.84895833333345,43.24768518518534
120.99710648148191,64.34355709876566,113.14641203703744,54.70235339506192,117.82928240740783,43.86747685185201,42.352430555555706,59.52295524691379,35.05266203703716,41.066936728395206,32.84895833333345,41.801504629629775
120.99710648148191,63.930362654321215,113.2724416423,56.5387731481483,117.96701388888931,70.44965277777803,42.352430555555706,59.109760802469346,35.05266203703716,40.65374228395076,32.84895833333345,41.38831018518533
120.99710648148191,63.51716820987677,113.3006461501,60.2575231481483,117.96701388888931,70.03645833333358,42.352430555555706,57.87017746913601,35.05266203703716,40.28645833333348,32.84895833333345,39.73553240740755
120.99710648148191,63.10397376543232,113.3440277216,54.5416666666668,117.96701388888931,69.62326388888914,42.352430555555706,57.45698302469156,35.05266203703716,39.41415895061743,32.84895833333345,35.60358796296309
120.99710648148191,62.69077932098788,113.376306154,59.7754629629631,117.96701388888931,69.21006944444468,42.65543981481496,60.39525462962985,34.98379629629642,35.32812500000013,32.84895833333345,35.19039351851865
120.99710648148191,62.27758487654343,113.4552155031,61.0839120370372,117.96701388888931,68.79687500000024,42.65543981481496,58.74247685185206,35.19039351851865,47.44849537037054,32.84895833333345,34.7771990740742
120.99710648148191,61.864390432098986,113.486517362,56.883101851852,117.96701388888931,68.3836805555558,42.62789351851867,58.19155092592613,35.19039351851865,47.035300925926094,32.84895833333345,34.364004629629754
120.96267361111154,61.39380787037059,113.5680280916,57.5028935185187,117.96701388888931,67.97048611111136,42.65543981481496,57.089699074074275,35.19039351851865,46.622106481481644,32.84895833333345,33.950810185185304
121.27256944444487,64.25173611111134,113.599345582,56.5387731481483,117.96701388888931,67.62615740740765,42.62789351851867,56.53877314814835,35.21793981481493,38.909143518518654,32.84895833333345,33.53761574074086
121.27256944444487,63.76967592592615,113.6323983964,54.3580246913582,117.99456018518562,66.31770833333357,42.62789351851867,56.1255787037039,35.32812500000013,46.2089120370372,32.84895833333345,33.12442129629641
121.27256944444487,63.012152777778,113.6352024131,54.4498456790125,117.99456018518562,65.49131944444467,42.62789351851867,55.71238425925946,35.32812500000013,45.79571759259276,32.84895833333345,32.71122685185197
121.27256944444487,62.598958333333556,113.6419567826,57.0896990740742,117.99456018518562,64.66493055555578,42.79317129629644,59.65150462962985,35.19039351851865,44.418402777777935,32.98668981481493,37.256365740740875
121.27256944444487,62.254629629629854,113.6662453062,57.7783564814816,118.00144675925968,63.90740740740763,42.76562500000015,59.155671296296504,35.32812500000013,42.76562500000015,32.98668981481493,36.843171296296426
122.95289351851898,55.07881944444463,113.6840869682,57.3651620370372,117.96701388888931,43.45428240740756,42.80005787037052,57.640625000000206,35.32812500000013,39.83883101851866,32.98668981481493,36.42997685185198
122.92534722222265,54.51871141975328,113.6972071632,55.6664737654322,118.1047453703708,54.403935185185375,42.90335648148164,55.36805555555575,35.32812500000013,38.186053240740875,32.98668981481493,36.01678240740753
122.92534722222265,54.10551697530883,113.7581053438,57.5488040123458,118.1047453703708,44.234760802469296,43.04108796296312,60.67071759259281,35.32812500000013,37.715470679012476,33.151967592592705,45.18969907407424
122.89091435185229,53.64641203703723,113.759007714,60.0646990740743,118.17361111111153,63.28761574074097,43.04108796296312,60.257523148148366,35.32812500000013,37.34818672839519,33.12442129629641,44.64795524691374
122.95289351851898,39.87326388888903,113.8237875074,55.023726851852,118.17361111111153,62.87442129629652,43.04108796296312,58.60474537037058,35.46585648148161,45.40547839506189,33.12442129629641,40.97511574074089
122.92534722222265,39.460069444444585,113.8337998645,55.2532793209878,118.17361111111153,62.530092592592815,43.04108796296312,58.19155092592613,35.46585648148161,42.214699074074225,33.12442129629641,40.56192129629644
123.06307870370414,53.25617283950636,113.8433127815,59.5688657407409,118.24247685185227,43.821566358024846,43.04108796296312,56.951967592592794,35.46585648148161,40.745563271605086,33.12442129629641,40.148726851852
123.20081018518562,47.907600308642145,113.9075590465,58.3292824074076,118.24247685185227,70.44965277777803,43.04108796296312,56.53877314814835,35.46585648148161,40.332368827160636,33.12442129629641,39.322337962963104
123.33854166666711,55.25327932098785,113.9458978451,60.4296875000002,118.24247685185227,70.03645833333358,43.04108796296312,56.1255787037039,35.60358796296309,47.44849537037054,33.12442129629641,38.909143518518654
123.33854166666711,54.84008487654341,113.9980004436,54.8400848765434,118.24247685185227,69.62326388888914,43.04108796296312,55.71238425925946,35.60358796296309,47.035300925926094,33.12442129629641,38.49594907407421
123.33854166666711,54.42689043209896,114.0095807414,58.1915509259261,118.38020833333375,69.16415895061753,43.213252314814966,59.80989583333355,35.60358796296309,46.622106481481644,33.12442129629641,38.08275462962977
123.33854166666711,54.013695987654515,114.0427571,59.5000000000002,118.38020833333375,68.75096450617309,43.1788194444446,59.33931327160515,35.63802083333346,45.17592592592609,33.12442129629641,37.66956018518532
123.33854166666711,53.600501543210065,114.06013789,58.0538194444446,118.38020833333375,68.33777006172863,43.1788194444446,58.9261188271607,35.63802083333346,39.42563657407421,33.2621527777779,45.79571759259276
123.33854166666711,40.11429398148162,114.0913782688,61.8414351851854,118.38020833333375,67.97048611111136,43.213252314814966,57.74392361111131,35.60358796296309,38.95505401234582,33.2621527777779,44.14293981481497
123.37297453703748,39.597800925926066,114.1082578783,56.3321759259261,118.24247685185227,67.62615740740765,43.1788194444446,57.27334104938292,35.60358796296309,38.54185956790137,33.2621527777779,43.72974537037052
123.20081018518562,39.391203703703844,114.177915701,54.2662037037038,118.24247685185227,66.59317129629653,43.31655092592608,55.413966049382914,35.74131944444457,46.2089120370372,33.296585648148266,43.24768518518534
123.51070601851896,53.267650462963154,114.1982598383,60.6707175925928,118.24247685185227,66.17997685185209,43.31655092592608,45.68094135802485,35.74131944444457,45.79571759259276,33.296585648148266,41.76707175925941
123.4762731481486,48.27488425925943,114.213977888,59.3852237654323,118.24247685185227,65.76678240740765,43.45428240740756,60.80844907407429,35.74131944444457,42.76562500000015,33.2621527777779,41.29648919753101
123.61400462963007,47.81577932098782,114.2241338594,56.7224151234569,118.24247685185227,65.35358796296319,43.45428240740756,60.39525462962985,35.775752314814945,39.94212962962977,33.296585648148266,39.70109953703718
123.75173611111155,55.11554783950637,114.2545121233,54.6105324074076,118.24247685185227,64.94039351851875,43.45428240740756,58.32928240740762,35.775752314814945,38.186053240740875,33.296585648148266,35.569155092592716
123.75173611111155,54.70235339506192,114.3132921276,55.3451003086421,118.24247685185227,64.5271990740743,43.45428240740756,56.67650462962983,35.74131944444457,37.66956018518532,33.2621527777779,35.098572530864324
123.75173611111155,54.28915895061748,114.3143130217,57.9160879629631,118.24247685185227,64.11400462962986,43.45428240740756,56.26331018518538,35.706886574074204,37.239149305555685,33.2621527777779,34.685378086419874
123.75173611111155,53.875964506173034,114.3233405383,55.8501157407409,118.24247685185227,63.70081018518541,43.45428240740756,55.85011574074094,35.906597222222345,42.29733796296312,33.2621527777779,34.27218364197543
123.75173611111155,40.148726851852,114.3378514227,56.6765046296298,118.24247685185227,43.38541666666682,43.481828703703854,45.13460648148164,35.906597222222345,40.782291666666815,33.2621527777779,33.85898919753098
123.75173611111155,39.597800925926066,114.3458623611,58.9720293209878,118.51793981481524,54.335069444444635,43.59201388888904,59.9820601851854,35.87905092592605,40.28645833333348,33.2621527777779,33.491705246913696
123.9239004629634,53.543113425926116,114.3873170681,57.1356095679014,118.65567129629672,68.93460648148172,43.59201388888904,59.568865740740954,36.01678240740753,47.44849537037054,33.19328703703715,33.12442129629641
123.82060185185229,53.12991898148167,114.3913404552,59.7984182098767,118.65567129629672,68.52141203703728,43.59201388888904,59.155671296296504,36.01678240740753,47.035300925926094,33.2621527777779,32.71122685185197
124.02719907407452,54.197337962963154,114.4490365839,60.8084490740742,118.65567129629672,68.10821759259284,43.59201388888904,58.74247685185206,36.01678240740753,46.622106481481644,33.427430555555674,37.256365740740875
124.02719907407452,39.87326388888903,,,118.93113425925968,54.266203703703894,43.59201388888904,57.91608796296317,35.87905092592605,45.45138888888905,33.39988425925938,36.705439814814945
113.9312316008,56.9519675925928,,,119.09641203703748,56.42858796296316,43.59201388888904,57.502893518518725,36.05121527777791,39.28790509259273,33.39988425925938,36.2922453703705
113.9449728952,55.9052083333335,,,118.93113425925968,56.1255787037039,43.59201388888904,57.089699074074275,36.01678240740753,38.81732253086434,33.39988425925938,35.94791666666679
114.0658793741,54.9319058641977,,,119.06886574074116,51.02951388888907,43.72974537037052,55.4369212962965,36.01678240740753,37.04976851851865,33.57204861111123,45.34809027777794
114.1433998088,56.2633101851853,,,119.06886574074116,50.61631944444463,43.72974537037052,45.65798611111127,36.15451388888902,46.231867283950784,33.53761574074086,44.87750771604954
114.2397088924,56.1600115740742,,,119.3787615740745,54.266203703703894,43.86747685185201,60.80844907407429,36.01678240740753,45.79571759259276,33.53761574074086,44.46431327160509
,,,,119.39023919753129,56.40104166666687,43.86747685185201,60.39525462962985,36.15451388888902,44.39085648148164,33.565162037037155,40.69965277777792
,,,,119.50960648148192,50.974421296296484,43.86747685185201,58.32928240740762,36.15451388888902,42.90335648148164,33.53761574074086,40.148726851852
,,,,119.48206018518562,50.47858796296314,43.86747685185201,56.67650462962983,36.18206018518531,41.333217592592746,33.565162037037155,39.04687500000014
,,,,119.75752314814858,57.84722222222243,43.86747685185201,56.26331018518538,36.18894675925939,39.73553240740755,33.53761574074086,38.49594907407421
,,,,119.75752314814858,54.197337962963154,43.86747685185201,55.85011574074094,36.18894675925939,38.3926504629631,33.53761574074086,38.08275462962977
,,,,119.92968750000043,55.9017650462965,43.83993055555572,45.13460648148164,36.15451388888902,37.89911265432112,33.53761574074086,37.73842592592606
,,,,119.89525462963006,51.16724537037055,44.03964120370386,59.94762731481503,36.15451388888902,37.48591820987668,33.70978009259271,45.79571759259276
,,,,119.89525462963006,50.75405092592611,44.00520833333349,59.47704475308663,36.2922453703705,44.6938657407409,33.70978009259271,44.03964120370386
,,,,119.89525462963006,50.34085648148166,44.00520833333349,59.06385030864219,36.2922453703705,44.07407407407423,33.67534722222234,43.546103395061884
,,,,120.03298611111154,57.434027777777985,44.00520833333349,58.65065586419774,36.2922453703705,42.42129629629645,33.67534722222234,43.132908950617434
,,,,119.9641203703708,56.40104166666687,44.03964120370386,57.8816550925928,36.15451388888902,42.145833333333485,33.67534722222234,42.71971450617299
,,,,120.17071759259302,57.91608796296317,44.00520833333349,57.4110725308644,36.2922453703705,40.69965277777792,33.67534722222234,42.30652006172855
,,,,120.03298611111154,54.197337962963154,44.00520833333349,56.99787808641995,36.2922453703705,40.28645833333348,33.67534722222234,41.8933256172841
,,,,120.23958333333375,59.29340277777799,44.03964120370386,54.98929398148168,36.457523148148276,48.42638888888907,33.67534722222234,41.480131172839656
,,,,120.17071759259302,58.94907407407428,43.93634259259275,54.64496527777797,36.42997685185198,47.41406250000017,33.67534722222234,41.11284722222237
,,,,120.3084490740745,58.32928240740762,44.00520833333349,53.5603298611113,36.42997685185198,46.94347993827177,33.70978009259271,39.597800925926066
,,,,120.27401620370414,57.020833333333535,44.17737268518534,55.50578703703724,36.42997685185198,46.53028549382733,33.702893518518636,35.410763888889015
,,,,120.34288194444487,55.7812500000002,44.170486111111266,54.142245370370574,36.42997685185198,39.04687500000014,33.67534722222234,34.86902006172852
,,,,120.34288194444487,51.37384259259277,44.14293981481497,45.65798611111127,36.42997685185198,36.98090277777791,33.67534722222234,34.45582561728407
,,,,120.23958333333375,51.06394675925944,44.14293981481497,44.85455246913596,36.59525462962976,42.90335648148164,33.67534722222234,34.04263117283963
,,,,120.3084490740745,50.2949459876545,44.30821759259275,60.94618055555577,36.567708333333464,41.52604166666681,33.53761574074086,33.881944444444564
,,,,120.17071759259302,50.13425925925944,44.280671296296454,60.39525462962985,36.567708333333464,41.11284722222237,33.81307870370382,37.256365740740875
,,,,120.44618055555598,57.502893518518725,44.30821759259275,56.40104166666687,36.567708333333464,39.87326388888903,33.81307870370382,36.843171296296426
,,,,120.44618055555598,56.67650462962983,44.280671296296454,55.91898148148168,36.567708333333464,39.460069444444585,33.81307870370382,36.42997685185198
,,,,120.44618055555598,56.26331018518538,44.280671296296454,45.24479166666683,36.567708333333464,38.63368055555569,33.81307870370382,36.01678240740753
,,,,120.61145833333377,60.00960648148169,44.44594907407423,59.78923611111133,36.567708333333464,38.22048611111125,33.98524305555568,45.07262731481497
,,114.4892939814819,64.78544560185208,120.58391203703746,57.91608796296317,44.418402777777935,59.24749228395083,36.567708333333464,37.8072916666668,33.950810185185304,44.60204475308658
,,,,120.72164351851895,58.32928240740762,44.418402777777935,58.834297839506384,36.567708333333464,37.394097222222356,33.98524305555568,40.52748842592607
,,114.52372685185226,63.56307870370393,120.72164351851895,57.089699074074275,44.418402777777935,58.421103395061934,36.705439814814945,47.86168981481499,33.950810185185304,40.056905864197674
,,114.52372685185226,61.46267361111133,120.72164351851895,55.73993055555575,44.418402777777935,58.00790895061749,36.705439814814945,46.25482253086436,33.98524305555568,38.87471064814829
,,114.55815972222263,58.12268518518539,120.65277777777821,54.025173611111306,44.418402777777935,57.59471450617304,36.636574074074204,44.280671296296454,33.950810185185304,38.40412808641989
,,114.52372685185226,57.640625000000206,120.72164351851895,51.30497685185203,44.418402777777935,57.1815200617286,36.567708333333464,44.07407407407423,33.950810185185304,37.990933641975445
,,114.52372685185226,57.227430555555756,120.72164351851895,50.13425925925944,44.418402777777935,56.81423611111131,36.705439814814945,42.49016203703719,33.950810185185304,37.577739197530995
,,,,120.85937500000043,60.53298611111133,44.418402777777935,54.748263888889085,36.705439814814945,40.69965277777792,34.11608796296308,45.878356481481646
,,,,120.8938078703708,57.53732638888909,44.418402777777935,53.50868055555575,36.705439814814945,40.28645833333348,34.088541666666785,45.38252314814831
,,114.66145833333374,60.992091049382935,120.8938078703708,56.7109375000002,44.418402777777935,53.0954861111113,36.705439814814945,35.374035493827286,34.12297453703716,44.17737268518534
,,114.79918981481522,70.31192129629655,120.85937500000043,56.217399691358224,44.59056712962979,55.4369212962965,36.843171296296426,48.68807870370388,34.088541666666785,43.683834876543365
,,114.79918981481522,69.8987268518521,120.90528549382759,55.551697530864395,44.556134259259416,54.335069444444635,36.843171296296426,48.27488425925943,34.088541666666785,43.27064043209892
,,114.79918981481522,69.5543981481484,120.99710648148191,60.05092592592614,44.556134259259416,53.92187500000019,36.843171296296426,47.44849537037054,34.088541666666785,42.85744598765447
,,114.79918981481522,63.14988425925949,120.99710648148191,59.775462962963175,44.556134259259416,45.61207561728411,36.843171296296426,47.035300925926094,34.088541666666785,42.44425154321003
,,114.79918981481522,62.73668981481504,121.03153935185229,58.01938657407428,44.59056712962979,44.883246527777935,36.843171296296426,46.622106481481644,34.088541666666785,42.03105709876558
,,114.79918981481522,62.323495370370594,121.13483796296339,54.082561728395255,44.6938657407409,62.13985339506195,36.87071759259272,45.61666666666682,34.088541666666785,41.61786265432114
,,114.79918981481522,61.910300925926144,121.10729166666708,51.332523148148326,44.6938657407409,61.33641975308664,36.843171296296426,39.04687500000014,34.088541666666785,41.20466820987669
,,114.73032407407449,59.01793981481502,121.13483796296339,50.0653935185187,44.556134259259416,60.80844907407429,36.87071759259272,36.87071759259272,34.088541666666785,40.8373842592594
,,114.66145833333374,58.74247685185206,121.13483796296339,49.67515432098783,44.556134259259416,60.39525462962985,36.98090277777791,43.31655092592608,34.12297453703716,39.63223379629644
,,114.79918981481522,55.57465277777798,121.13483796296339,45.54320987654337,44.72141203703719,56.2082175925928,36.98090277777791,42.90335648148164,34.088541666666785,39.18460648148162
,,114.79918981481522,55.16145833333353,121.20370370370414,60.53298611111133,44.6938657407409,55.71238425925946,36.98090277777791,41.480131172839656,34.11608796296308,35.5484953703705
,,114.79918981481522,54.748263888889085,121.20370370370414,57.365162037037244,44.73977623456806,45.290702160493986,36.98090277777791,41.066936728395206,34.088541666666785,35.00675154321
,,114.79918981481522,54.403935185185375,121.27256944444487,56.951967592592794,44.6938657407409,59.706597222222435,37.01533564814828,39.9076967592594,34.088541666666785,34.59355709876556
,,114.96446759259302,65.11944444444468,121.27256944444487,56.53877314814835,44.831597222222385,59.24749228395083,36.98090277777791,39.41415895061743,34.088541666666785,34.18036265432111
,,114.9369212962967,63.56307870370393,121.27256944444487,56.1255787037039,44.831597222222385,58.834297839506384,37.01533564814828,38.668113425926066,33.950810185185304,34.019675925926045
,,114.9369212962967,61.4971064814817,121.27256944444487,55.57465277777798,44.831597222222385,58.421103395061934,36.98090277777791,38.174575617284084,34.22627314814827,36.98090277777791
,,115.07465277777818,61.08391203703725,121.30700231481525,44.883246527777935,44.831597222222385,58.00790895061749,36.98090277777791,37.76138117283964,34.22627314814827,36.567708333333464
,,115.21238425925966,70.26601080246938,121.27256944444487,60.11979166666688,44.831597222222385,57.59471450617304,36.98090277777791,37.34818672839519,34.22627314814827,36.15451388888902
,,115.21238425925966,69.79542824074099,121.27256944444487,59.775462962963175,44.831597222222385,57.1815200617286,37.15306712962976,47.896122685185354,34.364004629629754,46.75983796296313
,,115.07465277777818,69.5543981481484,121.34143518518562,58.12268518518539,44.831597222222385,56.768325617284155,37.15306712962976,46.24334490740757,34.39843750000012,44.86603009259275
,,115.23993055555599,65.98715277777802,121.27256944444487,57.77835648148169,44.86603009259275,54.78269675925945,37.118634259259395,42.55902777777793,34.39843750000012,40.320891203703844
,,115.21238425925966,65.44540895061752,121.37586805555598,49.17013888888906,44.86603009259275,53.543113425926116,37.15306712962976,40.69965277777792,34.39843750000012,38.668113425926066
,,115.24681712963005,63.184317129629854,121.41030092592636,45.93344907407424,44.831597222222385,53.07253086419772,37.118634259259395,40.21759259259274,34.364004629629754,38.174575617284084
,,115.21238425925966,62.69077932098788,121.54803240740785,54.12847222222241,45.00376157407423,62.77112268518541,37.118634259259395,35.39699074074087,34.364004629629754,37.76138117283964
,,115.21238425925966,62.27758487654343,121.54803240740785,52.47569444444463,45.00376157407423,55.29918981481501,37.256365740740875,48.59625771604956,34.364004629629754,37.34818672839519
,,115.21238425925966,61.864390432098986,121.57557870370415,51.55289351851871,45.00376157407423,54.335069444444635,37.256365740740875,48.20601851851869,34.52928240740753,46.12627314814831
,,115.12056327160535,58.60474537037058,121.54803240740785,50.01948302469154,44.969328703703866,53.85300925925945,37.29079861111124,47.44849537037054,34.501736111111235,45.566165123456955
,,115.21238425925966,55.52874228395081,121.54803240740785,49.60628858024709,44.99687500000016,44.81782407407423,37.256365740740875,46.94347993827177,34.501736111111235,45.17592592592609
,,115.21238425925966,55.11554783950637,121.58246527777821,48.86024305555573,45.10706018518535,67.25887345679037,37.256365740740875,46.553240740740904,34.5361689814816,44.418402777777935
,,115.21238425925966,54.70235339506192,121.54803240740785,48.36670524691375,45.14149305555571,63.184317129629854,37.29079861111124,45.79571759259276,34.501736111111235,43.91338734567917
,,115.21238425925966,54.3809799382718,121.54803240740785,47.9535108024693,45.14149305555571,62.254629629629854,37.256365740740875,45.290702160493986,34.501736111111235,43.50019290123472
,,115.35011574074115,65.03221450617308,121.54803240740785,47.54031635802486,45.10706018518535,61.77256944444466,37.256365740740875,36.705439814814945,34.501736111111235,43.086998456790276
,,115.35011574074115,63.56307870370393,121.54803240740785,47.12712191358042,45.10706018518535,61.42824074074096,37.394097222222356,43.59201388888904,34.501736111111235,42.67380401234583
,,115.35011574074115,61.451195987654536,121.54803240740785,46.71392746913597,45.14149305555571,56.228877314815016,37.42164351851865,42.985995370370524,34.501736111111235,42.26060956790138
,,115.48784722222263,61.08391203703725,121.54803240740785,46.300733024691525,45.10706018518535,55.758294753086616,37.394097222222356,41.45717592592607,34.501736111111235,41.84741512345694
,,115.65312500000043,70.17418981481507,121.58246527777821,45.55468750000016,45.10706018518535,45.38252314814831,37.394097222222356,39.73553240740755,34.501736111111235,41.43422067901249
,,115.62557870370411,69.69212962962987,121.52048611111152,39.76307870370384,45.279224537037194,66.97193287037061,37.394097222222356,39.322337962963104,34.501736111111235,41.02102623456805
,,115.62557870370411,66.31770833333357,121.68576388888933,56.72241512345699,45.17592592592609,59.01793981481502,37.394097222222356,38.909143518518654,34.501736111111235,40.63078703703718
,,115.62557870370411,65.90451388888913,121.68576388888933,56.30922067901255,45.24479166666683,58.558834876543415,37.394097222222356,38.49594907407421,34.5361689814816,39.87326388888903
,,115.62557870370411,65.49131944444467,121.68576388888933,55.8960262345681,45.24479166666683,58.14564043209897,37.394097222222356,38.08275462962977,34.501736111111235,39.36824845679026
,,115.66001157407449,63.11545138888911,121.65133101851895,55.4369212962965,45.24479166666683,57.73244598765453,37.394097222222356,37.66956018518532,34.501736111111235,38.978009259259395
,,115.62557870370411,62.644868827160714,121.7201967592597,45.10706018518535,45.24479166666683,57.31925154321008,37.394097222222356,37.256365740740875,34.52928240740753,35.796412037037165
,,115.62557870370411,62.23167438271627,121.68576388888933,44.71682098765448,45.24479166666683,56.906057098765636,37.566261574074204,44.831597222222385,34.501736111111235,35.236304012345805
,,115.62557870370411,61.81847993827182,121.75462962963006,52.200231481481666,45.24479166666683,56.53877314814835,37.394097222222356,40.97511574074089,34.501736111111235,34.823109567901355
,,115.62557870370411,55.39101080246933,121.82349537037081,39.528935185185325,45.27233796296312,53.31585648148168,37.53182870370384,40.56192129629644,34.501736111111235,34.40991512345691
,,115.62557870370411,54.97781635802489,121.96122685185229,54.335069444444635,45.24479166666683,52.865933641975495,37.53182870370384,40.148726851852,34.501736111111235,34.04263117283963
,,115.5980324074078,54.47280092592612,121.96122685185229,53.99074074074093,45.38252314814831,55.16145833333353,37.53182870370384,35.32812500000013,34.67390046296308,36.80873842592606
,,115.79774305555597,65.12977430555578,121.96122685185229,52.52160493827179,45.38252314814831,54.748263888889085,37.60069444444458,48.48148148148165,34.639467592592716,36.33815586419766
,,115.79774305555597,63.56307870370393,121.99565972222265,51.68373842592611,45.38252314814831,54.335069444444635,37.60069444444458,47.99942129629647,34.80474537037049,46.70474537037054
,,115.79774305555597,61.39380787037059,121.96122685185229,51.259066358024874,45.38252314814831,53.92187500000019,37.66956018518532,47.54031635802486,34.80474537037049,38.440856481481624
,,115.93547453703745,60.94618055555577,121.96122685185229,49.973572530864374,45.41695601851868,44.93489583333349,37.66956018518532,47.12712191358042,34.7771990740742,37.89911265432112
,,116.07320601851893,70.62181712962987,121.96122685185229,49.514467592592766,45.31365740740757,44.625000000000156,37.66956018518532,46.71392746913597,34.7771990740742,37.48591820987668
,,116.03877314814856,70.1282793209879,121.89236111111154,49.10127314814832,45.52025462962979,63.379436728395284,37.66956018518532,46.300733024691525,34.7771990740742,37.118634259259395
,,116.03877314814856,69.76099537037062,121.96122685185229,48.68807870370388,45.52025462962979,62.96624228395084,37.66956018518532,45.887538580247075,34.91493055555568,46.07118055555572
,,116.03877314814856,66.17997685185209,121.96122685185229,48.27488425925943,45.52025462962979,62.5530478395064,37.66956018518532,45.47434413580263,34.91493055555568,45.65798611111127
,,116.03877314814856,65.76678240740765,121.96122685185229,47.86168981481499,45.52025462962979,62.13985339506195,37.66956018518532,45.10706018518535,34.91493055555568,45.24479166666683
,,116.03877314814856,62.87442129629652,121.96122685185229,47.44849537037054,45.52025462962979,61.68074845679034,37.66956018518532,44.59056712962979,34.91493055555568,44.831597222222385
,,116.03877314814856,62.461226851852075,121.96122685185229,47.05825617283968,45.45138888888905,61.42824074074096,37.66956018518532,42.536072530864345,34.91493055555568,44.418402777777935
,,116.03877314814856,62.048032407407625,121.89236111111154,46.622106481481644,45.55468750000016,56.022280092592794,37.70399305555569,36.82595486111124,34.91493055555568,44.00520833333349
,,116.03877314814856,59.9820601851854,121.96122685185229,46.14004629629646,45.52025462962979,55.52874228395081,37.8072916666668,43.59201388888904,34.91493055555568,43.59201388888904
,,116.03877314814856,59.637731481481694,121.82349537037081,45.79571759259276,45.55468750000016,45.38252314814831,37.84172453703717,43.10995370370386,34.91493055555568,43.1788194444446
,,115.90104166666708,55.29918981481501,121.96122685185229,39.87326388888903,45.52025462962979,67.14409722222246,37.8072916666668,41.594907407407554,34.91493055555568,42.76562500000015
,,115.90104166666708,54.885995370370566,122.09895833333377,56.67650462962983,45.65798611111127,58.32928240740762,37.76138117283964,39.68962191358039,34.91493055555568,42.352430555555706
,,115.90104166666708,54.54166666666686,122.09895833333377,56.26331018518538,45.65798611111127,57.91608796296317,37.8072916666668,39.18460648148162,34.91493055555568,41.93923611111126
,,116.21093750000041,71.13831018518543,122.09895833333377,55.85011574074094,45.65798611111127,57.502893518518725,37.8072916666668,38.77141203703717,34.91493055555568,41.52604166666681
,,116.14207175925968,65.28472222222246,122.09895833333377,55.4369212962965,45.65798611111127,57.089699074074275,37.8072916666668,38.35821759259273,34.91493055555568,41.11284722222237
,,116.21093750000041,63.666377314815044,122.09895833333377,45.015239197531024,45.65798611111127,56.67650462962983,37.8072916666668,37.94502314814828,34.91493055555568,40.69965277777792
,,116.17650462963005,63.195794753086645,122.09895833333377,44.71682098765448,45.65798611111127,56.26331018518538,37.8072916666668,37.53182870370384,34.91493055555568,40.28645833333348
,,116.21093750000041,61.60040509259281,122.26423611111156,39.47384259259274,45.685532407407564,53.50868055555575,37.8072916666668,37.187500000000135,34.91493055555568,39.87326388888903
,,116.21093750000041,60.36082175925947,122.23668981481525,58.19155092592613,45.623553240740904,52.923321759259444,37.8072916666668,42.83449074074089,34.91493055555568,39.460069444444585
,,116.3486689814819,61.118344907407625,122.30555555555598,54.266203703703894,45.79571759259276,55.05815972222242,37.972569444444574,40.644560185185334,34.91493055555568,39.04687500000014
,,116.31423611111153,60.67071759259281,122.30555555555598,53.85300925925945,45.79571759259276,54.56462191358044,37.94502314814828,40.194637345679155,34.91493055555568,35.74131944444457
,,116.45196759259301,70.51851851851877,122.30555555555598,53.439814814815,45.79571759259276,54.151427469135996,38.08275462962977,47.40258487654338,34.91493055555568,35.32812500000013
,,116.31423611111153,69.76099537037062,122.37442129629673,53.003665123456976,45.830150462963125,52.682291666666856,38.08275462962977,46.98939043209893,35.08709490740753,36.53327546296309
,,116.47951388888931,66.1248842592595,122.37442129629673,52.544560185185375,45.823263888889045,44.6938657407409,38.08275462962977,46.576195987654486,35.05266203703716,36.0626929012347
,,116.45196759259301,65.583140432099,122.23668981481525,52.33796296296315,45.93344907407424,63.28761574074097,38.08275462962977,46.163001543210044,35.21793981481493,46.84247685185202
,,116.45196759259301,62.598958333333556,122.37442129629673,51.76408179012364,45.93344907407424,62.87442129629652,38.08275462962977,45.749807098765594,35.19039351851865,46.300733024691525
,,116.45196759259301,62.18576388888911,122.33998842592636,51.30497685185203,45.93344907407424,62.461226851852075,38.08275462962977,45.33661265432115,35.21793981481493,38.578587962963105
,,116.48640046296337,59.637731481481694,122.37442129629673,50.13425925925944,45.93344907407424,62.048032407407625,38.08275462962977,44.9234182098767,35.19039351851865,38.0368441358026
,,116.58969907407449,71.27604166666691,122.30555555555598,48.48148148148165,45.93344907407424,61.4971064814817,38.08275462962977,44.556134259259416,35.19039351851865,37.62364969135816
,,116.58969907407449,70.86284722222247,122.37442129629673,47.99942129629647,45.887538580247075,55.66647376543229,38.08275462962977,42.16878858024706,35.19039351851865,37.21045524691371
,,116.58969907407449,65.26176697530887,122.30555555555598,47.65509259259276,45.93344907407424,45.65798611111127,38.08275462962977,41.31944444444459,35.19039351851865,36.843171296296426
,,116.58969907407449,63.83854166666689,122.37442129629673,47.356674382716214,45.93344907407424,45.24479166666683,38.110300925926055,36.76053240740754,35.32812500000013,45.79571759259276
,,116.58969907407449,63.42534722222245,122.30555555555598,40.010995370370516,46.07118055555572,57.961998456790326,38.08275462962977,35.3510802469137,35.32812500000013,45.38252314814831
,,116.58969907407449,63.012152777778,122.44328703703748,56.60763888888909,46.07118055555572,57.54880401234588,38.22048611111125,43.59201388888904,35.32812500000013,44.969328703703866
,,116.58969907407449,61.77256944444466,122.44328703703748,56.19444444444464,46.07118055555572,57.158564814815016,38.22048611111125,43.20177469135818,35.32812500000013,44.556134259259416
,,116.58969907407449,60.11979166666688,122.44328703703748,55.7812500000002,46.00231481481498,56.81423611111131,38.254918981481616,41.732638888889035,35.32812500000013,44.14293981481497
,,116.76186342592634,61.32494212962985,122.44328703703748,55.4369212962965,45.93344907407424,56.46990740740761,38.22048611111125,39.04687500000014,35.32812500000013,43.72974537037052
,,116.72743055555597,60.85435956790145,122.54658564814858,50.44415509259277,46.07118055555572,53.78414351851871,38.22048611111125,38.63368055555569,35.32812500000013,43.31655092592608
,,116.72743055555597,60.441165123457004,122.4846064814819,44.831597222222385,46.07118055555572,53.37094907407426,38.22048611111125,38.22048611111125,35.32812500000013,42.90335648148164
,,116.86516203703745,70.56442901234593,122.6498842592597,51.14429012345697,46.07118055555572,51.85590277777796,38.22048611111125,37.8072916666668,35.32812500000013,42.49016203703719
,,116.86516203703745,66.6276041666669,122.78761574074117,52.40682870370389,46.2089120370372,54.197337962963154,38.22048611111125,37.394097222222356,35.32812500000013,42.076967592592744
,,116.86516203703745,66.13406635802492,122.78761574074117,51.90181327160512,46.2089120370372,52.95775462962982,38.385763888889024,40.920023148148296,35.32812500000013,41.663773148148294
,,116.86516203703745,65.62905092592617,122.78761574074117,51.48861882716068,46.2089120370372,52.544560185185375,38.35821759259273,40.3782793209878,35.32812500000013,41.25057870370385
,,116.89270833333377,62.54386574074097,122.95289351851898,50.67141203703721,46.24334490740757,51.459924768518704,38.22048611111125,40.21759259259274,35.32812500000013,40.8373842592594
,,116.86516203703745,62.00212191358047,122.92534722222265,50.15721450617302,46.2089120370372,44.78568672839522,38.35821759259273,36.15451388888902,35.32812500000013,40.42418981481496
,,116.86516203703745,59.74103009259281,122.92534722222265,44.71682098765448,46.27777777777794,64.80266203703727,38.49594907407421,47.356674382716214,35.32812500000013,40.010995370370516
,,117.0488040123461,65.35358796296319,122.95289351851898,42.71053240740756,46.374189814814976,63.37025462962986,38.49594907407421,46.94347993827177,35.32812500000013,39.597800925926066
,,117.00289351851893,63.97627314814837,122.92534722222265,42.16878858024706,46.34664351851868,62.82851080246936,38.49594907407421,46.53028549382733,35.32812500000013,39.18460648148162
,,117.00289351851893,63.56307870370393,122.92534722222265,41.75559413580262,46.34664351851868,62.41531635802491,38.49594907407421,46.11709104938288,35.32812500000013,35.32812500000013
,,117.00289351851893,63.14988425925949,122.92534722222265,41.342399691358175,46.34664351851868,62.00212191358047,38.49594907407421,45.703896604938436,35.500289351851976,36.32667824074087
,,117.1750578703708,66.97193287037061,122.92534722222265,40.929205246913725,46.34664351851868,61.588927469136024,38.49594907407421,45.290702160493986,35.46585648148161,35.833140432098894
,,117.1750578703708,61.53153935185207,122.78761574074117,40.76851851851866,46.2089120370372,61.42824074074096,38.49594907407421,44.87750771604954,35.60358796296309,47.035300925926094
,,117.14062500000041,61.03800154321009,123.20081018518562,52.47569444444463,46.374189814814976,45.740625000000165,38.49594907407421,44.46431327160509,35.60358796296309,46.622106481481644
,,117.14062500000041,60.62480709876565,123.20081018518562,51.71817129629648,46.34664351851868,45.24479166666683,38.53038194444458,42.31799768518533,35.60358796296309,46.2089120370372
,,117.14062500000041,60.2116126543212,123.20081018518562,51.30497685185203,46.34664351851868,57.502893518518725,38.49594907407421,36.98090277777791,35.63113425925938,38.82650462962977
,,117.16817129629673,55.4369212962965,123.37297453703748,50.926215277777956,46.51880787037054,53.81857638888908,38.49594907407421,36.567708333333464,35.60358796296309,38.22048611111125
,,117.14062500000041,54.885995370370566,123.33854166666711,50.43267746913598,46.48437500000016,53.3250385802471,38.49594907407421,35.74131944444457,35.60358796296309,37.8072916666668
,,117.14062500000041,54.54166666666686,123.33854166666711,50.111304012345855,46.51880787037054,52.1657986111113,38.49594907407421,35.3510802469137,35.60358796296309,37.394097222222356
,,117.20949074074116,70.51851851851877,123.31099537037079,42.79317129629644,46.51880787037054,50.926215277777956,38.668113425926066,43.66087962962978,35.60358796296309,36.98090277777791
,,117.2783564814819,66.50135030864222,123.33854166666711,42.076967592592744,46.51192129629646,50.20312500000018,38.56481481481495,43.38541666666682,35.60358796296309,36.567708333333464
,,117.2783564814819,66.13406635802492,123.33854166666711,41.663773148148294,46.48437500000016,49.652199074074254,38.63368055555569,41.84741512345694,35.74131944444457,45.79571759259276
,,117.30590277777821,62.73668981481504,123.33854166666711,41.25057870370385,46.48437500000016,49.239004629629804,38.63368055555569,41.43422067901249,35.74131944444457,45.38252314814831
,,117.2783564814819,62.18576388888911,123.33854166666711,40.90625000000014,46.48437500000016,48.82581018518536,38.63368055555569,39.04687500000014,35.74131944444457,44.969328703703866
,,117.2783564814819,61.77256944444466,123.4762731481486,44.85455246913596,46.48437500000016,48.41261574074091,38.63368055555569,38.63368055555569,35.74131944444457,44.556134259259416
,,117.2783564814819,59.79841820987676,123.61400462963007,52.40682870370389,46.48437500000016,47.99942129629647,38.63368055555569,38.22048611111125,35.74131944444457,44.14293981481497
,,117.2783564814819,58.00790895061749,123.61400462963007,51.993634259259444,46.48437500000016,47.58622685185202,38.63368055555569,37.8072916666668,35.74131944444457,43.72974537037052
,,117.30590277777821,56.81423611111131,123.61400462963007,51.580439814815,46.4499421296298,47.1385995370372,38.63368055555569,37.394097222222356,35.74131944444457,43.31655092592608
,,117.2783564814819,56.26331018518538,123.61400462963007,42.49016203703719,46.51880787037054,44.31510416666682,38.798958333333466,40.892476851851995,35.74131944444457,42.90335648148164
,,117.2783564814819,55.91898148148168,123.68287037037081,51.16724537037055,46.622106481481644,64.49276620370394,38.77141203703717,40.3782793209878,35.74131944444457,42.49016203703719
,,117.2783564814819,65.42245370370394,123.68287037037081,50.75405092592611,46.622106481481644,64.04513888888911,38.80584490740755,36.18894675925939,35.74131944444457,42.076967592592744
,,117.41608796296337,63.74672067901257,123.65991512345722,50.249035493827336,46.622106481481644,54.12847222222241,38.909143518518654,47.2648533950619,35.74131944444457,41.663773148148294
,,117.41608796296337,63.333526234568126,123.75173611111155,42.90335648148164,46.65653935185202,52.95775462962982,38.909143518518654,46.85165895061745,35.74131944444457,41.25057870370385
,,117.45052083333375,57.46846064814835,123.75173611111155,42.076967592592744,46.622106481481644,52.47569444444463,38.909143518518654,46.438464506173005,35.74131944444457,40.8373842592594
,,117.58136574074118,67.77766203703729,123.75173611111155,41.663773148148294,46.65653935185202,51.71817129629648,38.909143518518654,46.025270061728556,35.74131944444457,40.42418981481496
,,117.55381944444485,67.23591820987679,123.75173611111155,41.15875771604953,46.622106481481644,51.23611111111129,38.909143518518654,45.61207561728411,35.74131944444457,40.010995370370516
,,117.55381944444485,66.82272376543234,123.68287037037081,40.8373842592594,46.65653935185202,46.75983796296313,38.909143518518654,45.19888117283967,35.74131944444457,39.597800925926066
,,117.58825231481524,61.256076388889106,123.75173611111155,44.900462962963125,46.622106481481644,46.25482253086436,38.909143518518654,44.78568672839522,35.768865740740864,35.369444444444575
,,117.55381944444485,60.83140432098787,123.88946759259304,52.269097222222406,46.65653935185202,44.79716435185201,38.909143518518654,44.418402777777935,35.906597222222345,36.07187500000013
,,117.58136574074118,55.38182870370391,123.88946759259304,51.85590277777796,46.65653935185202,43.90190972222238,38.909143518518654,42.352430555555706,36.01678240740753,47.035300925926094
,,117.55381944444485,54.84008487654341,123.88946759259304,51.511574074074254,46.690972222222385,63.56307870370393,38.93668981481495,37.0359953703705,36.01678240740753,46.622106481481644
,,117.48495370370412,54.54166666666686,123.88946759259304,42.49016203703719,46.622106481481644,63.14988425925949,38.909143518518654,36.49884259259272,36.01678240740753,46.2089120370372
,,117.66400462963003,66.20752314814838,,,46.690972222222385,62.73668981481504,38.94357638888903,35.74131944444457,36.01678240740753,39.18460648148162
,,117.69155092592635,62.782600308642195,,,46.690972222222385,62.323495370370594,38.909143518518654,35.28221450617296,36.01678240740753,38.77141203703717
,,117.69155092592635,62.36940586419775,,,46.690972222222385,61.910300925926144,39.04687500000014,43.59201388888904,36.01678240740753,38.35821759259273
,,117.69155092592635,61.95621141975331,,,46.690972222222385,61.46267361111133,39.04687500000014,41.93923611111126,36.01678240740753,37.94502314814828
,,117.69155092592635,61.56597222222244,,,46.75983796296313,45.79571759259276,39.04687500000014,41.52604166666681,36.01678240740753,37.53182870370384
,,117.69155092592635,58.4670138888891,,,46.75983796296313,45.38252314814831,39.04687500000014,38.81732253086434,36.01678240740753,37.118634259259395
,,117.69155092592635,58.05381944444465,,,46.89756944444461,53.64641203703723,39.04687500000014,38.40412808641989,36.01678240740753,36.705439814814945
,,117.69155092592635,56.81423611111131,,,46.89756944444461,50.75405092592611,39.04687500000014,37.990933641975445,36.15451388888902,45.79571759259276
,,117.69155092592635,56.40104166666687,,,46.89756944444461,50.34085648148166,39.04687500000014,37.577739197530995,36.15451388888902,45.38252314814831
,,117.69155092592635,55.98784722222242,,,46.89756944444461,49.927662037037216,39.18460648148162,41.11284722222237,36.15451388888902,44.969328703703866
,,117.8637152777782,57.67505787037057,,,46.89756944444461,49.514467592592766,39.18460648148162,40.69965277777792,36.15451388888902,44.556134259259416
,,117.82928240740783,57.1815200617286,,,46.89756944444461,49.10127314814832,39.18460648148162,40.35532407407422,36.15451388888902,44.14293981481497
,,117.96701388888931,67.83275462962987,,,46.89756944444461,48.68807870370388,39.18460648148162,46.89756944444461,36.15451388888902,43.72974537037052
,,117.96701388888931,67.41956018518542,,,46.89756944444461,48.27488425925943,39.322337962963104,46.11709104938288,36.15451388888902,43.31655092592608
,,117.96701388888931,67.00636574074097,,,46.89756944444461,47.86168981481499,39.322337962963104,45.703896604938436,36.15451388888902,42.90335648148164
,,117.96701388888931,66.59317129629653,,,46.89756944444461,47.44849537037054,39.322337962963104,45.33661265432115,36.15451388888902,42.49016203703719
,,117.99456018518562,65.90451388888913,,,47.035300925926094,54.013695987654515,39.25347222222236,44.556134259259416,36.15451388888902,42.076967592592744
,,117.93258101851893,65.31915509259282,,,47.06973379629646,53.267650462963154,39.322337962963104,42.352430555555706,36.15451388888902,41.663773148148294
,,117.93946759259299,61.0701388888891,,,47.035300925926094,52.77411265432117,39.35677083333347,37.01533564814828,36.15451388888902,41.25057870370385
,,117.82928240740783,59.568865740740954,,,47.035300925926094,52.36091820987673,39.322337962963104,36.521797839506306,36.15451388888902,40.8373842592594
,,117.99456018518562,55.62974537037056,,,47.035300925926094,51.947723765432286,39.322337962963104,36.108603395061856,36.15451388888902,40.42418981481496
,,117.89814814814856,55.1958912037039,,,47.035300925926094,51.534529320987836,39.18460648148162,35.74131944444457,36.15451388888902,40.010995370370516
,,118.13917824074116,64.97482638888911,,,47.035300925926094,51.12133487654339,39.322337962963104,35.32812500000013,36.15451388888902,39.597800925926066
,,118.1322916666671,62.54386574074097,,,47.06973379629646,47.06973379629646,39.43252314814829,43.619560185185335,36.15451388888902,35.32812500000013
,,118.1047453703708,62.00212191358047,,,47.035300925926094,46.576195987654486,39.460069444444585,41.93923611111126,36.2922453703705,36.2922453703705
,,118.1047453703708,61.588927469136024,,,47.035300925926094,46.163001543210044,39.460069444444585,41.52604166666681,36.2922453703705,35.87905092592605
,,118.1047453703708,58.32928240740762,,,47.06973379629646,45.00376157407423,39.460069444444585,37.66956018518532,36.42997685185198,47.035300925926094
,,118.1047453703708,56.67650462962983,,,47.035300925926094,44.51022376543226,39.460069444444585,37.256365740740875,36.42997685185198,46.622106481481644
,,118.1047453703708,56.26331018518538,,,47.035300925926094,44.09702932098781,39.63223379629644,41.14728009259274,36.42997685185198,46.2089120370372
,,118.24247685185227,64.38946759259282,,,47.035300925926094,43.626446759259416,39.597800925926066,40.65374228395076,36.42997685185198,39.18460648148162
,,118.24247685185227,63.58603395061751,,,47.173032407407575,45.749807098765594,39.597800925926066,40.332368827160636,36.42997685185198,38.77141203703717
,,118.24247685185227,57.91608796296317,,,47.173032407407575,45.38252314814831,39.597800925926066,63.08101851851874,36.42997685185198,38.35821759259273
,,118.24247685185227,57.502893518518725,,,47.173032407407575,64.38946759259282,39.73553240740755,46.07118055555572,36.42997685185198,37.94502314814828
,,118.24247685185227,57.089699074074275,,,47.173032407407575,63.56307870370393,39.70109953703718,45.58912037037053,36.42997685185198,37.53182870370384
,,118.38020833333375,67.64911265432123,,,47.173032407407575,63.14988425925949,39.73553240740755,43.31655092592608,36.42997685185198,37.118634259259395
,,118.38020833333375,67.23591820987679,,,47.33831018518535,50.61631944444463,39.73553240740755,42.214699074074225,36.42997685185198,36.705439814814945
,,118.38020833333375,66.82272376543234,,,47.310763888889056,50.0653935185187,39.76996527777792,36.67100694444458,36.60214120370383,45.761284722222385
,,118.38020833333375,66.40952932098789,,,47.310763888889056,49.652199074074254,39.666666666666806,36.36111111111124,36.567708333333464,45.290702160493986
,,118.38020833333375,65.99633487654344,,,47.310763888889056,49.239004629629804,39.87326388888903,45.24479166666683,36.567708333333464,44.87750771604954
,,118.38020833333375,65.583140432099,,,47.310763888889056,48.82581018518536,39.87326388888903,44.900462962963125,36.567708333333464,44.46431327160509
,,118.41464120370412,64.01070601851875,,,47.310763888889056,48.41261574074091,39.87326388888903,44.05111882716065,36.567708333333464,44.05111882716065
,,118.41464120370412,63.184317129629854,,,47.310763888889056,47.99942129629647,39.9076967592594,41.801504629629775,36.567708333333464,43.63792438271621
,,118.31134259259301,61.15277777777799,,,47.310763888889056,47.58622685185202,39.90081018518532,37.47673611111125,36.567708333333464,43.22472993827176
,,118.38020833333375,55.85011574074094,,,47.34519675925943,43.282118055555706,39.87326388888903,36.98090277777791,36.567708333333464,42.811535493827314
,,118.38020833333375,55.482831790123655,,,47.44849537037054,53.611979166666856,40.010995370370516,67.4539930555558,36.567708333333464,42.398341049382864
,,118.44907407407449,65.14699074074097,,,47.44849537037054,53.14139660493846,39.97656250000014,66.90306712962986,36.567708333333464,41.98514660493842
,,118.51793981481524,64.71084104938295,,,47.44849537037054,52.728202160494014,40.010995370370516,41.25057870370385,36.567708333333464,41.57195216049397
,,118.51793981481524,62.598958333333556,,,47.44849537037054,52.31500771604957,40.010995370370516,40.8373842592594,36.567708333333464,41.15875771604953
,,118.44907407407449,62.254629629629854,,,47.44849537037054,51.90181327160512,40.010995370370516,40.42418981481496,36.567708333333464,40.745563271605086
,,118.38020833333375,61.910300925926144,,,47.44849537037054,51.48861882716068,40.18315972222236,66.61038773148172,36.567708333333464,40.332368827160636
,,118.44907407407449,61.46267361111133,,,47.44849537037054,51.16724537037055,40.148726851852,46.025270061728556,36.567708333333464,39.91917438271619
,,118.51793981481524,58.28337191358045,,,47.44849537037054,47.00086805555572,40.148726851852,45.61207561728411,36.567708333333464,39.50597993827174
,,118.5523726851856,56.7109375000002,,,47.44849537037054,46.53028549382733,40.079861111111256,43.282118055555706,36.567708333333464,35.383217592592715
,,118.51793981481524,56.217399691358224,,,47.44849537037054,46.11709104938288,40.17627314814829,36.457523148148276,36.705439814814945,36.25781250000013
,,118.69010416666708,57.91608796296317,,,47.44849537037054,44.93489583333349,40.31400462962977,67.77766203703729,36.705439814814945,35.87905092592605
,,118.65567129629672,57.4110725308644,,,47.44849537037054,44.46431327160509,40.28645833333348,45.038194444444606,36.705439814814945,34.96084104938284
,,118.65567129629672,57.020833333333535,,,47.44849537037054,44.05111882716065,40.28645833333348,44.07407407407423,36.705439814814945,34.54764660493839
,,118.65567129629672,67.41956018518542,,,47.44849537037054,43.72974537037052,40.28645833333348,42.076967592592744,36.705439814814945,34.07476851851864
,,118.65567129629672,67.00636574074097,,,47.44849537037054,42.811535493827314,40.28645833333348,41.663773148148294,36.843171296296426,47.08121141975325
,,118.65567129629672,66.45543981481505,,,47.44849537037054,42.398341049382864,40.31400462962977,37.75219907407421,36.843171296296426,46.66801697530881
,,118.65567129629672,65.76678240740765,,,47.44849537037054,42.05401234567916,40.28645833333348,37.21045524691371,36.843171296296426,46.25482253086436
,,118.65567129629672,64.38946759259282,,,47.51736111111128,65.66348379629653,40.28645833333348,36.843171296296426,36.87071759259272,38.96423611111125
,,118.65567129629672,63.56307870370393,,,47.58622685185202,45.55468750000016,40.458622685185325,67.10966435185209,36.843171296296426,38.40412808641989
,,118.7934027777782,55.758294753086616,,,47.723958333333506,56.423996913580446,40.42418981481496,41.25057870370385,36.843171296296426,37.990933641975445
,,118.93113425925968,56.65354938271625,,,47.723958333333506,50.75405092592611,40.42418981481496,40.8373842592594,36.843171296296426,37.577739197530995
,,118.7934027777782,56.1255787037039,,,47.723958333333506,50.34085648148166,40.42418981481496,40.42418981481496,36.843171296296426,37.16454475308655
,,119.06886574074116,58.28337191358045,,,47.75839120370387,49.858796296296475,40.42418981481496,40.010995370370516,36.843171296296426,36.7513503086421
,,119.06886574074116,57.87017746913601,,,47.65509259259276,49.514467592592766,40.42418981481496,39.597800925926066,36.98090277777791,45.79571759259276
,,119.06886574074116,57.45698302469156,,,47.65509259259276,49.10127314814832,40.42418981481496,39.18460648148162,36.98090277777791,45.38252314814831
,,119.06886574074116,57.04378858024712,,,47.65509259259276,48.68807870370388,40.42418981481496,38.77141203703717,36.98090277777791,44.969328703703866
,,119.3787615740745,56.762586805555756,,,47.65509259259276,48.20601851851869,40.42418981481496,38.35821759259273,36.98090277777791,44.556134259259416
,,119.48206018518562,58.28337191358045,,,47.65509259259276,47.723958333333506,40.42418981481496,35.87905092592605,36.98090277777791,44.14293981481497
,,119.48206018518562,57.87017746913601,,,47.723958333333506,47.356674382716214,40.42418981481496,35.488811728395184,36.98090277777791,43.72974537037052
,,119.48206018518562,57.45698302469156,,,47.723958333333506,43.282118055555706,40.56192129629644,66.6390817901237,36.98090277777791,43.31655092592608
,,119.48206018518562,57.089699074074275,,,47.723958333333506,41.732638888889035,40.56192129629644,66.29475308641999,36.98090277777791,42.90335648148164
,,119.6197916666671,54.80335648148167,,,47.86168981481499,65.37654320987677,40.56192129629644,46.07118055555572,36.98090277777791,42.49016203703719
,,119.78506944444489,59.155671296296504,,,47.86168981481499,55.94193672839526,40.56192129629644,45.65798611111127,36.98090277777791,42.076967592592744
,,119.75752314814858,58.60474537037058,,,47.86168981481499,53.76118827160513,40.56192129629644,36.2922453703705,36.98090277777791,41.663773148148294
,,119.75752314814858,56.79701967592613,,,47.86168981481499,52.82002314814834,40.59635416666681,35.19039351851865,36.98090277777791,41.25057870370385
,,119.79195601851895,55.36805555555575,,,47.86168981481499,52.40682870370389,40.69965277777792,68.10821759259284,36.98090277777791,40.8373842592594
,,119.79195601851895,54.50723379629649,,,47.86168981481499,51.993634259259444,40.69965277777792,67.62615740740765,36.98090277777791,40.42418981481496
,,119.92968750000043,58.19155092592613,,,47.86168981481499,51.580439814815,40.69965277777792,45.24479166666683,36.98090277777791,40.010995370370516
,,119.89525462963006,57.686535493827364,,,47.86168981481499,51.16724537037055,40.69965277777792,44.900462962963125,36.98090277777791,39.597800925926066
,,119.89525462963006,57.27334104938292,,,47.88923611111128,46.81493055555572,40.69965277777792,44.07407407407423,36.98090277777791,35.46585648148161
,,120.06741898148191,60.498553240740954,,,47.86168981481499,46.25482253086436,40.69965277777792,42.076967592592744,37.118634259259395,36.2922453703705
,,120.06741898148191,59.67216435185206,,,47.86168981481499,45.84162808641992,40.69965277777792,41.663773148148294,37.118634259259395,35.87905092592605
,,120.21662808642019,60.16570216049404,,,47.88923611111128,45.16215277777793,40.69965277777792,37.94502314814828,37.118634259259395,35.05266203703716
,,120.20515046296339,59.25896990740762,,,47.86168981481499,44.60204475308658,40.69965277777792,37.53182870370384,37.118634259259395,34.639467592592716
,,120.17071759259302,58.74247685185206,,,47.86168981481499,44.18885030864213,40.69965277777792,37.118634259259395,37.118634259259395,34.088541666666785
,,120.17071759259302,56.92901234567921,,,47.86168981481499,43.77565586419769,40.69965277777792,36.705439814814945,37.256365740740875,47.035300925926094
,,120.17071759259302,55.52874228395081,,,47.88923611111128,42.68298611111126,40.8373842592594,66.13406635802492,37.256365740740875,46.622106481481644
,,120.17071759259302,55.11554783950637,,,47.86168981481499,42.1228780864199,40.871817129629775,65.31915509259282,37.256365740740875,46.2089120370372
,,120.17071759259302,54.70235339506192,,,47.99942129629647,56.26331018518538,40.76851851851866,64.97482638888911,37.256365740740875,39.18460648148162
,,120.17071759259302,54.3809799382718,,,48.13715277777795,50.75405092592611,40.8373842592594,41.25057870370385,37.256365740740875,38.77141203703717
,,120.3084490740745,58.225983796296504,,,48.13715277777795,50.34085648148166,40.8373842592594,40.8373842592594,37.256365740740875,38.35821759259273
,,120.17071759259302,57.77835648148169,,,48.13715277777795,49.789930555555735,40.8373842592594,40.42418981481496,37.256365740740875,37.94502314814828
,,120.17071759259302,57.365162037037244,,,48.13715277777795,47.40258487654338,40.8373842592594,40.010995370370516,37.256365740740875,37.53182870370384
,,120.44618055555598,60.80844907407429,,,48.171585648148316,43.35098379629645,40.8373842592594,39.597800925926066,37.256365740740875,37.118634259259395
,,120.58391203703746,60.39525462962985,,,48.171585648148316,41.732638888889035,40.8373842592594,39.18460648148162,37.256365740740875,36.705439814814945
,,120.58391203703746,59.9820601851854,,,48.20601851851869,53.6808449074076,40.8373842592594,38.77141203703717,37.394097222222356,45.79571759259276
,,120.58391203703746,59.568865740740954,,,48.27488425925943,52.82002314814834,40.8373842592594,38.35821759259273,37.394097222222356,45.38252314814831
,,120.58391203703746,59.155671296296504,,,48.27488425925943,52.40682870370389,40.8373842592594,35.87905092592605,37.394097222222356,44.969328703703866
,,120.58391203703746,58.74247685185206,,,48.27488425925943,51.993634259259444,40.97511574074089,66.59317129629653,37.394097222222356,44.556134259259416
,,120.58391203703746,55.4369212962965,,,48.27488425925943,51.580439814815,40.97511574074089,46.07118055555572,37.394097222222356,44.14293981481497
,,120.58391203703746,55.02372685185205,,,48.27488425925943,51.16724537037055,40.97511574074089,45.65798611111127,37.394097222222356,43.72974537037052
,,120.5494791666671,54.54166666666686,,,48.309317129629804,47.035300925926094,41.009548611111256,36.25781250000013,37.394097222222356,43.31655092592608
,,120.75607638888931,58.41536458333354,,,48.27488425925943,46.53028549382733,41.009548611111256,35.431423611111235,37.394097222222356,42.90335648148164
,,120.72164351851895,54.266203703703894,,,48.27488425925943,46.11709104938288,40.90625000000014,34.91493055555568,37.394097222222356,42.49016203703719
,,120.7905092592597,60.73958333333355,,,48.27488425925943,45.703896604938436,41.11284722222237,68.06230709876567,37.394097222222356,42.076967592592744
,,120.92824074074117,60.11979166666688,,,48.27488425925943,45.290702160493986,41.11284722222237,67.67206790123481,37.394097222222356,41.663773148148294
,,120.99710648148191,59.706597222222435,,,48.27488425925943,44.87750771604954,41.11284722222237,64.7567515432101,37.394097222222356,41.25057870370385
,,120.99710648148191,59.29340277777799,,,48.27488425925943,44.46431327160509,41.14728009259274,45.17592592592609,37.394097222222356,40.8373842592594
,,120.99710648148191,58.88020833333354,,,48.27488425925943,44.05111882716065,41.04398148148163,44.86603009259275,37.394097222222356,40.42418981481496
,,120.99710648148191,55.4369212962965,,,48.27488425925943,43.66087962962978,41.11284722222237,44.07407407407423,37.394097222222356,40.010995370370516
,,120.99710648148191,55.02372685185205,,,48.27488425925943,42.99517746913595,41.11284722222237,42.076967592592744,37.394097222222356,39.597800925926066
,,120.99710648148191,54.610532407407604,,,48.27488425925943,42.352430555555706,41.11284722222237,41.663773148148294,37.394097222222356,35.46585648148161
,,121.13483796296339,58.32928240740762,,,48.27488425925943,41.93923611111126,40.97511574074089,37.94502314814828,37.53182870370384,36.2922453703705
,,121.13483796296339,54.28915895061748,,,48.41261574074091,56.05671296296316,41.04398148148163,37.394097222222356,37.53182870370384,35.87905092592605
,,121.41030092592636,59.52295524691379,,,48.577893518518685,50.75405092592611,41.11284722222237,36.93499228395075,37.53182870370384,35.01822916666679
,,121.41030092592636,59.109760802469346,,,48.55034722222239,50.20312500000018,41.11284722222237,36.567708333333464,37.394097222222356,34.70833333333346
,,121.41030092592636,58.6965663580249,,,48.458526234568076,49.81288580246931,41.25057870370385,66.17997685185209,37.394097222222356,34.019675925926045
,,121.41030092592636,55.482831790123655,,,48.68807870370388,52.544560185185375,41.25057870370385,65.39949845679035,37.66956018518532,46.98939043209893
,,121.41030092592636,55.069637345679205,,,48.61921296296313,52.200231481481666,41.25057870370385,65.04369212962986,37.66956018518532,46.576195987654486
,,121.41030092592636,54.65644290123476,,,48.68807870370388,51.78703703703722,41.28501157407422,64.21730324074097,37.66956018518532,46.163001543210044
,,121.27256944444487,50.0653935185187,,,48.68807870370388,51.30497685185203,41.25057870370385,59.155671296296504,37.66956018518532,39.0927854938273
,,121.54803240740785,58.39814814814836,,,48.68807870370388,47.2648533950619,41.18171296296311,46.89756944444461,37.66956018518532,38.67959104938285
,,121.54803240740785,54.35802469135822,,,48.68807870370388,46.85165895061745,41.25057870370385,41.25057870370385,37.66956018518532,38.26639660493841
,,121.82349537037081,59.29340277777799,,,48.68807870370388,46.438464506173005,41.25057870370385,40.8373842592594,37.66956018518532,37.853202160493964
,,121.82349537037081,58.88020833333354,,,48.68807870370388,46.025270061728556,41.25057870370385,40.42418981481496,37.66956018518532,37.440007716049514
,,121.82349537037081,55.482831790123655,,,48.68807870370388,45.61207561728411,41.25057870370385,40.010995370370516,37.66956018518532,37.02681327160507
,,121.82349537037081,55.069637345679205,,,48.68807870370388,45.19888117283967,41.25057870370385,39.643711419753224,37.66956018518532,36.61361882716062
,,121.82349537037081,54.65644290123476,,,48.68807870370388,44.78568672839522,41.25057870370385,39.00096450617298,37.84172453703717,45.79571759259276
,,121.78906250000043,49.858796296296475,,,48.68807870370388,44.39544753086435,41.25057870370385,38.54759837962977,37.8072916666668,45.290702160493986
,,121.99565972222265,58.53587962962984,,,48.61921296296313,44.00520833333349,41.11284722222237,38.28935185185199,37.8072916666668,44.87750771604954
,,121.99565972222265,54.38671875000019,,,48.642168209876715,43.50019290123472,41.4227430555557,66.6276041666669,37.8072916666668,44.46431327160509
,,121.96122685185229,49.514467592592766,,,48.55034722222239,43.24768518518534,41.38831018518533,46.11709104938288,37.8072916666668,44.05111882716065
,,121.96122685185229,49.03240740740758,,,48.59625771604956,42.076967592592744,41.38831018518533,45.703896604938436,37.8072916666668,43.63792438271621
,,122.23668981481525,59.13271604938293,,,48.82581018518536,50.75405092592611,41.38831018518533,35.982349537037166,37.8072916666668,43.22472993827176
,,122.23668981481525,55.4369212962965,,,48.82581018518536,50.34085648148166,41.35387731481496,35.517505787037166,37.8072916666668,42.811535493827314
,,122.23668981481525,55.02372685185205,,,49.10127314814832,47.12712191358042,41.52604166666681,67.97048611111136,37.8072916666668,42.398341049382864
,,122.26423611111156,49.87256944444463,,,49.10127314814832,46.71392746913597,41.52604166666681,67.60320216049406,37.8072916666668,41.98514660493842
,,122.23668981481525,48.59625771604956,,,49.10127314814832,46.300733024691525,41.52604166666681,45.152970679012505,37.8072916666668,41.57195216049397
,,122.23668981481525,58.74247685185206,,,49.10127314814832,45.887538580247075,41.52604166666681,44.85455246913596,37.8072916666668,41.15875771604953
,,122.37442129629673,54.610532407407604,,,49.10127314814832,45.47434413580263,41.52604166666681,44.07407407407423,37.8072916666668,40.745563271605086
,,122.40196759259304,54.087152777777966,,,49.10127314814832,45.06114969135818,41.52604166666681,42.076967592592744,37.73842592592606,40.389756944444585
,,122.4088541666671,49.20457175925944,,,49.06684027777795,44.60778356481497,41.52604166666681,41.663773148148294,37.66956018518532,40.010995370370516
,,122.4088541666671,47.964988425926094,,,49.10127314814832,37.02681327160507,41.52604166666681,36.47588734567914,37.66956018518532,39.597800925926066
,,122.37442129629673,47.4944058641977,,,49.514467592592766,47.035300925926094,41.52604166666681,34.364004629629754,37.83483796296309,35.39699074074087
,,122.37442129629673,47.08121141975325,,,49.514467592592766,46.622106481481644,41.69131944444459,66.16620370370393,37.972569444444574,36.01678240740753
,,122.54658564814858,46.65653935185202,,,49.514467592592766,46.2089120370372,41.663773148148294,65.35358796296319,38.08275462962977,46.85165895061745
,,122.51215277777821,46.163001543210044,,,49.514467592592766,45.79571759259276,41.663773148148294,64.94039351851875,38.08275462962977,46.438464506173005
,,122.37442129629673,46.00231481481498,,,49.514467592592766,45.38252314814831,41.663773148148294,64.5271990740743,38.08275462962977,38.67959104938285
,,122.53969907407452,45.45138888888905,,,49.514467592592766,44.969328703703866,41.69131944444459,64.00381944444467,38.08275462962977,38.26639660493841
,,122.51215277777821,44.9234182098767,,,49.514467592592766,44.60204475308658,41.69820601851867,41.28501157407422,38.08275462962977,37.853202160493964
,,122.44328703703748,39.73553240740755,,,49.96209490740758,47.1385995370372,41.663773148148294,40.791473765432244,38.08275462962977,37.440007716049514
,,122.58101851851896,55.36805555555575,,,49.927662037037216,46.66801697530881,41.663773148148294,40.3782793209878,38.08275462962977,37.02681327160507
,,122.58101851851896,54.98929398148168,,,49.927662037037216,46.25482253086436,41.636226851852,39.87326388888903,38.08275462962977,36.61361882716062
,,122.6498842592597,50.15721450617302,,,49.927662037037216,45.84162808641992,41.663773148148294,38.909143518518654,38.254918981481616,46.07118055555572
,,122.6498842592597,49.74402006172857,,,49.927662037037216,45.42843364197547,41.663773148148294,38.56481481481495,38.22048611111125,45.566165123456955
,,122.68431712963006,48.584780092592766,,,49.927662037037216,45.015239197531024,41.663773148148294,37.4629629629631,38.22048611111125,45.152970679012505
,,122.78761574074117,52.56751543209895,,,49.89322916666684,44.556134259259416,41.801504629629775,67.14409722222246,38.22048611111125,44.73977623456806
,,122.82204861111154,49.307870370370544,,,49.927662037037216,42.13206018518533,41.801504629629775,66.73090277777801,38.22048611111125,44.32658179012361
,,122.78761574074117,48.86024305555573,,,50.111304012345855,44.349537037037194,41.801504629629775,45.9793595679014,38.22048611111125,43.91338734567917
,,122.71875000000044,48.13715277777795,,,50.09293981481499,43.04108796296312,41.801504629629775,45.566165123456955,38.22048611111125,43.50019290123472
,,122.71875000000044,47.65509259259276,,,50.0653935185187,42.55902777777793,41.801504629629775,36.05121527777791,38.22048611111125,43.086998456790276
,,122.78761574074117,47.2648533950619,,,50.09982638888906,41.818721064814966,41.663773148148294,35.67245370370383,38.22048611111125,42.67380401234583
,,122.92534722222265,46.72540509259276,,,50.23755787037055,43.90190972222238,41.93923611111126,67.92457561728419,38.22048611111125,42.26060956790138
,,122.92534722222265,46.25482253086436,,,50.20312500000018,43.45428240740756,41.93923611111126,67.51138117283975,38.22048611111125,41.84741512345694
,,122.92534722222265,45.84162808641992,,,50.37528935185203,47.41406250000017,41.90480324074089,44.900462962963125,38.22048611111125,41.43422067901249
,,122.92534722222265,45.42843364197547,,,50.34085648148166,46.94347993827177,41.801504629629775,44.07407407407423,38.22048611111125,41.02102623456805
,,122.92534722222265,44.95555555555571,,,50.34085648148166,46.53028549382733,41.93923611111126,41.801504629629775,38.22048611111125,40.65374228395076
,,123.06307870370414,49.88175154321005,,,50.34085648148166,46.11709104938288,41.801504629629775,34.295138888889014,38.22048611111125,35.32812500000013
,,123.20081018518562,52.47569444444463,,,50.34085648148166,45.703896604938436,42.076967592592744,66.32918595679035,38.35821759259273,36.15451388888902
,,123.235243055556,49.445601851852025,,,50.34085648148166,45.290702160493986,42.076967592592744,65.44540895061752,38.35821759259273,35.74131944444457
,,123.1089891975313,48.986496913580424,,,50.34085648148166,44.87750771604954,42.076967592592744,65.03221450617308,38.49594907407421,46.75983796296313
,,123.20081018518562,47.173032407407575,,,50.51302083333351,44.45283564814831,42.076967592592744,64.61902006172862,38.49594907407421,38.587770061728534
,,123.20081018518562,40.69965277777792,,,50.50613425925943,42.84826388888904,42.076967592592744,64.20582561728418,38.49594907407421,38.174575617284084
,,123.37297453703748,46.7942708333335,,,50.47858796296314,42.30652006172855,42.076967592592744,63.815586419753316,38.49594907407421,37.76138117283964
,,123.33854166666711,46.300733024691525,,,50.47858796296314,41.8933256172841,42.076967592592744,44.44135802469152,38.49594907407421,37.34818672839519
,,123.33854166666711,45.887538580247075,,,50.47858796296314,41.52604166666681,42.11140046296311,41.31944444444459,38.49594907407421,36.93499228395075
,,123.33854166666711,45.47434413580263,,,50.650752314814994,43.90190972222238,42.076967592592744,40.8373842592594,38.49594907407421,36.521797839506306
,,123.31099537037079,44.98310185185201,,,50.61631944444463,43.4083719135804,42.076967592592744,40.42418981481496,38.63368055555569,46.34664351851868
,,123.33854166666711,41.663773148148294,,,50.75405092592611,47.4944058641977,42.076967592592744,40.056905864197674,38.63368055555569,45.93344907407424
,,123.33854166666711,41.25057870370385,,,50.75405092592611,47.08121141975325,42.008101851852004,39.666666666666806,38.63368055555569,45.52025462962979
,,123.4762731481486,52.22318672839525,,,50.75405092592611,46.66801697530881,41.93923611111126,38.909143518518654,38.63368055555569,45.10706018518535
,,123.61400462963007,52.56751543209895,,,50.75405092592611,46.25482253086436,41.93923611111126,38.56481481481495,38.63368055555569,44.6938657407409
,,123.58645833333375,40.851157407407555,,,50.75405092592611,45.84162808641992,42.076967592592744,37.60069444444458,38.63368055555569,44.280671296296454
,,123.61400462963007,46.89756944444461,,,50.75405092592611,45.42843364197547,42.24913194444459,67.04079861111136,38.63368055555569,43.86747685185201
,,123.68287037037081,46.41550925925942,,,50.75405092592611,45.015239197531024,42.214699074074225,45.79571759259276,38.63368055555569,43.45428240740756
,,123.61400462963007,46.07118055555572,,,50.89178240740759,44.556134259259416,42.214699074074225,45.40547839506189,38.63368055555569,43.04108796296312
,,123.68287037037081,45.65798611111127,,,50.89178240740759,42.90335648148164,42.214699074074225,43.72974537037052,38.63368055555569,42.62789351851867
,,123.68287037037081,45.24479166666683,,,50.89178240740759,42.49016203703719,42.076967592592744,39.322337962963104,38.63368055555569,42.214699074074225
,,123.84355709876587,52.24614197530883,,,50.89178240740759,42.076967592592744,42.214699074074225,37.8072916666668,38.63368055555569,41.801504629629775
,,123.88946759259304,42.352430555555706,,,50.89178240740759,41.663773148148294,42.352430555555706,67.6950231481484,38.63368055555569,41.38831018518533
,,,,,,50.89178240740759,41.273533950617434,42.352430555555706,67.28182870370394,38.63368055555569,40.97511574074089
,,,,,,51.02951388888907,48.13715277777795,42.379976851852,44.77650462962979,38.63368055555569,40.63078703703718
,,,,,,51.02951388888907,44.14293981481497,42.49016203703719,66.59317129629653,38.661226851851985,35.410763888889015
,,114.50000000000043,69.02893518518542,,,51.02951388888907,43.72974537037052,42.49016203703719,65.07812500000023,38.80584490740755,35.982349537037166
,,112.5000000000004,69.02893518518542,,,51.02951388888907,43.31655092592608,42.49016203703719,64.66493055555578,38.77141203703717,46.75983796296313
,,112.5000000000004,68.69560185185209,,,51.06394675925944,40.97511574074089,42.49016203703719,64.25173611111134,38.77141203703717,38.49594907407421
,,112.83333333333375,68.69560185185209,,,51.16724537037055,47.40258487654338,42.49016203703719,63.83854166666689,38.840277777777914,37.94502314814828
,,114.83333333333374,68.69560185185209,,,51.16724537037055,46.98939043209893,42.45572916666682,63.390914351852075,38.909143518518654,37.48591820987668
,,115.50000000000043,68.86226851851876,,,51.16724537037055,46.576195987654486,42.52459490740756,44.349537037037194,38.909143518518654,37.07272376543223
,,115.83333333333374,69.52893518518545,,,51.16724537037055,46.163001543210044,42.42129629629645,41.49160879629645,38.909143518518654,36.65952932098779
,,115.33333333333375,68.86226851851876,,,51.16724537037055,45.749807098765594,42.352430555555706,41.11284722222237,38.909143518518654,36.2922453703705
,,116.83333333333375,69.86226851851877,,,51.16724537037055,45.33661265432115,42.352430555555706,40.69965277777792,39.04687500000014,45.93344907407424
,,,,,,51.16724537037055,44.9234182098767,42.62789351851867,68.70505401234593,39.04687500000014,45.52025462962979
,,,,,,51.339409722222406,44.59056712962979,42.66232638888904,63.063802083333556,39.04687500000014,45.10706018518535
,,,,,,51.332523148148326,42.958449074074224,42.62789351851867,45.749807098765594,39.04687500000014,44.6938657407409
,,,,,,51.30497685185203,42.398341049382864,42.62789351851867,45.33661265432115,39.04687500000014,44.280671296296454
,,,,,,51.30497685185203,41.98514660493842,42.62789351851867,43.72974537037052,39.04687500000014,43.86747685185201
,,,,,,51.30497685185203,41.57195216049397,42.49016203703719,37.66956018518532,39.04687500000014,43.45428240740756
,,,,,,51.30497685185203,44.00520833333349,42.62789351851867,67.00636574074097,39.04687500000014,43.04108796296312
,,,,,,51.30497685185203,43.59201388888904,42.76562500000015,59.38522376543231,39.04687500000014,42.62789351851867
,,,,,,51.47714120370389,41.14728009259274,42.80005787037052,44.969328703703866,39.04687500000014,42.214699074074225
,,,,,,51.44270833333351,40.65374228395076,42.93090277777792,68.4663194444447,39.04687500000014,41.801504629629775
,,,,,,51.580439814815,47.310763888889056,42.90335648148164,64.80266203703727,39.04687500000014,41.38831018518533
,,,,,,51.580439814815,46.89756944444461,42.90335648148164,63.60898919753109,39.04687500000014,40.97511574074089
,,,,,,51.580439814815,46.48437500000016,42.90335648148164,44.418402777777935,38.978009259259395,40.69965277777792
,,,,,,51.580439814815,46.07118055555572,43.06863425925941,66.20752314814838,38.978009259259395,35.32812500000013
,,,,,,51.580439814815,45.65798611111127,43.04108796296312,63.10397376543232,39.04687500000014,35.74131944444457
,,,,,,51.534529320987836,45.152970679012505,43.04108796296312,62.73668981481504,39.322337962963104,37.30227623456803
,,,,,,51.71817129629648,43.04108796296312,43.04108796296312,45.65798611111127,39.322337962963104,36.93499228395075
,,,,,,51.71817129629648,42.62789351851867,43.04108796296312,43.72974537037052,39.18460648148162,36.636574074074204
,,,,,,51.71817129629648,42.214699074074225,43.04108796296312,35.46585648148161,39.460069444444585,45.65798611111127
,,,,,,51.71817129629648,41.801504629629775,43.1788194444446,60.55594135802491,39.460069444444585,45.24479166666683
,,,,,,51.85590277777796,41.38831018518533,43.1788194444446,45.24479166666683,39.460069444444585,44.831597222222385
,,,,,,51.85590277777796,40.97511574074089,43.1788194444446,44.831597222222385,39.460069444444585,44.418402777777935
,,,,,,51.85590277777796,40.56192129629644,43.1788194444446,41.52604166666681,39.460069444444585,44.00520833333349
,,,,,,51.993634259259444,47.2648533950619,43.1788194444446,41.11284722222237,39.460069444444585,43.59201388888904
,,,,,,51.993634259259444,46.85165895061745,43.1788194444446,40.7226080246915,39.460069444444585,43.1788194444446
,,,,,,51.993634259259444,46.438464506173005,43.31655092592608,68.65914351851876,39.460069444444585,42.76562500000015
,,,,,,51.993634259259444,46.025270061728556,43.31655092592608,68.29185956790148,39.460069444444585,42.352430555555706
,,,,,,51.924768518518704,45.72685185185201,43.34409722222237,65.62905092592617,39.460069444444585,41.93923611111126
,,,,,,52.131365740740925,42.99517746913595,43.31655092592608,65.07812500000023,39.460069444444585,41.52604166666681
,,,,,,52.131365740740925,42.58198302469151,43.282118055555706,64.63049768518542,39.49450231481495,41.04398148148163
,,,,,,52.131365740740925,42.16878858024706,43.24768518518534,63.56307870370393,39.391203703703844,40.76851851851866
,,,,,,52.131365740740925,41.75559413580262,43.24768518518534,57.365162037037244,39.73553240740755,37.21045524691371
,,,,,,52.30353009259278,41.38831018518533,43.31655092592608,44.418402777777935,39.73553240740755,36.79726080246927
,,,,,,52.269097222222406,40.88329475308657,43.31655092592608,40.28645833333348,39.87326388888903,68.65914351851876
,,,,,,52.269097222222406,40.51601080246928,43.34409722222237,39.76307870370384,39.87326388888903,68.24594907407432
,,,,,,52.40682870370389,47.12712191358042,43.35098379629645,33.12442129629641,39.87326388888903,67.83275462962987
,,,,,,52.40682870370389,46.71392746913597,43.481828703703854,66.59317129629653,39.87326388888903,67.41956018518542
,,,,,,52.40682870370389,46.300733024691525,43.45428240740756,66.11111111111134,39.90081018518532,66.89618055555579
,,,,,,52.40682870370389,45.956404320987815,43.45428240740756,62.80555555555578,39.87326388888903,45.65798611111127
,,,,,,52.544560185185375,42.90335648148164,43.45428240740756,45.65798611111127,39.87326388888903,45.24479166666683
,,,,,,52.544560185185375,42.49016203703719,43.481828703703854,43.81238425925942,39.87326388888903,44.831597222222385
,,,,,,52.544560185185375,42.076967592592744,43.45428240740756,35.60358796296309,39.87326388888903,44.418402777777935
,,,,,,52.682291666666856,41.663773148148294,43.45428240740756,35.25925925925939,39.87326388888903,44.00520833333349
,,,,,,52.682291666666856,41.25057870370385,43.59201388888904,64.15991512345701,39.87326388888903,43.59201388888904
,,,,,,52.682291666666856,40.69965277777792,43.5231481481483,60.60185185185207,39.87326388888903,43.1788194444446
,,,,,,52.7511574074076,46.89756944444461,43.626446759259416,45.279224537037194,39.87326388888903,42.76562500000015
,,,,,,52.7511574074076,46.51880787037054,43.59201388888904,44.78568672839522,39.87326388888903,42.352430555555706
,,,,,,52.682291666666856,46.2089120370372,43.5231481481483,41.52604166666681,39.87326388888903,41.93923611111126
,,,,,,52.95775462962982,42.90335648148164,43.5231481481483,41.11284722222237,39.87326388888903,41.52604166666681
,,,,,,52.95775462962982,42.49016203703719,43.59201388888904,40.6078317901236,39.87326388888903,41.002662037037176
,,,,,,52.95775462962982,42.076967592592744,43.72974537037052,68.55584490740765,40.18315972222236,37.2219328703705
,,,,,,53.0954861111113,41.663773148148294,43.59201388888904,68.31481481481505,40.1211805555557,36.67789351851865
,,,,,,53.0954861111113,41.25057870370385,43.7641782407409,65.59461805555578,40.28645833333348,68.65914351851876
,,,,,,53.0954861111113,40.69965277777792,43.72974537037052,65.12403549382739,40.28645833333348,68.24594907407432
,,,,,,53.37094907407426,42.90335648148164,43.72974537037052,64.7567515432101,40.28645833333348,67.83275462962987
,,,,,,53.37094907407426,42.49016203703719,43.7641782407409,63.528645833333556,40.28645833333348,67.442515432099
,,,,,,53.37094907407426,42.076967592592744,43.72974537037052,44.37249228395078,40.21759259259274,67.00636574074097
,,,,,,53.50868055555575,41.663773148148294,43.66087962962978,40.148726851852,40.28645833333348,66.59317129629653
,,,,,,53.50868055555575,41.25057870370385,43.63792438271621,39.73553240740755,40.28645833333348,45.65798611111127
,,,,,,53.50868055555575,40.69965277777792,43.695312500000156,33.12442129629641,40.28645833333348,45.24479166666683
,,,,,,53.78414351851871,42.85744598765447,43.8950231481483,66.8686342592595,40.28645833333348,44.831597222222385
,,,,,,53.78414351851871,42.44425154321003,43.86747685185201,66.31770833333357,40.28645833333348,44.418402777777935
,,,,,,53.78414351851871,42.03105709876558,43.86747685185201,65.97337962962986,40.28645833333348,44.00520833333349
,,,,,,53.85300925925945,41.594907407407554,43.90190972222238,63.11545138888911,40.28645833333348,43.59201388888904
,,,,,,53.85300925925945,41.18171296296311,43.83304398148164,62.58174189814837,40.28645833333348,43.1788194444446
,,,,,,53.85300925925945,40.802951388889035,43.83993055555572,43.77106481481498,40.28645833333348,42.76562500000015
,,,,,,102.43090277777816,51.80081018518538,43.90190972222238,35.569155092592716,40.28645833333348,42.352430555555706
,,,,,,102.40335648148185,42.55902777777793,43.79861111111126,35.224826388889014,40.28645833333348,41.93923611111126
,,,,,,102.8165509259263,51.62635030864216,44.03964120370386,60.42968750000021,40.28645833333348,41.52604166666681
,,,,,,102.67881944444481,42.62789351851867,44.00520833333349,45.61207561728411,40.28645833333348,41.11284722222237
,,,,,,103.09201388888926,52.544560185185375,44.00520833333349,45.19888117283967,40.28645833333348,40.745563271605086
,,,,,,103.09201388888926,51.64930555555574,44.00520833333349,44.78568672839522,40.56192129629644,40.28645833333348
,,,,,,103.40190972222258,51.97641782407426,44.00520833333349,37.04976851851865,40.56192129629644,38.63368055555569
,,,,,,103.53964120370406,52.71672453703722,44.00520833333349,68.52141203703728,40.56192129629644,38.22048611111125
,,,,,,103.53275462963002,45.24479166666683,44.00520833333349,65.49131944444467,40.56192129629644,37.8072916666668
,,,,,,103.68885030864234,57.686535493827364,44.14293981481497,64.98630401234591,40.56192129629644,37.394097222222356
,,,,,,103.68885030864234,56.86014660493847,44.14293981481497,64.57310956790147,40.56192129629644,36.98090277777791
,,,,,,103.78067129629666,53.611979166666856,44.14293981481497,64.15991512345701,40.56192129629644,36.567708333333464
,,,,,,103.78067129629666,53.14139660493846,44.14293981481497,63.74672067901257,40.56192129629644,36.15451388888902
,,,,,,103.78067129629666,51.993634259259444,44.00520833333349,57.227430555555756,40.69965277777792,68.79687500000024
,,,,,,103.78067129629666,44.8086419753088,44.17737268518534,44.487268518518675,40.69965277777792,68.3836805555558
,,,,,,103.78067129629666,57.365162037037244,44.30821759259275,67.41956018518542,40.67210648148163,67.86030092592617
,,,,,,103.78067129629666,56.60763888888909,44.280671296296454,66.8686342592595,40.69965277777792,66.31770833333357
,,,,,,103.91840277777814,52.596209490740925,44.280671296296454,66.45543981481505,40.69965277777792,65.90451388888913
,,,,,,103.91840277777814,45.65798611111127,44.14293981481497,66.17997685185209,40.69965277777792,65.42245370370394
,,,,,,103.91840277777814,45.24479166666683,44.31510416666682,63.322048611111335,40.69965277777792,45.65798611111127
,,,,,,104.05613425925962,51.67226080246932,44.280671296296454,62.82851080246936,40.69965277777792,45.24479166666683
,,,,,,104.19386574074112,53.78414351851871,44.280671296296454,62.43827160493849,40.69965277777792,44.831597222222385
,,,,,,104.19386574074112,53.37094907407426,44.31510416666682,59.80989583333355,40.69965277777792,44.418402777777935
,,,,,,104.19386574074112,52.95775462962982,44.280671296296454,59.36226851851873,40.69965277777792,44.00520833333349
,,,,,,104.19386574074112,52.17727623456808,44.280671296296454,58.834297839506384,40.69965277777792,43.59201388888904
,,,,,,104.19386574074112,44.76273148148164,44.280671296296454,58.444058641975516,40.69965277777792,43.1788194444446
,,,,,,104.3591435185189,56.60763888888909,44.280671296296454,36.567708333333464,40.69965277777792,42.76562500000015
,,,,,,104.3315972222226,52.544560185185375,44.280671296296454,36.15451388888902,40.69965277777792,42.352430555555706
,,,,,,104.3315972222226,45.79571759259276,44.280671296296454,35.74131944444457,40.69965277777792,41.93923611111126
,,,,,,104.3315972222226,45.38252314814831,44.280671296296454,35.374035493827286,40.69965277777792,41.52604166666681
,,,,,,104.46932870370408,51.71817129629648,44.45283564814831,67.97048611111136,40.69965277777792,41.11284722222237
,,,,,,104.50376157407445,50.4097222222224,44.418402777777935,60.636284722222435,40.69965277777792,40.69965277777792
,,,,,,104.60706018518556,53.78414351851871,44.418402777777935,60.257523148148366,40.69965277777792,39.87326388888903
,,,,,,104.60706018518556,53.37094907407426,44.418402777777935,45.52025462962979,40.69965277777792,39.460069444444585
,,,,,,104.60706018518556,52.95775462962982,44.418402777777935,45.10706018518535,40.69965277777792,39.04687500000014
,,,,,,104.60706018518556,52.131365740740925,44.349537037037194,36.98090277777791,40.69965277777792,35.74131944444457
,,,,,,104.60706018518556,51.327932098765615,44.556134259259416,64.7567515432101,40.69965277777792,35.32812500000013
,,,,,,104.60706018518556,50.89178240740759,44.556134259259416,64.34355709876566,40.69965277777792,34.84606481481494
,,,,,,104.57951388888924,44.95555555555571,44.556134259259416,63.930362654321215,40.97511574074089,65.14699074074097
,,,,,,104.6759259259263,56.951967592592794,44.556134259259416,44.625000000000156,40.97511574074089,40.28645833333348
,,,,,,104.74479166666704,52.544560185185375,44.6938657407409,67.24739583333357,40.97511574074089,38.63368055555569
,,,,,,104.6759259259263,45.52025462962979,44.65943287037053,66.7481192129632,40.97511574074089,38.22048611111125
,,,,,,104.88252314814852,51.71817129629648,44.72829861111127,63.56307870370393,40.97511574074089,37.8072916666668
,,,,,,104.88252314814852,50.47858796296314,44.6938657407409,63.058063271605164,40.97511574074089,37.394097222222356
,,,,,,104.88252314814852,50.08834876543228,44.6938657407409,62.644868827160714,40.97511574074089,36.98090277777791
,,,,,,105.02025462963,53.78414351851871,44.65943287037053,62.18576388888911,40.97511574074089,36.567708333333464
,,,,,,105.02025462963,53.37094907407426,44.72141203703719,61.13900462962984,40.97511574074089,36.15451388888902
,,,,,,105.02025462963,52.95775462962982,44.72141203703719,59.8994212962965,40.97511574074089,34.501736111111235
,,,,,,105.02025462963,52.131365740740925,44.6938657407409,59.33931327160515,40.97511574074089,34.088541666666785
,,,,,,105.02025462963,51.30497685185203,44.6938657407409,58.9261188271607,41.11284722222237,68.79687500000024
,,,,,,105.02025462963,50.89178240740759,44.6938657407409,58.51292438271626,41.11284722222237,68.3836805555558
,,,,,,105.02025462963,49.17013888888906,44.6938657407409,58.21450617283971,41.11284722222237,67.97048611111136
,,,,,,105.15798611111148,52.544560185185375,44.72141203703719,41.47094907407423,41.11284722222237,66.31770833333357
,,,,,,105.15798611111148,49.652199074074254,44.6938657407409,38.28935185185199,41.11284722222237,65.90451388888913
,,,,,,105.29571759259296,51.71817129629648,44.831597222222385,68.20003858024715,41.11284722222237,65.49131944444467
,,,,,,105.29571759259296,50.47858796296314,44.831597222222385,67.78684413580271,41.11284722222237,45.65798611111127
,,,,,,105.29571759259296,50.0653935185187,44.831597222222385,61.77256944444466,41.11284722222237,45.24479166666683
,,,,,,105.29571759259296,48.848765432098936,44.831597222222385,60.53298611111133,41.11284722222237,44.831597222222385
,,,,,,105.43344907407445,53.78414351851871,44.76273148148164,45.38252314814831,41.11284722222237,44.418402777777935
,,,,,,105.43344907407445,53.37094907407426,44.831597222222385,44.280671296296454,41.11284722222237,44.00520833333349
,,,,,,105.43344907407445,52.95775462962982,44.831597222222385,42.99517746913595,41.11284722222237,43.59201388888904
,,,,,,105.43344907407445,52.131365740740925,44.969328703703866,64.66493055555578,41.11284722222237,43.1788194444446
,,,,,,105.43344907407445,51.30497685185203,44.969328703703866,64.25173611111134,41.11284722222237,42.76562500000015
,,,,,,105.43344907407445,50.89178240740759,44.969328703703866,44.6938657407409,41.11284722222237,42.352430555555706
,,,,,,105.43344907407445,49.239004629629804,44.969328703703866,43.86747685185201,41.11284722222237,41.93923611111126
,,,,,,105.57118055555593,52.544560185185375,44.969328703703866,43.477237654321144,41.11284722222237,41.52604166666681
,,,,,,105.57118055555593,49.652199074074254,44.99687500000016,42.076967592592744,41.11284722222237,41.11284722222237
,,,,,,105.74334490740779,51.68373842592611,44.969328703703866,41.02102623456805,41.11284722222237,40.69965277777792
,,,,,,105.74334490740779,50.44415509259277,44.969328703703866,37.96797839506186,41.11284722222237,39.87326388888903
,,,,,,105.70891203703741,49.973572530864374,45.13460648148164,67.41956018518542,41.11284722222237,39.460069444444585
,,,,,,105.74334490740779,48.80859375000017,45.07262731481497,66.85141782407432,41.11284722222237,39.04687500000014
,,,,,,105.87418981481521,53.729050925926124,45.10706018518535,63.83854166666689,41.11284722222237,35.74131944444457
,,,,,,105.84664351851889,53.18730709876562,45.10706018518535,63.42534722222245,41.11284722222237,35.32812500000013
,,,,,,105.84664351851889,52.77411265432117,45.10706018518535,63.012152777778,41.11284722222237,34.91493055555568
,,,,,,105.88107638888927,52.131365740740925,45.10706018518535,62.598958333333556,41.38831018518533,65.16994598765456
,,,,,,105.88107638888927,51.201678240740925,45.10706018518535,62.18576388888911,41.38831018518533,40.28645833333348
,,,,,,105.84664351851889,50.75405092592611,45.10706018518535,61.35937500000022,41.38831018518533,38.63368055555569
,,,,,,105.77777777777816,49.307870370370544,45.10706018518535,60.94618055555577,41.38831018518533,38.22048611111125
,,,,,,106.01192129629669,47.54490740740757,45.10706018518535,60.11979166666688,41.38831018518533,37.8072916666668
,,,,,,106.12210648148186,50.31790123456808,45.10706018518535,59.706597222222435,41.38831018518533,37.394097222222356
,,,,,,106.08767361111148,48.447048611111285,45.10706018518535,59.29340277777799,41.38831018518533,36.98090277777791
,,,,,,106.29427083333371,54.025173611111306,45.10706018518535,58.88020833333354,41.38831018518533,36.567708333333464
,,,,,,106.25983796296335,53.55459104938291,45.07951388888905,58.356828703703904,41.38831018518533,36.15451388888902
,,,,,,106.25983796296335,53.14139660493846,45.13460648148164,56.33217592592612,41.38831018518533,34.501736111111235
,,,,,,106.25983796296335,52.728202160494014,45.10706018518535,41.480131172839656,41.38831018518533,34.088541666666785
,,,,,,106.25983796296335,52.31500771604957,45.10706018518535,38.35821759259273,41.52604166666681,68.79687500000024
,,,,,,106.25983796296335,51.90181327160512,45.10706018518535,37.577739197530995,41.52604166666681,68.3836805555558
,,,,,,106.25983796296335,51.48861882716068,45.24479166666683,68.0163966049385,41.55358796296311,67.86030092592617
,,,,,,106.1909722222226,51.16724537037055,45.279224537037194,61.7381365740743,41.55358796296311,66.31770833333357
,,,,,,106.25983796296335,50.75405092592611,45.24479166666683,60.578896604938485,41.52604166666681,65.76678240740765
,,,,,,106.29427083333371,48.13715277777795,45.27233796296312,44.33576388888904,41.52604166666681,65.42245370370394
,,,,,,106.28738425925965,46.9802083333335,45.24479166666683,43.04108796296312,41.52604166666681,45.65798611111127
,,,,,,106.25983796296335,46.41550925925942,45.4100694444446,64.6098379629632,41.52604166666681,45.24479166666683
,,,,,,106.39756944444483,47.58622685185202,45.38252314814831,64.0680941358027,41.52604166666681,44.831597222222385
,,,,,,106.56284722222262,61.442013888889115,45.38252314814831,58.17433449074095,41.52604166666681,44.418402777777935
,,,,,,106.53530092592631,60.90027006172861,45.4100694444446,55.767476851852045,41.52604166666681,44.00520833333349
,,,,,,106.53530092592631,60.48707561728416,45.38252314814831,43.72974537037052,41.52604166666681,43.59201388888904
,,,,,,106.53530092592631,60.07388117283972,45.4100694444446,42.29733796296312,41.52604166666681,43.1788194444446
,,,,,,106.53530092592631,59.706597222222435,45.38252314814831,41.75559413580262,41.52604166666681,42.76562500000015
,,,,,,106.46643518518556,50.51302083333351,45.38252314814831,41.03250385802484,41.52604166666681,42.352430555555706
,,,,,,106.56284722222262,46.14004629629646,45.4100694444446,37.889930555555694,41.52604166666681,41.93923611111126
,,,,,,106.7005787037041,54.39016203703722,45.54780092592608,67.55729166666691,41.52604166666681,41.52604166666681
,,,,,,106.67303240740779,53.83005401234587,45.52025462962979,67.00636574074097,41.52604166666681,41.11284722222237
,,,,,,106.67303240740779,53.416859567901426,45.45138888888905,66.76533564814838,41.52604166666681,40.69965277777792
,,,,,,106.67303240740779,53.003665123456976,45.52025462962979,63.56307870370393,41.52604166666681,39.87326388888903
,,,,,,106.67303240740779,52.59047067901253,45.52025462962979,63.14988425925949,41.52604166666681,39.460069444444585
,,,,,,106.67303240740779,52.17727623456808,45.52025462962979,62.73668981481504,41.52604166666681,39.04687500000014
,,,,,,106.67303240740779,51.76408179012364,45.52025462962979,62.323495370370594,41.52604166666681,35.74131944444457
,,,,,,106.67303240740779,51.44270833333351,45.52025462962979,61.08391203703725,41.52604166666681,35.32812500000013
,,,,,,106.67303240740779,48.36670524691375,45.52025462962979,59.89023919753107,41.52604166666681,34.91493055555568
,,,,,,106.67303240740779,47.9535108024693,45.52025462962979,59.47704475308663,41.801504629629775,65.07812500000023
,,,,,,106.70746527777816,47.20746527777794,45.52025462962979,59.06385030864219,41.801504629629775,40.28645833333348
,,,,,,106.67303240740779,46.71392746913597,45.52025462962979,58.65065586419774,41.801504629629775,38.63368055555569
,,,,,,106.81076388888927,47.58622685185202,45.52025462962979,56.81423611111131,41.801504629629775,38.22048611111125
,,,,,,106.98292824074112,61.87586805555578,45.52025462962979,56.40104166666687,41.801504629629775,37.8072916666668
,,,,,,106.94849537037075,61.40528549382738,45.55468750000016,55.29918981481501,41.801504629629775,37.394097222222356
,,,,,,106.94849537037075,60.992091049382935,45.48582175925942,54.679398148148344,41.801504629629775,36.98090277777791
,,,,,,106.94849537037075,60.578896604938485,45.52025462962979,38.49594907407421,41.801504629629775,36.567708333333464
,,,,,,106.94849537037075,60.16570216049404,45.52025462962979,37.48591820987668,41.801504629629775,36.15451388888902
,,,,,,106.92094907407444,59.69282407407428,45.65798611111127,61.910300925926144,41.801504629629775,34.501736111111235
,,,,,,106.94849537037075,55.02372685185205,45.65798611111127,61.4971064814817,41.801504629629775,33.950810185185304
,,,,,,106.97604166666706,46.153819444444615,45.65798611111127,60.67071759259281,41.93923611111126,68.79687500000024
,,,,,,106.81076388888927,45.8645833333335,45.692418981481644,54.36950231481501,41.93923611111126,68.3836805555558
,,,,,,107.08622685185223,54.610532407407604,45.65798611111127,44.556134259259416,41.93923611111126,67.97048611111136
,,,,,,107.08622685185223,54.197337962963154,45.65798611111127,44.14293981481497,41.93923611111126,67.55729166666691
,,,,,,107.08622685185223,53.78414351851871,45.65798611111127,43.31655092592608,41.93923611111126,67.14409722222246
,,,,,,107.08622685185223,53.37094907407426,45.685532407407564,42.79317129629644,41.93923611111126,66.73090277777801
,,,,,,107.08622685185223,52.95775462962982,45.79571759259276,64.80266203703727,41.93923611111126,66.31770833333357
,,,,,,107.08622685185223,52.544560185185375,45.79571759259276,64.38946759259282,41.93923611111126,65.90451388888913
,,,,,,107.08622685185223,52.131365740740925,45.79571759259276,63.97627314814837,41.93923611111126,65.49131944444467
,,,,,,107.08622685185223,51.71817129629648,45.79571759259276,58.12268518518539,41.93923611111126,64.66493055555578
,,,,,,107.08622685185223,48.41261574074091,45.823263888889045,55.98784722222242,41.90480324074089,64.1828703703706
,,,,,,107.08622685185223,47.99942129629647,45.79571759259276,43.72974537037052,41.93923611111126,45.65798611111127
,,,,,,107.08622685185223,47.173032407407575,45.65798611111127,42.076967592592744,41.93923611111126,45.24479166666683
,,,,,,107.08622685185223,46.75983796296313,45.79571759259276,41.61786265432114,41.93923611111126,44.831597222222385
,,,,,,107.22395833333371,47.58622685185202,45.79571759259276,41.20466820987669,41.93923611111126,44.418402777777935
,,,,,,107.3616898148152,62.00212191358047,45.79571759259276,40.791473765432244,41.93923611111126,44.00520833333349
,,,,,,107.3616898148152,61.588927469136024,45.823263888889045,38.096527777777915,41.93923611111126,43.59201388888904
,,,,,,107.3616898148152,61.175733024691574,45.79571759259276,67.41956018518542,41.93923611111126,43.1788194444446
,,,,,,107.3616898148152,60.76253858024713,45.79571759259276,67.00636574074097,41.93923611111126,42.76562500000015
,,,,,,107.3616898148152,60.34934413580268,45.93344907407424,63.56307870370393,41.93923611111126,42.352430555555706
,,,,,,107.3616898148152,59.93614969135824,45.93344907407424,63.14988425925949,41.93923611111126,41.93923611111126
,,,,,,107.3616898148152,59.591820987654536,45.93344907407424,62.73668981481504,41.93923611111126,41.52604166666681
,,,,,,107.38923611111152,54.96863425925946,45.93344907407424,62.323495370370594,41.93923611111126,41.11284722222237
,,,,,,107.39612268518556,46.27777777777794,45.93344907407424,61.08391203703725,41.93923611111126,40.69965277777792
,,,,,,107.29282407407446,45.967881944444606,45.93344907407424,59.844328703703916,41.93923611111126,39.87326388888903
,,,,,,107.53385416666706,54.36950231481501,45.93344907407424,59.43113425925947,41.93923611111126,39.460069444444585
,,,,,,107.49942129629667,53.875964506173034,45.93344907407424,59.01793981481502,41.93923611111126,39.04687500000014
,,,,,,107.49942129629667,53.462770061728584,45.93344907407424,58.60474537037058,41.93923611111126,35.74131944444457
,,,,,,107.49942129629667,53.04957561728414,45.96099537037053,57.14479166666686,41.93923611111126,35.32812500000013
,,,,,,107.49942129629667,52.63638117283969,45.93344907407424,56.58468364197551,41.93923611111126,34.91493055555568
,,,,,,107.49942129629667,52.24614197530883,45.967881944444606,55.4369212962965,42.076967592592744,63.861496913580474
,,,,,,107.49942129629667,51.85590277777796,45.93344907407424,54.931905864197724,42.214699074074225,65.07812500000023
,,,,,,107.49942129629667,48.41261574074091,45.93344907407424,38.67959104938285,42.24913194444459,63.56307870370393
,,,,,,107.49942129629667,47.99942129629647,46.07118055555572,61.910300925926144,42.214699074074225,40.28645833333348
,,,,,,107.49942129629667,47.173032407407575,46.07118055555572,61.4971064814817,42.214699074074225,38.63368055555569
,,,,,,107.49942129629667,46.75983796296313,46.07118055555572,60.56053240740762,42.214699074074225,38.22048611111125
,,,,,,107.63715277777816,47.58622685185202,46.07118055555572,57.77835648148169,42.214699074074225,37.8072916666668
,,,,,,107.63715277777816,60.94618055555577,46.07118055555572,54.47280092592612,42.214699074074225,37.394097222222356
,,,,,,107.7060185185189,60.39525462962985,46.07118055555572,54.05960648148167,42.214699074074225,36.98090277777791
,,,,,,107.77488425925964,60.02797067901256,46.07118055555572,44.556134259259416,42.214699074074225,36.567708333333464
,,,,,,107.77488425925964,59.66068672839528,46.07118055555572,44.14293981481497,42.214699074074225,36.15451388888902
,,,,,,107.77488425925964,55.02372685185205,46.07118055555572,43.31655092592608,42.214699074074225,34.501736111111235
,,,,,,107.63715277777816,46.41550925925942,46.07118055555572,42.79317129629644,42.214699074074225,34.088541666666785
,,,,,,107.9470486111115,58.9318576388891,46.10561342592609,36.94646990740754,42.18026620370385,33.6064814814816
,,,,,,107.91261574074112,54.610532407407604,46.07118055555572,36.47588734567914,42.352430555555706,68.79687500000024
,,,,,,107.91261574074112,54.197337962963154,46.00231481481498,36.15451388888902,42.352430555555706,68.3836805555558
,,,,,,107.91261574074112,53.78414351851871,46.00231481481498,35.74131944444457,42.352430555555706,67.97048611111136
,,,,,,107.91261574074112,53.37094907407426,46.00231481481498,35.39699074074087,42.352430555555706,67.55729166666691
,,,,,,107.9470486111115,52.88888888888908,46.2089120370372,64.80266203703727,42.352430555555706,67.14409722222246
,,,,,,107.84375000000038,52.57899305555574,46.2089120370372,64.38946759259282,42.352430555555706,66.73090277777801
,,,,,,107.91261574074112,48.32079475308659,46.2089120370372,63.97627314814837,42.352430555555706,66.31770833333357
,,,,,,107.91261574074112,47.907600308642145,46.07118055555572,60.257523148148366,42.352430555555706,65.90451388888913
,,,,,,107.94016203703744,47.25567129629647,46.2089120370372,58.19155092592613,42.352430555555706,65.49131944444467
,,,,,,108.22251157407446,54.92042824074093,46.2089120370372,56.1255787037039,42.352430555555706,64.66493055555578
,,,,,,108.32581018518557,59.12123842592614,46.2089120370372,43.72974537037052,42.352430555555706,64.25173611111134
,,,,,,108.32581018518557,58.8113425925928,46.2089120370372,41.57195216049397,42.352430555555706,62.94328703703726
,,,,,,108.36024305555594,54.266203703703894,46.07118055555572,41.11284722222237,42.352430555555706,45.65798611111127
,,,,,,108.32581018518557,53.78414351851871,46.14004629629646,40.56192129629644,42.352430555555706,45.24479166666683
,,,,,,108.32581018518557,53.37094907407426,46.2089120370372,40.194637345679155,42.352430555555706,44.831597222222385
,,,,,,108.32581018518557,52.9807098765434,46.17447916666683,39.73553240740755,42.352430555555706,44.418402777777935
,,,,,,108.25694444444483,52.71672453703722,46.2089120370372,39.01244212962977,42.352430555555706,44.00520833333349
,,,,,,108.32581018518557,48.36670524691375,46.18136574074091,38.15162037037051,42.352430555555706,43.59201388888904
,,,,,,108.32581018518557,47.9535108024693,46.34664351851868,63.56307870370393,42.352430555555706,43.1788194444446
,,,,,,108.32581018518557,47.54031635802486,46.34664351851868,63.14988425925949,42.352430555555706,42.76562500000015
,,,,,,108.32581018518557,47.15007716049399,46.34664351851868,62.73668981481504,42.352430555555706,42.352430555555706
,,,,,,108.6357060185189,55.26475694444464,46.34664351851868,62.323495370370594,42.352430555555706,41.93923611111126
,,,,,,108.60127314814854,54.79417438271624,46.34664351851868,61.08391203703725,42.352430555555706,41.52604166666681
,,,,,,108.76655092592632,59.155671296296504,46.34664351851868,59.79841820987676,42.352430555555706,41.11284722222237
,,,,,,108.73900462963002,58.70804398148169,46.34664351851868,59.38522376543231,42.352430555555706,40.69965277777792
,,,,,,108.77343750000038,54.266203703703894,46.34664351851868,58.972029320987865,42.352430555555706,39.87326388888903
,,,,,,108.73900462963002,53.78414351851871,46.34664351851868,58.558834876543415,42.352430555555706,39.460069444444585
,,,,,,108.73900462963002,53.37094907407426,46.381076388889056,57.39959490740761,42.352430555555706,39.04687500000014
,,,,,,108.70457175925965,52.940538194444635,46.34664351851868,56.906057098765636,42.352430555555706,35.74131944444457
,,,,,,108.73900462963002,48.27488425925943,46.34664351851868,56.492862654321186,42.352430555555706,35.32812500000013
,,,,,,108.73900462963002,47.86168981481499,46.381076388889056,55.746817129629825,42.352430555555706,34.91493055555568
,,,,,,108.77343750000038,47.3796296296298,46.34664351851868,55.25327932098785,42.352430555555706,33.2621527777779
,,,,,,108.67013888888927,47.104166666666835,46.34664351851868,54.84008487654341,42.352430555555706,32.71122685185197
,,,,,,109.01446759259298,61.910300925926144,46.34664351851868,53.25617283950636,42.62789351851867,65.07812500000023
,,,,,,109.01446759259298,61.4971064814817,46.48437500000016,61.910300925926144,42.62789351851867,63.83854166666689
,,,,,,109.01446759259298,61.08391203703725,46.48437500000016,61.4971064814817,42.62789351851867,63.42534722222245
,,,,,,109.01446759259298,60.67071759259281,46.48437500000016,60.69367283950639,42.62789351851867,62.6678240740743
,,,,,,109.01446759259298,60.257523148148366,46.51880787037054,57.8816550925928,42.62789351851867,40.28645833333348
,,,,,,109.01446759259298,59.844328703703916,46.51880787037054,54.47280092592612,42.62789351851867,38.63368055555569
,,,,,,109.01446759259298,58.19155092592613,46.48437500000016,54.013695987654515,42.62789351851867,38.22048611111125
,,,,,,109.01446759259298,57.77835648148169,46.48437500000016,44.52170138888905,42.62789351851867,37.8072916666668
,,,,,,109.01446759259298,57.365162037037244,46.48437500000016,44.05111882716065,42.62789351851867,37.394097222222356
,,,,,,109.01446759259298,56.951967592592794,46.48437500000016,43.282118055555706,42.62789351851867,36.98090277777791
,,,,,,109.01446759259298,56.53877314814835,46.48437500000016,42.811535493827314,42.62789351851867,36.567708333333464
,,,,,,109.01446759259298,56.1255787037039,46.48437500000016,39.41415895061743,42.62789351851867,36.15451388888902
,,,,,,109.01446759259298,55.71238425925946,46.51880787037054,38.668113425926066,42.62789351851867,34.501736111111235
,,,,,,109.01446759259298,55.29918981481501,46.51880787037054,37.84172453703717,42.62789351851867,34.088541666666785
,,,,,,109.01446759259298,54.885995370370566,46.48437500000016,37.34818672839519,42.62789351851867,33.67534722222234
,,,,,,109.18663194444483,62.35792824074096,46.48437500000016,36.93499228395075,42.76562500000015,68.79687500000024
,,,,,,109.18663194444483,59.46556712962984,46.45682870370387,36.44375000000013,42.76562500000015,68.3836805555558
,,,,,,109.15219907407446,58.972029320987865,46.622106481481644,64.80266203703727,42.76562500000015,67.97048611111136
,,,,,,109.15219907407446,58.558834876543415,46.622106481481644,64.38946759259282,42.76562500000015,67.55729166666691
,,,,,,109.18663194444483,54.54166666666686,46.622106481481644,63.97627314814837,42.76562500000015,67.14409722222246
,,,,,,109.15219907407446,54.013695987654515,46.622106481481644,42.30078125000015,42.76562500000015,66.73090277777801
,,,,,,109.15219907407446,53.62345679012365,46.64965277777794,41.636226851852,42.76562500000015,66.31770833333357
,,,,,,109.08333333333373,53.0954861111113,46.65653935185202,40.252025462963104,42.76562500000015,65.90451388888913
,,,,,,109.08333333333373,48.34375000000017,46.553240740740904,39.87326388888903,42.76562500000015,65.49131944444467
,,,,,,109.01446759259298,47.86168981481499,46.66801697530881,39.0927854938273,42.76562500000015,64.66493055555578
,,,,,,109.01446759259298,47.51736111111128,46.622106481481644,38.22048611111125,42.76562500000015,64.25173611111134
,,,,,,109.01446759259298,47.173032407407575,46.75983796296313,63.56307870370393,42.76562500000015,63.012152777778
,,,,,,109.45520833333374,61.77256944444466,46.75983796296313,63.14988425925949,42.76562500000015,45.65798611111127
,,,,,,109.42766203703742,61.22164351851874,46.75983796296313,62.73668981481504,42.76562500000015,45.24479166666683
,,,,,,109.42766203703742,60.80844907407429,46.75983796296313,62.323495370370594,42.76562500000015,44.831597222222385
,,,,,,109.42766203703742,60.39525462962985,46.7942708333335,61.01504629629651,42.76562500000015,44.418402777777935
,,,,,,109.42766203703742,59.9820601851854,46.690972222222385,59.637731481481694,42.76562500000015,44.00520833333349
,,,,,,109.45520833333374,58.05381944444465,46.690972222222385,59.224537037037244,42.76562500000015,43.59201388888904
,,,,,,109.42766203703742,57.502893518518725,46.75983796296313,58.834297839506384,42.76562500000015,43.1788194444446
,,,,,,109.42766203703742,57.089699074074275,46.75983796296313,58.421103395061934,42.76562500000015,42.76562500000015
,,,,,,109.42766203703742,56.67650462962983,46.75983796296313,57.26186342592613,42.76562500000015,42.352430555555706
,,,,,,109.35879629629669,56.26331018518538,46.75983796296313,56.768325617284155,42.76562500000015,41.93923611111126
,,,,,,109.42766203703742,55.85011574074094,46.75983796296313,56.355131172839705,42.76562500000015,41.52604166666681
,,,,,,109.42766203703742,55.52874228395081,46.75983796296313,55.94193672839526,42.76562500000015,41.11284722222237
,,,,,,109.28993055555594,55.23032407407427,46.75983796296313,55.52874228395081,42.76562500000015,40.69965277777792
,,,,,,109.42766203703742,46.75983796296313,46.75983796296313,55.11554783950637,42.76562500000015,39.87326388888903
,,,,,,109.59293981481522,63.14988425925949,46.7942708333335,53.23321759259278,42.76562500000015,39.460069444444585
,,,,,,109.5653935185189,62.598958333333556,46.75983796296313,51.02951388888907,42.76562500000015,39.04687500000014
,,,,,,109.5653935185189,62.254629629629854,46.75983796296313,50.68518518518537,42.76562500000015,35.74131944444457
,,,,,,109.59982638888928,59.5172164351854,46.72540509259276,49.721064814814994,42.76562500000015,35.32812500000013
,,,,,,109.5653935185189,58.94907407407428,46.78738425925942,43.78483796296312,42.76562500000015,34.91493055555568
,,,,,,109.5653935185189,58.53587962962984,46.89756944444461,61.910300925926144,42.76562500000015,33.2621527777779
,,,,,,109.86840277777819,61.82766203703725,46.89756944444461,61.4971064814817,42.76562500000015,32.71122685185197
,,,,,,109.84085648148186,61.2675540123459,46.75983796296313,60.73958333333355,43.04108796296312,65.07812500000023
,,,,,,109.84085648148186,60.85435956790145,46.92511574074091,57.86099537037058,43.04108796296312,63.83854166666689
,,,,,,109.84085648148186,60.441165123457004,46.92511574074091,54.55543981481502,43.04108796296312,63.42534722222245
,,,,,,109.84085648148186,60.02797067901256,46.86313657407424,53.99074074074093,43.04108796296312,62.6678240740743
,,,,,,109.86840277777819,58.108912037037236,46.75983796296313,47.3796296296298,43.06863425925941,40.341550925926065
,,,,,,109.84085648148186,57.54880401234588,46.89756944444461,44.418402777777935,43.06863425925941,38.688773148148286
,,,,,,109.84085648148186,57.13560956790144,46.89756944444461,43.1788194444446,43.04108796296312,38.128665123456926
,,,,,,109.84085648148186,56.81423611111131,46.89756944444461,42.76562500000015,43.04108796296312,37.715470679012476
,,,,,,109.84085648148186,46.75983796296313,46.92511574074091,41.30567129629644,43.04108796296312,37.30227623456803
,,,,,,109.97858796296336,63.28761574074097,46.82870370370387,37.256365740740875,43.04108796296312,36.88908179012359
,,,,,,109.97858796296336,62.87442129629652,46.89756944444461,36.774305555555685,43.04108796296312,36.47588734567914
,,,,,,109.97858796296336,62.461226851852075,46.75983796296313,36.49884259259272,43.04108796296312,36.0626929012347
,,,,,,109.97858796296336,59.568865740740954,46.966435185185354,64.80266203703727,43.06863425925941,34.55682870370382
,,,,,,109.97858796296336,59.155671296296504,46.966435185185354,64.38946759259282,43.04108796296312,33.99672067901247
,,,,,,109.97858796296336,58.74247685185206,46.966435185185354,63.97627314814837,43.04108796296312,33.58352623456802
,,,,,,110.25405092592632,62.082465277778,47.035300925926094,46.226128472222385,43.1788194444446,68.79687500000024
,,,,,,110.25405092592632,61.588927469136024,47.06973379629646,42.38686342592607,43.1788194444446,68.3836805555558
,,,,,,110.25405092592632,61.175733024691574,47.035300925926094,41.8933256172841,43.1788194444446,67.97048611111136
,,,,,,110.25405092592632,60.76253858024713,47.06973379629646,40.734085648148294,43.1788194444446,67.55729166666691
,,,,,,110.25405092592632,60.34934413580268,47.035300925926094,40.24054783950631,43.1788194444446,67.14409722222246
,,,,,,110.25405092592632,59.93614969135824,47.035300925926094,39.91917438271619,43.1788194444446,66.73090277777801
,,,,,,110.25405092592632,58.363715277777985,47.035300925926094,63.56307870370393,43.1788194444446,66.31770833333357
,,,,,,110.11631944444484,57.91608796296317,47.035300925926094,63.14988425925949,43.1788194444446,65.90451388888913
,,,,,,110.18518518518557,57.39959490740761,47.035300925926094,62.73668981481504,43.1788194444446,65.49131944444467
,,,,,,110.11631944444484,57.089699074074275,47.035300925926094,62.323495370370594,43.1788194444446,64.66493055555578
,,,,,,110.41932870370411,63.56307870370393,47.035300925926094,61.08391203703725,43.1788194444446,64.25173611111134
,,,,,,110.3917824074078,63.012152777778,47.035300925926094,57.227430555555756,43.1788194444446,63.012152777778
,,,,,,110.3917824074078,62.598958333333556,47.173032407407575,56.67650462962983,43.1788194444446,45.52025462962979
,,,,,,110.41932870370411,59.43113425925947,47.173032407407575,56.26331018518538,43.1788194444446,45.015239197531024
,,,,,,110.3917824074078,58.88020833333354,47.173032407407575,55.85011574074094,43.1788194444446,44.60204475308658
,,,,,,110.55706018518559,49.321643518518705,47.173032407407575,55.4369212962965,43.1788194444446,44.18885030864213
,,,,,,110.66724537037076,64.28616898148171,47.173032407407575,55.02372685185205,43.1788194444446,43.77565586419769
,,,,,,110.66724537037076,62.22019675925948,47.20057870370387,53.50868055555575,43.1788194444446,43.36246141975324
,,,,,,110.66724537037076,61.726658950617505,47.173032407407575,53.003665123456976,43.1788194444446,42.949266975308795
,,,,,,110.66724537037076,61.313464506173055,47.20057870370387,49.73483796296315,43.1788194444446,42.536072530864345
,,,,,,110.66724537037076,60.90027006172861,47.12712191358042,44.05111882716065,43.1788194444446,42.1228780864199
,,,,,,110.66724537037076,60.48707561728416,47.173032407407575,43.546103395061884,43.1788194444446,41.70968364197546
,,,,,,110.66724537037076,60.07388117283972,47.34519675925943,54.610532407407604,43.1788194444446,41.29648919753101
,,,,,,110.66724537037076,58.55309606481502,47.310763888889056,54.10551697530883,43.1788194444446,40.88329475308657
,,,,,,110.70167824074113,48.8946759259261,47.310763888889056,49.10127314814832,43.213252314814966,39.70109953703718
,,,,,,110.83252314814855,63.70081018518541,47.33831018518535,48.49525462962981,43.1788194444446,39.23051697530878
,,,,,,110.80497685185225,63.14988425925949,47.27633101851869,47.79282407407425,43.213252314814966,35.569155092592716
,,,,,,110.80497685185225,62.73668981481504,47.33831018518535,43.04108796296312,43.1788194444446,35.098572530864324
,,,,,,110.83252314814855,59.568865740740954,47.33831018518535,41.38831018518533,43.213252314814966,33.089988425926045
,,,,,,110.80497685185225,59.01793981481502,47.44849537037054,47.44849537037054,43.1788194444446,32.66531635802481
,,,,,,110.97025462963003,64.6098379629632,47.44849537037054,46.11709104938288,43.45428240740756,65.07812500000023
,,,,,,110.97025462963003,49.459375000000186,47.310763888889056,44.349537037037194,43.45428240740756,63.83854166666689
,,,,,,111.08043981481521,62.323495370370594,47.44849537037054,42.31799768518533,43.45428240740756,63.42534722222245
,,,,,,111.08043981481521,61.910300925926144,47.44849537037054,41.93923611111126,43.45428240740756,62.6678240740743
,,,,,,111.08043981481521,61.4971064814817,47.44849537037054,40.665219907407554,43.488715277777935,40.320891203703844
,,,,,,111.08043981481521,61.08391203703725,47.44849537037054,40.194637345679155,43.488715277777935,38.668113425926066
,,,,,,111.08043981481521,60.67071759259281,47.44849537037054,39.94212962962977,43.45428240740756,38.174575617284084
,,,,,,111.08043981481521,60.257523148148366,47.61377314814831,65.84942129629654,43.45428240740756,37.76138117283964
,,,,,,110.94270833333373,58.74247685185206,47.58622685185202,65.42245370370394,43.45428240740756,37.34818672839519
,,,,,,111.08043981481521,48.8946759259261,47.58622685185202,56.53877314814835,43.45428240740756,36.93499228395075
,,,,,,111.21817129629669,63.97627314814837,47.58622685185202,56.1255787037039,43.45428240740756,36.521797839506306
,,,,,,111.21817129629669,63.56307870370393,47.58622685185202,55.71238425925946,43.45428240740756,36.108603395061856
,,,,,,111.21817129629669,63.14988425925949,47.58622685185202,55.29918981481501,43.488715277777935,34.5361689814816
,,,,,,111.21817129629669,62.73668981481504,47.58622685185202,53.64641203703723,43.45428240740756,34.04263117283963
,,,,,,111.21817129629669,59.844328703703916,47.58622685185202,53.23321759259278,43.45428240740756,33.629436728395184
,,,,,,111.14930555555596,59.46556712962984,47.58622685185202,52.82002314814834,43.59201388888904,68.79687500000024
,,,,,,111.39033564814855,64.7682291666669,47.62065972222239,49.89322916666684,43.59201388888904,68.3836805555558
,,,,,,111.35590277777817,64.2976466049385,47.58622685185202,49.42264660493845,43.59201388888904,67.97048611111136
,,,,,,111.28703703703744,49.652199074074254,47.58622685185202,47.12712191358042,43.59201388888904,67.55729166666691
,,,,,,111.30999228395102,49.14718364197548,47.723958333333506,54.885995370370566,43.59201388888904,67.14409722222246
,,,,,,111.52118055555597,62.323495370370594,47.723958333333506,54.47280092592612,43.59201388888904,66.73090277777801
,,,,,,111.49363425925965,61.77256944444466,47.723958333333506,54.05960648148167,43.59201388888904,66.31770833333357
,,,,,,111.49363425925965,61.35937500000022,47.75839120370387,48.99797453703721,43.59201388888904,65.90451388888913
,,,,,,111.49363425925965,60.94618055555577,47.723958333333506,48.504436728395234,43.59201388888904,65.49131944444467
,,,,,,111.49363425925965,60.53298611111133,47.723958333333506,48.09124228395079,43.59201388888904,64.66493055555578
,,,,,,111.49363425925965,60.14274691358046,47.723958333333506,47.67804783950634,43.59201388888904,64.25173611111134
,,,,,,111.63136574074113,63.63194444444467,47.65509259259276,43.10995370370386,43.59201388888904,63.012152777778
,,,,,,111.49363425925965,63.35648148148171,47.65509259259276,42.69675925925941,43.59201388888904,44.73977623456806
,,,,,,111.49363425925965,59.844328703703916,47.75150462962979,41.58113425925941,43.59201388888904,44.32658179012361
,,,,,,111.803530092593,65.80121527777801,47.723958333333506,41.02102623456805,43.59201388888904,43.91338734567917
,,,,,,111.76909722222261,65.30767746913604,47.75150462962979,37.66956018518532,43.59201388888904,43.50019290123472
,,,,,,111.76909722222261,64.8944830246916,47.896122685185354,46.7942708333335,43.59201388888904,43.086998456790276
,,,,,,111.76909722222261,64.48128858024714,47.834143518518694,46.222685185185355,43.59201388888904,42.67380401234583
,,,,,,111.76909722222261,64.0680941358027,47.86168981481499,42.16878858024706,43.59201388888904,42.26060956790138
,,,,,,111.90682870370411,66.2717978395064,47.896122685185354,40.59635416666681,43.59201388888904,41.84741512345694
,,,,,,111.90682870370411,62.23167438271627,47.834143518518694,40.010995370370516,43.59201388888904,41.43422067901249
,,,,,,111.83796296296336,61.841435185185404,47.82725694444461,37.01533564814828,43.59201388888904,41.02102623456805
,,,,,,111.94126157407447,61.39380787037059,47.99942129629647,66.04224537037061,43.59201388888904,40.63078703703718
,,,,,,111.76909722222261,61.15277777777799,47.99942129629647,65.49131944444467,43.626446759259416,39.87326388888903
,,,,,,111.76909722222261,60.39525462962985,47.99942129629647,56.53877314814835,43.59201388888904,39.36824845679026
,,,,,,112.04456018518559,63.792631172839734,47.99942129629647,56.1255787037039,43.59201388888904,38.978009259259395
,,,,,,112.18229166666707,66.54726080246937,47.99942129629647,55.71238425925946,43.626446759259416,35.74131944444457
,,,,,,112.21672453703744,65.80121527777801,47.99942129629647,55.29918981481501,43.59201388888904,35.236304012345805
,,,,,,112.18229166666707,65.30767746913604,47.99942129629647,53.64641203703723,43.59201388888904,34.84606481481494
,,,,,,112.18229166666707,64.8944830246916,47.99942129629647,53.23321759259278,43.626446759259416,33.2621527777779
,,,,,,112.18229166666707,64.47554976851875,47.99942129629647,52.82002314814834,43.557581018518675,32.71122685185197
,,,,,,112.04456018518559,64.11400462962986,47.99942129629647,49.973572530864374,43.86747685185201,65.07812500000023
,,,,,,112.3659336419757,66.13406635802492,47.99942129629647,49.56037808641993,43.86747685185201,63.83854166666689
,,,,,,112.2511574074078,61.46267361111133,48.033854166666835,47.27633101851869,43.86747685185201,63.42534722222245
,,,,,,112.48530092592634,50.327083333333505,48.02696759259276,38.165393518518655,43.86747685185201,62.6678240740743
,,,,,,112.59548611111151,65.49131944444467,47.99942129629647,36.72839506172853,43.86747685185201,38.49594907407421
,,,,,,112.59548611111151,65.14699074074097,48.13715277777795,54.885995370370566,43.86747685185201,38.08275462962977
,,,,,,112.59548611111151,50.89178240740759,48.13715277777795,54.47280092592612,43.86747685185201,37.66956018518532
,,,,,,112.733217592593,66.31770833333357,48.13715277777795,54.05960648148167,43.86747685185201,37.256365740740875
,,,,,,112.733217592593,65.90451388888913,48.171585648148316,49.06684027777795,43.86747685185201,36.843171296296426
,,,,,,112.77912808642016,50.386766975308824,48.13715277777795,48.59625771604956,43.86747685185201,36.42997685185198
,,,,,,113.03622685185228,65.42245370370394,48.13715277777795,48.18306327160511,43.86747685185201,34.364004629629754
,,,,,,112.87094907407447,65.14699074074097,48.13715277777795,47.769868827160664,43.86747685185201,33.950810185185304
,,,,,,112.87094907407447,50.89178240740759,48.16469907407424,41.663773148148294,44.00520833333349,68.79687500000024
,,,,,,113.17395833333376,66.26261574074098,48.13715277777795,41.11284722222237,44.00520833333349,68.3836805555558
,,,,,,113.14641203703744,65.76678240740765,48.171585648148316,37.497395833333464,44.00520833333349,67.97048611111136
,,,,,,113.3209862983,52.2140046296298,48.309317129629804,40.69965277777792,44.00520833333349,67.55729166666691
,,,,,,113.6625246789,61.4971064814817,48.27488425925943,40.194637345679155,44.00520833333349,67.14409722222246
,,,,,,113.8917648999,51.1672453703705,48.27488425925943,39.89621913580261,44.00520833333349,66.73090277777801
,,,,,,113.9463429637,52.045283564815,48.27488425925943,37.02681327160507,44.00520833333349,66.31770833333357
,,,,,,113.9974055397,58.5588348765434,48.34375000000017,65.97337962962986,44.00520833333349,65.90451388888913
,,,,,,114.1570172437,51.6722608024693,48.32079475308659,65.51427469135825,44.00520833333349,65.49131944444467
,,,,,,114.1570896338,58.7975694444446,48.34375000000017,56.46990740740761,44.00520833333349,64.66493055555578
,,,,,,,,48.34375000000017,56.05671296296316,44.00520833333349,64.25173611111134
,,,,,,,,48.34375000000017,55.64351851851872,44.00520833333349,63.012152777778
,,,,,,,,48.34375000000017,55.23032407407427,44.00520833333349,44.64795524691374
,,,,,,,,48.440162037037204,53.64641203703723,44.00520833333349,44.234760802469296
,,,,,,114.52372685185226,52.40682870370389,48.41261574074091,53.0954861111113,44.00520833333349,43.821566358024846
,,,,,,114.52372685185226,51.993634259259444,48.41261574074091,52.728202160494014,44.00520833333349,43.4083719135804
,,,,,,114.52372685185226,51.580439814815,48.440162037037204,50.01030092592611,44.00520833333349,42.99517746913595
,,,,,,114.9369212962967,52.544560185185375,48.41261574074091,49.46855709876561,44.00520833333349,42.58198302469151
,,,,,,114.9369212962967,52.131365740740925,48.440162037037204,47.173032407407575,44.00520833333349,42.16878858024706
,,,,,,114.9369212962967,51.580439814815,48.41261574074091,38.35821759259273,44.00520833333349,41.75559413580262
,,,,,,115.35011574074115,52.544560185185375,48.41261574074091,37.94502314814828,44.00520833333349,41.342399691358175
,,,,,,115.35011574074115,52.131365740740925,48.41261574074091,36.65952932098779,44.00520833333349,40.929205246913725
,,,,,,115.35011574074115,51.71817129629648,48.41261574074091,54.885995370370566,44.00520833333349,40.51601080246928
,,,,,,115.35011574074115,51.37384259259277,48.41261574074091,54.197337962963154,44.00520833333349,40.10281635802483
,,,,,,115.79774305555597,52.64785879629648,48.584780092592766,51.89033564814833,44.00520833333349,39.68962191358039
,,,,,,115.7633101851856,52.17727623456808,48.584780092592766,48.99797453703721,44.00520833333349,39.27642746913594
,,,,,,115.7633101851856,51.76408179012364,48.55034722222239,48.504436728395234,44.00520833333349,38.863233024691496
,,,,,,115.7633101851856,51.3508873456792,48.55034722222239,48.09124228395079,44.03964120370386,36.05121527777791
,,,,,,115.93547453703745,50.926215277777956,48.55034722222239,47.67804783950634,44.00520833333349,35.55767746913593
,,,,,,115.90104166666708,50.43267746913598,48.55034722222239,41.75559413580262,44.00520833333349,35.14448302469148
,,,,,,115.90104166666708,50.111304012345855,48.55034722222239,41.342399691358175,44.00520833333349,34.73128858024704
,,,,,,116.20405092592635,52.82002314814834,48.584780092592766,37.53182870370384,44.03964120370386,33.57204861111123
,,,,,,116.17650462963005,52.269097222222406,48.72251157407425,52.37239583333352,44.00520833333349,33.032600308642095
,,,,,,116.17650462963005,51.85590277777796,48.72251157407425,51.44270833333351,44.00520833333349,32.66531635802481
,,,,,,116.17650462963005,51.44270833333351,48.68807870370388,50.93769290123475,44.280671296296454,65.07812500000023
,,,,,,116.20405092592635,44.280671296296454,48.68807870370388,50.524498456790305,44.280671296296454,63.83854166666689
,,,,,,116.14207175925968,43.695312500000156,48.715625000000166,46.53946759259276,44.280671296296454,63.42534722222245
,,,,,,116.34178240740783,50.836689814815,48.72251157407425,40.97511574074089,44.280671296296454,62.598958333333556
,,,,,,116.31423611111153,50.2949459876545,48.68807870370388,40.47010030864212,44.280671296296454,38.35821759259273
,,,,,,116.31423611111153,49.88175154321005,48.68807870370388,40.056905864197674,44.280671296296454,37.94502314814828
,,,,,,116.31423611111153,49.46855709876561,48.68807870370388,39.75848765432113,44.280671296296454,37.53182870370384
,,,,,,116.17650462963005,49.307870370370544,48.68807870370388,36.912037037037166,44.280671296296454,37.118634259259395
,,,,,,116.3486689814819,44.900462962963125,48.82581018518536,53.78414351851871,44.280671296296454,36.705439814814945
,,,,,,116.45196759259301,53.531635802469324,48.82581018518536,53.37094907407426,44.280671296296454,34.22627314814827
,,,,,,116.45196759259301,43.5231481481483,48.82581018518536,52.95775462962982,44.418402777777935,68.79687500000024
,,,,,,116.58969907407449,53.04957561728414,48.82581018518536,50.0653935185187,44.418402777777935,68.3836805555558
,,,,,,116.58969907407449,52.63638117283969,48.82581018518536,49.652199074074254,44.418402777777935,67.97048611111136
,,,,,,116.58969907407449,52.22318672839525,48.82581018518536,47.173032407407575,44.418402777777935,67.55729166666691
,,,,,,116.58969907407449,51.8099922839508,48.82581018518536,46.2089120370372,44.418402777777935,67.14409722222246
,,,,,,116.58969907407449,51.396797839506355,48.82581018518536,38.22048611111125,44.418402777777935,66.73090277777801
,,,,,,116.58969907407449,44.31510416666682,48.99797453703721,49.27343750000018,44.349537037037194,66.31770833333357
,,,,,,116.45196759259301,43.86747685185201,48.96354166666684,48.779899691358196,44.280671296296454,65.90451388888913
,,,,,,116.76186342592634,51.02951388888907,48.96354166666684,48.36670524691375,44.280671296296454,65.49131944444467
,,,,,,116.72743055555597,50.524498456790305,48.96354166666684,47.9535108024693,44.45283564814831,64.69936342592615
,,,,,,116.72743055555597,50.111304012345855,48.96354166666684,47.54031635802486,44.418402777777935,64.20582561728418
,,,,,,116.6929976851856,49.66941550925944,48.96354166666684,41.61786265432114,44.45283564814831,63.04658564814837
,,,,,,116.75497685185228,45.286111111111275,48.99797453703721,37.84172453703717,44.418402777777935,44.556134259259416
,,,,,,116.58969907407449,44.831597222222385,48.8946759259261,37.394097222222356,44.418402777777935,44.14293981481497
,,,,,,117.00289351851893,53.669367283950805,49.128819444444616,52.599652777777955,44.418402777777935,43.72974537037052
,,,,,,117.03043981481525,52.95775462962982,49.10127314814832,52.0395447530866,44.418402777777935,43.31655092592608
,,,,,,117.00289351851893,52.40682870370389,49.10127314814832,51.62635030864216,44.418402777777935,42.90335648148164
,,,,,,117.00289351851893,51.993634259259444,49.10127314814832,51.21315586419771,44.418402777777935,42.49016203703719
,,,,,,117.00289351851893,51.580439814815,49.10127314814832,50.79996141975327,44.418402777777935,42.076967592592744
,,,,,,117.16817129629673,50.974421296296484,49.10127314814832,50.386766975308824,44.418402777777935,41.663773148148294
,,,,,,117.14062500000041,50.43267746913598,49.128819444444616,46.81493055555572,44.418402777777935,41.25057870370385
,,,,,,117.14062500000041,50.0653935185187,49.13570601851869,41.25057870370385,44.418402777777935,40.8373842592594
,,,,,,117.00289351851893,49.858796296296475,49.10127314814832,40.745563271605086,44.418402777777935,40.42418981481496
,,,,,,117.1750578703708,45.623553240740904,49.10127314814832,40.332368827160636,44.418402777777935,40.010995370370516
,,,,,,117.14062500000041,45.152970679012505,49.10127314814832,39.96508487654335,44.418402777777935,39.597800925926066
,,,,,,117.14062500000041,44.78568672839522,48.96354166666684,37.04976851851865,44.418402777777935,39.18460648148162
,,,,,,117.41608796296337,53.55459104938291,49.239004629629804,53.64641203703723,44.418402777777935,38.77141203703717
,,,,,,117.41608796296337,53.14139660493846,49.239004629629804,53.23321759259278,44.418402777777935,36.2922453703705
,,,,,,117.41608796296337,52.728202160494014,49.239004629629804,49.927662037037216,44.418402777777935,35.87905092592605
,,,,,,117.41608796296337,52.31500771604957,49.239004629629804,46.25482253086436,44.418402777777935,35.46585648148161
,,,,,,117.41608796296337,51.90181327160512,49.239004629629804,39.460069444444585,44.418402777777935,35.05266203703716
,,,,,,117.41608796296337,51.48861882716068,49.376736111111285,49.514467592592766,44.418402777777935,34.639467592592716
,,,,,,117.58825231481524,50.9950810185187,49.376736111111285,49.10127314814832,44.418402777777935,33.761429398148266
,,,,,,117.55381944444485,50.524498456790305,49.376736111111285,48.68807870370388,44.280671296296454,33.46875000000012
,,,,,,117.52627314814855,50.05162037037054,49.376736111111285,48.27488425925943,44.280671296296454,32.71122685185197
,,,,,,117.58825231481524,45.623553240740904,49.376736111111285,47.86168981481499,44.72141203703719,63.70081018518541
,,,,,,117.55381944444485,45.12427662037053,49.376736111111285,47.44849537037054,44.6938657407409,62.58174189814837
,,,,,,117.41608796296337,44.900462962963125,49.40428240740758,38.027662037037175,44.72141203703719,38.41331018518532
,,,,,,117.82928240740783,53.18730709876562,49.239004629629804,37.73842592592606,44.6938657407409,37.853202160493964
,,,,,,117.82928240740783,52.77411265432117,49.54890046296314,52.854456018518704,44.6938657407409,37.440007716049514
,,,,,,117.82928240740783,52.36091820987673,49.514467592592766,52.36091820987673,44.6938657407409,37.02681327160507
,,,,,,117.82928240740783,51.947723765432286,49.514467592592766,51.947723765432286,44.6938657407409,36.61361882716062
,,,,,,117.82928240740783,51.534529320987836,49.514467592592766,51.534529320987836,44.72141203703719,34.28136574074086
,,,,,,118.00144675925968,51.09837962962981,49.514467592592766,51.12133487654339,44.831597222222385,68.79687500000024
,,,,,,117.96701388888931,50.61631944444463,49.514467592592766,50.70814043209894,44.831597222222385,68.3836805555558
,,,,,,117.96701388888931,50.22608024691376,49.514467592592766,50.2949459876545,44.831597222222385,67.97048611111136
,,,,,,117.89814814814856,49.96209490740758,49.54890046296314,47.06973379629646,44.831597222222385,67.55729166666691
,,,,,,117.96701388888931,45.703896604938436,49.514467592592766,46.576195987654486,44.85914351851867,67.03391203703727
,,,,,,117.96701388888931,45.31365740740757,49.54201388888906,41.47094907407423,44.6938657407409,66.79976851851876
,,,,,,117.96701388888931,44.99228395061744,49.514467592592766,40.929205246913725,44.831597222222385,64.71084104938295
,,,,,,118.24247685185227,52.865933641975495,49.514467592592766,40.51601080246928,44.831597222222385,64.2976466049385
,,,,,,118.24247685185227,52.45273919753105,49.514467592592766,40.10281635802483,44.86603009259275,63.16710069444467
,,,,,,118.24247685185227,52.0395447530866,49.376736111111285,39.94212962962977,44.831597222222385,61.08391203703725
,,,,,,118.24247685185227,51.62635030864216,49.583333333333506,53.57754629629649,44.831597222222385,60.67071759259281
,,,,,,118.31134259259301,51.23611111111129,49.514467592592766,53.23321759259278,44.831597222222385,60.257523148148366
,,,,,,118.24247685185227,50.75405092592611,49.652199074074254,49.88175154321005,44.831597222222385,59.844328703703916
,,,,,,118.31134259259301,50.20312500000018,49.68663194444462,46.10561342592609,44.831597222222385,44.418402777777935
,,,,,,118.38020833333375,49.96209490740758,49.652199074074254,39.597800925926066,44.831597222222385,44.00520833333349
,,,,,,118.38020833333375,49.4800347222224,49.652199074074254,39.2075617283952,44.831597222222385,43.59201388888904
,,,,,,118.38020833333375,49.009452160494,49.81747685185203,49.321643518518705,44.831597222222385,43.1788194444446
,,,,,,118.38020833333375,48.59625771604956,49.789930555555735,48.779899691358196,44.831597222222385,42.76562500000015
,,,,,,118.41464120370412,47.637876157407575,49.789930555555735,48.36670524691375,44.831597222222385,42.352430555555706
,,,,,,118.41464120370412,45.623553240740904,49.789930555555735,47.9535108024693,44.831597222222385,41.93923611111126
,,,,,,118.31134259259301,45.279224537037194,49.789930555555735,47.54031635802486,44.831597222222385,41.52604166666681
,,,,,,118.38020833333375,44.969328703703866,49.81747685185203,38.22048611111125,44.831597222222385,41.11284722222237
,,,,,,118.5523726851856,48.033854166666835,49.789930555555735,37.8072916666668,44.831597222222385,40.69965277777792
,,,,,,118.5523726851856,47.104166666666835,49.927662037037216,52.31500771604957,44.831597222222385,40.28645833333348
,,,,,,118.51793981481524,46.11709104938288,49.927662037037216,51.90181327160512,44.831597222222385,39.87326388888903
,,,,,,118.69010416666708,46.622106481481644,49.927662037037216,51.48861882716068,44.831597222222385,39.460069444444585
,,,,,,118.7934027777782,49.789930555555735,49.927662037037216,51.07542438271623,44.831597222222385,39.04687500000014
,,,,,,118.7934027777782,49.376736111111285,49.927662037037216,50.662229938271786,44.831597222222385,36.15451388888902
,,,,,,118.7934027777782,48.96354166666684,49.927662037037216,50.249035493827336,44.831597222222385,35.74131944444457
,,,,,,118.7934027777782,48.55034722222239,49.927662037037216,47.08121141975325,44.831597222222385,35.32812500000013
,,,,,,118.7934027777782,45.65798611111127,49.789930555555735,46.622106481481644,44.831597222222385,34.91493055555568
,,,,,,118.7934027777782,45.24479166666683,49.95520833333351,41.60868055555571,44.900462962963125,61.979166666666885
,,,,,,118.75896990740783,44.76273148148164,49.927662037037216,41.066936728395206,44.969328703703866,61.451195987654536
,,,,,,118.93113425925968,48.13715277777795,49.927662037037216,40.65374228395076,45.00376157407423,59.53443287037058
,,,,,,118.93113425925968,47.723958333333506,49.927662037037216,40.24054783950631,45.10706018518535,63.83854166666689
,,,,,,118.93113425925968,47.310763888889056,49.927662037037216,39.82735339506187,45.10706018518535,38.63368055555569
,,,,,,118.93113425925968,46.07118055555572,49.96209490740758,38.77141203703717,45.10706018518535,38.22048611111125
,,,,,,118.93113425925968,44.418402777777935,50.09982638888906,49.89322916666684,45.10706018518535,37.8072916666668
,,,,,,118.958680555556,43.79861111111126,49.927662037037216,46.07118055555572,45.10706018518535,37.394097222222356
,,,,,,119.06886574074116,46.89756944444461,50.0653935185187,39.322337962963104,45.10706018518535,36.98090277777791
,,,,,,119.06886574074116,46.48437500000016,50.23067129629647,49.18391203703722,45.10706018518535,36.567708333333464
,,,,,,119.10329861111154,43.38541666666682,50.20312500000018,48.642168209876715,45.10706018518535,34.501736111111235
,,,,,,119.20659722222264,49.789930555555735,50.20312500000018,48.22897376543227,45.10706018518535,34.088541666666785
,,,,,,119.20659722222264,49.376736111111285,50.20312500000018,47.81577932098782,45.24479166666683,68.79687500000024
,,,,,,119.20659722222264,48.96354166666684,50.20312500000018,47.40258487654338,45.24479166666683,68.3836805555558
,,,,,,119.20659722222264,48.55034722222239,50.20312500000018,44.44135802469152,45.24479166666683,67.97048611111136
,,,,,,119.20659722222264,45.68094135802485,50.20312500000018,38.08275462962977,45.24479166666683,67.55729166666691
,,,,,,119.13773148148191,45.24479166666683,50.34085648148166,51.8099922839508,45.24479166666683,67.00636574074097
,,,,,,119.20659722222264,44.78568672839522,50.34085648148166,51.396797839506355,45.24479166666683,64.66493055555578
,,,,,,119.3787615740745,48.171585648148316,50.34085648148166,50.98360339506191,45.24479166666683,64.25173611111134
,,,,,,119.34432870370412,47.67804783950634,50.34085648148166,50.57040895061746,45.210358796296454,63.37369791666689
,,,,,,119.34432870370412,47.2648533950619,50.37528935185203,43.97077546296312,45.27233796296312,60.89108796296319
,,,,,,119.3787615740745,46.12282986111128,50.34085648148166,43.50019290123472,45.24479166666683,60.34934413580268
,,,,,,119.3787615740745,44.349537037037194,50.34085648148166,43.15586419753102,45.24479166666683,59.93614969135824
,,,,,,119.34432870370412,43.86747685185201,50.34085648148166,41.801504629629775,45.24479166666683,44.418402777777935
,,,,,,119.51649305555598,46.89756944444461,50.34085648148166,41.38831018518533,45.24479166666683,44.00520833333349
,,,,,,119.48206018518562,46.41550925925942,50.34085648148166,40.97511574074089,45.24479166666683,43.59201388888904
,,,,,,119.51649305555598,43.471498842592744,50.34085648148166,40.56192129629644,45.24479166666683,43.1788194444446
,,,,,,119.6197916666671,49.652199074074254,50.34085648148166,40.148726851852,45.24479166666683,42.76562500000015
,,,,,,119.6197916666671,49.239004629629804,50.34085648148166,39.73553240740755,45.24479166666683,42.352430555555706
,,,,,,119.6197916666671,48.82581018518536,50.34085648148166,38.909143518518654,45.24479166666683,41.93923611111126
,,,,,,119.79195601851895,48.447048611111285,50.34085648148166,38.49594907407421,45.24479166666683,41.52604166666681
,,,,,,119.75752314814858,47.9535108024693,50.51302083333351,50.13425925925944,45.24479166666683,41.11284722222237
,,,,,,119.75752314814858,47.54031635802486,50.47858796296314,49.652199074074254,45.24479166666683,40.69965277777792
,,,,,,119.75752314814858,46.19169560185202,50.43267746913598,44.78568672839522,45.24479166666683,40.28645833333348
,,,,,,119.75752314814858,44.418402777777935,50.51302083333351,39.28790509259273,45.24479166666683,39.87326388888903
,,,,,,119.75752314814858,44.00520833333349,50.650752314814994,49.17013888888906,45.24479166666683,39.460069444444585
,,,,,,119.92968750000043,47.173032407407575,50.61631944444463,48.68807870370388,45.24479166666683,39.04687500000014
,,,,,,119.89525462963006,46.66801697530881,50.61631944444463,48.27488425925943,45.24479166666683,36.15451388888902
,,,,,,119.92968750000043,43.5231481481483,50.61631944444463,47.86168981481499,45.24479166666683,35.74131944444457
,,,,,,119.82638888888931,43.213252314814966,50.61631944444463,47.44849537037054,45.24479166666683,35.32812500000013
,,,,,,119.89525462963006,49.514467592592766,50.47858796296314,47.241898148148316,45.24479166666683,34.91493055555568
,,,,,,119.9641203703708,49.10127314814832,50.61631944444463,45.38252314814831,45.38252314814831,59.43113425925947
,,,,,,120.17071759259302,48.642168209876715,50.61631944444463,38.174575617284084,45.354976851852015,58.907754629629835
,,,,,,120.17071759259302,48.22897376543227,50.75405092592611,51.44270833333351,45.54780092592608,63.78344907407431
,,,,,,120.17071759259302,47.81577932098782,50.75405092592611,51.02951388888907,45.55468750000016,38.668113425926066
,,,,,,120.10185185185227,46.27777777777794,50.75405092592611,50.61631944444463,45.52025462962979,38.174575617284084
,,,,,,120.10185185185227,44.07407407407423,50.7815972222224,44.418402777777935,45.52025462962979,37.76138117283964
,,,,,,120.19826388888933,38.840277777777914,50.75405092592611,43.86747685185201,45.52025462962979,37.34818672839519
,,,,,,120.19826388888933,38.055208333333475,50.75405092592611,43.45428240740756,45.52025462962979,36.93499228395075
,,,,,,120.34288194444487,47.39684606481498,50.75405092592611,43.213252314814966,45.52025462962979,36.521797839506306
,,,,,,120.21662808642019,46.92052469135819,50.75405092592611,41.84741512345694,45.55468750000016,34.5361689814816
,,,,,,120.3084490740745,43.4083719135804,50.75405092592611,41.43422067901249,45.52025462962979,34.06558641975321
,,,,,,120.17071759259302,43.24768518518534,50.75405092592611,41.02102623456805,45.65798611111127,68.63618827160518
,,,,,,120.51504629629673,48.34375000000017,50.75405092592611,40.6078317901236,45.65798611111127,68.24594907407432
,,,,,,120.58391203703746,47.907600308642145,50.75405092592611,40.194637345679155,45.58912037037053,67.83275462962987
,,,,,,120.58391203703746,38.909143518518654,50.75405092592611,39.78144290123471,45.65798611111127,67.41956018518542
,,,,,,120.58391203703746,38.49594907407421,50.7815972222224,38.688773148148286,45.65798611111127,67.02932098765456
,,,,,,120.58391203703746,37.94502314814828,50.926215277777956,50.20312500000018,45.65798611111127,64.7567515432101
,,,,,,120.58391203703746,47.44849537037054,50.89178240740759,49.69810956790141,45.65798611111127,64.34355709876566
,,,,,,120.72164351851895,43.31655092592608,50.926215277777956,39.35677083333347,45.65798611111127,61.08391203703725
,,,,,,121.02465277777823,42.917129629629784,51.06394675925944,49.27343750000018,45.65798611111127,60.67071759259281
,,,,,,120.99710648148191,38.909143518518654,51.02951388888907,48.779899691358196,45.65798611111127,60.257523148148366
,,,,,,120.99710648148191,38.49594907407421,51.02951388888907,48.36670524691375,45.65798611111127,59.844328703703916
,,,,,,120.99710648148191,37.94502314814828,51.02951388888907,47.9535108024693,45.65798611111127,58.65065586419774
,,,,,,121.16927083333377,43.97077546296312,51.02951388888907,47.54031635802486,45.65798611111127,44.32658179012361
,,,,,,121.13483796296339,43.45428240740756,51.02951388888907,47.21894290123473,45.65798611111127,43.91338734567917
,,,,,,121.16238425925971,42.22847222222237,51.02951388888907,45.42843364197547,45.65798611111127,43.50019290123472
,,,,,,121.41030092592636,42.90335648148164,51.02951388888907,38.23770254629643,45.65798611111127,43.086998456790276
,,,,,,121.41030092592636,41.663773148148294,51.16724537037055,51.16724537037055,45.65798611111127,42.67380401234583
,,,,,,121.41030092592636,41.25057870370385,51.16724537037055,50.75405092592611,45.65798611111127,42.26060956790138
,,,,,,121.44473379629673,40.76851851851866,51.16724537037055,44.831597222222385,45.65798611111127,41.84741512345694
,,,,,,121.41030092592636,38.909143518518654,51.16724537037055,44.418402777777935,45.65798611111127,41.43422067901249
,,,,,,121.41030092592636,38.49594907407421,51.16724537037055,44.00520833333349,45.65798611111127,41.02102623456805
,,,,,,121.41030092592636,37.94502314814828,51.16724537037055,43.59201388888904,45.65798611111127,40.6078317901236
,,,,,,121.54803240740785,44.14293981481497,51.16724537037055,43.24768518518534,45.65798611111127,40.194637345679155
,,,,,,121.54803240740785,43.72974537037052,51.16724537037055,41.61786265432114,45.65798611111127,39.78144290123471
,,,,,,121.54803240740785,43.31655092592608,51.16724537037055,41.20466820987669,45.65798611111127,39.36824845679026
,,,,,,121.54803240740785,42.49016203703719,51.16724537037055,40.791473765432244,45.65798611111127,38.978009259259395
,,,,,,121.54803240740785,42.076967592592744,51.16724537037055,40.3782793209878,45.692418981481644,36.15451388888902
,,,,,,121.82349537037081,42.90335648148164,51.16724537037055,39.96508487654335,45.65798611111127,35.64949845679025
,,,,,,121.82349537037081,41.663773148148294,51.02951388888907,38.77141203703717,45.65798611111127,35.236304012345805
,,,,,,121.82349537037081,41.25057870370385,51.339409722222406,50.34085648148166,45.65798611111127,34.88049768518531
,,,,,,121.82349537037081,40.8373842592594,51.30497685185203,49.83584104938289,45.830150462963125,59.46556712962984
,,,,,,121.82349537037081,38.81732253086434,51.339409722222406,39.54615162037051,45.79571759259276,58.972029320987865
,,,,,,121.82349537037081,38.40412808641989,51.23611111111129,39.18460648148162,45.93344907407424,63.76967592592615
,,,,,,121.78906250000043,37.94502314814828,51.47714120370389,49.34230324074092,45.79571759259276,63.49421296296319
,,,,,,121.96122685185229,44.14293981481497,51.44270833333351,48.87172067901252,45.93344907407424,61.53153935185207
,,,,,,121.96122685185229,43.72974537037052,51.44270833333351,48.458526234568076,45.93344907407424,38.49594907407421
,,,,,,121.96122685185229,43.31655092592608,51.44270833333351,48.045331790123626,45.93344907407424,38.08275462962977
,,,,,,121.89236111111154,42.49016203703719,51.44270833333351,47.63213734567918,45.93344907407424,37.66956018518532
,,,,,,121.96122685185229,42.076967592592744,51.44270833333351,47.2648533950619,45.93344907407424,37.256365740740875
,,,,,,122.1678240740745,42.97222222222238,51.47714120370389,45.623553240740904,45.93344907407424,36.843171296296426
,,,,,,122.1678240740745,41.594907407407554,51.44270833333351,45.152970679012505,46.07118055555572,64.71084104938295
,,,,,,122.1678240740745,41.21614583333348,51.511574074074254,50.89178240740759,46.07118055555572,64.20582561728418
,,,,,,122.09895833333377,40.90625000000014,51.61487268518537,44.72829861111127,46.07118055555572,60.911747685185404
,,,,,,122.23668981481525,38.77141203703717,51.580439814815,44.234760802469296,46.07118055555572,60.441165123457004
,,,,,,122.23668981481525,38.35821759259273,51.580439814815,43.821566358024846,46.07118055555572,60.02797067901256
,,,,,,122.23668981481525,37.96797839506186,51.580439814815,43.4083719135804,46.07118055555572,58.44979745370391
,,,,,,122.37442129629673,44.14293981481497,51.580439814815,43.10995370370386,46.10561342592609,56.43547453703724
,,,,,,122.37442129629673,43.72974537037052,51.44270833333351,41.38831018518533,46.07118055555572,55.94193672839526
,,,,,,122.37442129629673,43.33950617283966,51.44270833333351,40.97511574074089,46.07118055555572,55.52874228395081
,,,,,,122.51215277777821,38.63368055555569,51.580439814815,40.51601080246928,46.07118055555572,55.11554783950637
,,,,,,122.51215277777821,38.08275462962977,51.580439814815,40.10281635802483,46.07118055555572,54.64496527777797
,,,,,,122.78761574074117,44.14293981481497,51.67226080246932,50.34085648148166,46.07118055555572,44.234760802469296
,,,,,,122.78761574074117,43.59201388888904,51.71817129629648,49.83584104938289,46.07118055555572,43.821566358024846
,,,,,,123.20081018518562,44.14293981481497,51.71817129629648,39.68043981481496,46.07118055555572,43.4083719135804
,,,,,,123.20081018518562,43.72974537037052,51.88344907407426,49.29409722222239,46.07118055555572,42.99517746913595
,,,,,,123.64843750000044,43.93634259259275,51.85590277777796,48.73398919753104,46.07118055555572,42.58198302469151
,,,,,,123.54513888888933,43.66087962962978,51.85590277777796,48.32079475308659,46.07118055555572,42.16878858024706
,,,,,,123.88946759259304,43.93634259259275,51.85590277777796,47.907600308642145,46.07118055555572,41.75559413580262
,,,,,,,,51.85590277777796,47.4944058641977,46.07118055555572,41.342399691358175
,,,,,,,,51.85590277777796,47.19598765432116,46.07118055555572,40.929205246913725
,,,,,,,,51.85590277777796,45.79571759259276,46.07118055555572,40.51601080246928
,,,,,,,,51.85590277777796,45.38252314814831,46.07118055555572,40.10281635802483
,,,,,,,,52.02806712962981,44.93489583333349,46.07118055555572,39.68962191358039
,,,,,,,,51.993634259259444,44.46431327160509,46.07118055555572,39.27642746913594
,,,,,,,,51.993634259259444,44.05111882716065,46.07118055555572,38.863233024691496
,,,,,,,,51.993634259259444,43.63792438271621,46.10561342592609,36.46440972222235
,,,,,,,,51.96608796296315,43.165046296296445,46.07118055555572,35.970871913580375
,,,,,,,,51.993634259259444,40.42418981481496,46.07118055555572,35.55767746913593
,,,,,,,,52.131365740740925,49.83584104938289,46.07118055555572,35.236304012345805
,,,,,,,,52.131365740740925,40.010995370370516,46.163001543210044,61.95621141975331
,,,,,,,,52.131365740740925,39.597800925926066,46.2089120370372,59.46556712962984
,,,,,,,,52.269097222222406,49.376736111111285,46.2089120370372,58.972029320987865
,,,,,,,,52.269097222222406,48.96354166666684,46.24334490740757,56.84866898148168
,,,,,,,,52.269097222222406,48.55034722222239,46.374189814814976,63.82476851851874
,,,,,,,,52.269097222222406,48.13715277777795,46.34664351851868,61.175733024691574
,,,,,,,,52.269097222222406,47.723958333333506,46.34664351851868,58.168595679012554
,,,,,,,,52.2966435185187,47.20057870370387,46.381076388889056,38.3926504629631
,,,,,,,,52.269097222222406,45.93344907407424,46.34664351851868,37.89911265432112
,,,,,,,,52.269097222222406,45.52025462962979,46.34664351851868,37.48591820987668
,,,,,,,,52.44126157407426,45.07262731481497,46.34664351851868,37.07272376543223
,,,,,,,,52.40682870370389,44.60204475308658,46.48437500000016,64.77970679012368
,,,,,,,,52.37239583333352,44.17737268518534,46.53028549382733,62.323495370370594
,,,,,,,,52.37239583333352,43.24768518518534,46.48437500000016,60.67071759259281
,,,,,,,,52.40682870370389,40.42418981481496,46.48437500000016,60.257523148148366
,,,,,,,,52.544560185185375,49.74402006172857,46.48437500000016,59.844328703703916
,,,,,,,,52.544560185185375,42.97222222222238,46.48437500000016,58.60474537037058
,,,,,,,,52.544560185185375,40.010995370370516,46.48437500000016,57.77835648148169
,,,,,,,,52.544560185185375,39.528935185185325,46.48437500000016,57.365162037037244
,,,,,,,,52.71672453703722,49.376736111111285,46.48437500000016,56.1255787037039
,,,,,,,,52.682291666666856,48.87172067901252,46.48437500000016,55.71238425925946
,,,,,,,,52.682291666666856,48.458526234568076,46.48437500000016,55.29918981481501
,,,,,,,,52.682291666666856,48.045331790123626,46.48437500000016,54.885995370370566
,,,,,,,,52.682291666666856,47.63213734567918,46.48437500000016,54.47280092592612
,,,,,,,,52.64785879629648,47.173032407407575,46.48437500000016,43.59201388888904
,,,,,,,,52.70983796296315,46.12627314814831,46.48437500000016,43.1788194444446
,,,,,,,,52.682291666666856,45.566165123456955,46.48437500000016,42.76562500000015
,,,,,,,,52.854456018518704,46.7942708333335,46.48437500000016,42.352430555555706
,,,,,,,,52.854456018518704,45.14149305555571,46.48437500000016,41.93923611111126
,,,,,,,,52.82002314814834,44.64795524691374,46.48437500000016,41.52604166666681
,,,,,,,,52.82002314814834,44.234760802469296,46.48437500000016,41.11284722222237
,,,,,,,,52.82002314814834,43.31655092592608,46.48437500000016,40.69965277777792
,,,,,,,,52.82002314814834,40.42418981481496,46.48437500000016,40.28645833333348
,,,,,,,,52.95775462962982,42.92631172839521,46.48437500000016,39.87326388888903
,,,,,,,,52.95775462962982,42.09992283950632,46.48437500000016,39.460069444444585
,,,,,,,,52.95775462962982,40.079861111111256,46.48437500000016,39.04687500000014
,,,,,,,,53.0954861111113,49.514467592592766,46.48437500000016,38.63368055555569
,,,,,,,,53.0954861111113,49.10127314814832,46.51880787037054,36.636574074074204
,,,,,,,,53.0954861111113,48.68807870370388,46.48437500000016,36.15451388888902
,,,,,,,,53.0954861111113,48.27488425925943,46.48437500000016,35.74131944444457
,,,,,,,,53.0954861111113,47.86168981481499,46.4499421296298,35.31090856481494
,,,,,,,,53.0954861111113,47.44849537037054,46.622106481481644,59.43113425925947
,,,,,,,,53.0954861111113,46.2089120370372,46.622106481481644,59.01793981481502
,,,,,,,,53.0954861111113,45.79571759259276,46.622106481481644,56.951967592592794
,,,,,,,,53.12991898148167,42.45572916666682,46.622106481481644,56.53877314814835
,,,,,,,,53.23321759259278,47.035300925926094,46.78738425925942,64.05891203703727
,,,,,,,,53.23321759259278,46.622106481481644,46.75983796296313,63.51716820987677
,,,,,,,,53.23321759259278,45.38252314814831,46.622106481481644,63.35648148148171
,,,,,,,,53.23321759259278,44.969328703703866,46.78738425925942,62.81932870370394
,,,,,,,,53.23321759259278,44.556134259259416,46.7942708333335,61.118344907407625
,,,,,,,,53.23321759259278,44.14293981481497,46.7942708333335,58.225983796296504
,,,,,,,,53.23321759259278,43.282118055555706,46.75983796296313,38.08275462962977
,,,,,,,,53.23321759259278,40.47010030864212,46.75983796296313,37.66956018518532
,,,,,,,,53.405381944444635,41.97366898148163,46.75983796296313,37.256365740740875
,,,,,,,,53.37094907407426,40.079861111111256,46.89756944444461,64.66493055555578
,,,,,,,,53.50868055555575,49.514467592592766,46.89756944444461,62.18576388888911
,,,,,,,,53.50868055555575,49.10127314814832,46.89756944444461,61.77256944444466
,,,,,,,,53.50868055555575,48.68807870370388,46.93200231481498,60.67071759259281
,,,,,,,,53.50868055555575,48.27488425925943,46.89756944444461,60.16570216049404
,,,,,,,,53.50868055555575,47.86168981481499,46.89756944444461,59.75250771604959
,,,,,,,,53.50868055555575,47.44849537037054,46.93200231481498,58.70804398148169
,,,,,,,,53.50868055555575,46.2089120370372,46.93200231481498,57.77835648148169
,,,,,,,,53.50868055555575,45.79571759259276,46.89756944444461,57.27334104938292
,,,,,,,,53.50868055555575,43.72974537037052,46.92511574074091,56.18067129629649
,,,,,,,,53.50868055555575,42.90335648148164,46.89756944444461,55.620563271605135
,,,,,,,,53.50868055555575,42.49016203703719,46.89756944444461,55.20736882716069
,,,,,,,,53.64641203703723,47.035300925926094,46.89756944444461,54.79417438271624
,,,,,,,,53.64641203703723,46.622106481481644,46.89756944444461,54.42689043209896
,,,,,,,,53.64641203703723,45.38252314814831,46.89756944444461,43.4083719135804
,,,,,,,,53.64641203703723,44.969328703703866,46.89756944444461,42.99517746913595
,,,,,,,,53.64641203703723,44.556134259259416,46.89756944444461,42.58198302469151
,,,,,,,,53.64641203703723,44.14293981481497,46.89756944444461,42.16878858024706
,,,,,,,,53.64641203703723,43.31655092592608,46.89756944444461,41.75559413580262
,,,,,,,,53.64641203703723,40.389756944444585,46.89756944444461,41.342399691358175
,,,,,,,,53.81857638888908,42.128616898148294,46.89756944444461,40.929205246913725
,,,,,,,,53.71527777777797,41.663773148148294,46.89756944444461,40.51601080246928
,,,,,,,,53.71527777777797,41.31944444444459,46.89756944444461,40.10281635802483
,,,,,,,,53.95630787037056,49.445601851852025,46.89756944444461,39.68962191358039
,,,,,,,,53.85300925925945,49.13570601851869,46.89756944444461,39.27642746913594
,,,,,,,,53.92187500000019,48.59625771604956,46.89756944444461,38.863233024691496
,,,,,,,,53.92187500000019,48.20601851851869,46.89756944444461,38.45003858024705
,,,,,,,,53.78414351851871,47.86168981481499,46.93200231481498,36.8776041666668
,,,,,,,,53.92187500000019,47.310763888889056,46.89756944444461,36.38406635802482
,,,,,,,,53.92187500000019,46.294994212963125,46.89756944444461,35.970871913580375
,,,,,,,,53.85300925925945,45.72685185185201,46.89756944444461,35.55767746913593
,,,,,,,,53.85300925925945,43.90190972222238,46.89756944444461,35.236304012345805
,,,,,,,,53.875964506173034,42.949266975308795,46.966435185185354,59.29340277777799
,,,,,,,,53.78414351851871,42.49016203703719,47.035300925926094,56.768325617284155
,,,,,,,,53.92187500000019,40.148726851852,47.035300925926094,64.25173611111134
,,,,,,,,54.09403935185205,46.82870370370387,47.035300925926094,63.83854166666689
,,,,,,,,54.05960648148167,45.19888117283967,47.035300925926094,63.42534722222245
,,,,,,,,54.05960648148167,44.78568672839522,47.035300925926094,63.012152777778
,,,,,,,,54.05960648148167,44.31510416666682,47.035300925926094,62.598958333333556
,,,,,,,,53.92187500000019,40.42418981481496,47.035300925926094,61.35937500000022
,,,,,,,,54.30063657407427,49.445601851852025,47.20057870370387,37.889930555555694
,,,,,,,,54.266203703703894,48.378182870370544,47.173032407407575,37.34818672839519
,,,,,,,,54.335069444444635,46.300733024691525,47.33831018518535,56.31840277777797
,,,,,,,,54.47280092592612,46.98939043209893,47.310763888889056,55.758294753086616
,,,,,,,,54.47280092592612,46.576195987654486,47.310763888889056,55.345100308642174
,,,,,,,,54.50034722222241,45.10706018518535,47.310763888889056,54.931905864197724
,,,,,,,,54.47280092592612,44.6938657407409,47.310763888889056,54.51871141975328
,,,,,,,,54.610532407407604,39.68962191358039,47.310763888889056,54.10551697530883
,,,,,,,,54.748263888889085,49.56037808641993,47.173032407407575,43.04108796296312
,,,,,,,,54.885995370370566,46.85165895061745,47.173032407407575,42.62789351851867
,,,,,,,,54.817129629629825,46.553240740740904,47.173032407407575,42.214699074074225
,,,,,,,,54.885995370370566,45.52025462962979,47.310763888889056,41.801504629629775
,,,,,,,,54.885995370370566,45.10706018518535,47.310763888889056,41.38831018518533
,,,,,,,,54.885995370370566,44.76273148148164,47.310763888889056,40.97511574074089
,,,,,,,,55.02372685185205,43.84452160493843,47.310763888889056,40.56192129629644
,,,,,,,,55.02372685185205,39.73553240740755,47.310763888889056,40.148726851852
,,,,,,,,55.4369212962965,43.84452160493843,47.310763888889056,39.73553240740755
,,,,,,,,55.4369212962965,39.73553240740755,47.310763888889056,39.322337962963104
,,,,,,,,55.7812500000002,43.86747685185201,47.310763888889056,38.909143518518654
,,,,,,,,55.7812500000002,39.70109953703718,47.310763888889056,38.49594907407421
,,,,,,,,98.9600694444448,47.310763888889056,47.33831018518535,36.73298611111124
,,,,,,,,100.09635416666703,46.34664351851868,47.173032407407575,36.49884259259272
,,,,,,,,100.06192129629665,44.14293981481497,47.61377314814831,53.398495370370554
,,,,,,,,100.4751157407411,46.438464506173005,47.61377314814831,38.137847222222355
,,,,,,,,100.44068287037072,45.967881944444606,47.58622685185202,37.577739197530995
,,,,,,,,100.61284722222258,49.20457175925944,47.58622685185202,37.16454475308655
,,,,,,,,100.64728009259295,45.7440682870372,47.723958333333506,65.82187500000022
,,,,,,,,100.91585648148185,49.514467592592766,47.723958333333506,56.40104166666687
,,,,,,,,101.19820601851887,49.049623842592766,47.65509259259276,56.05671296296316
,,,,,,,,101.23263888888926,49.721064814814994,47.723958333333506,55.620563271605135
,,,,,,,,101.30150462962999,49.376736111111285,47.723958333333506,55.20736882716069
,,,,,,,,101.43923611111147,50.70814043209894,47.723958333333506,54.79417438271624
,,,,,,,,101.43923611111147,47.896122685185354,47.723958333333506,54.3809799382718
,,,,,,,,101.60451388888927,49.01863425925942,47.723958333333506,53.96778549382735
,,,,,,,,101.50810185185222,48.41261574074091,47.723958333333506,41.61786265432114
,,,,,,,,101.60451388888927,47.241898148148316,47.723958333333506,41.20466820987669
,,,,,,,,101.57696759259295,43.79861111111126,47.723958333333506,40.791473765432244
,,,,,,,,101.71469907407443,45.015239197531024,47.723958333333506,40.3782793209878
,,,,,,,,101.87997685185223,50.80914351851869,47.723958333333506,39.96508487654335
,,,,,,,,101.85243055555591,48.13715277777795,47.723958333333506,39.55189043209891
,,,,,,,,101.85243055555591,47.723958333333506,47.723958333333506,39.13869598765446
,,,,,,,,102.02459490740777,49.17013888888906,47.723958333333506,38.725501543210015
,,,,,,,,101.92129629629666,48.8946759259261,47.75839120370387,36.7570891203705
,,,,,,,,102.02459490740777,47.39684606481498,47.86168981481499,65.59461805555578
,,,,,,,,101.9901620370374,44.579089506173,47.86168981481499,49.35378086419771
,,,,,,,,101.85243055555591,43.72974537037052,47.86168981481499,48.55034722222239
,,,,,,,,102.16232638888926,50.323640046296475,47.86168981481499,48.13715277777795
,,,,,,,,102.12789351851887,45.38252314814831,47.86168981481499,47.723958333333506
,,,,,,,,102.12789351851887,44.969328703703866,48.033854166666835,53.474247685185375
,,,,,,,,102.29317129629668,51.16724537037055,47.93055555555573,53.12991898148167
,,,,,,,,102.26562500000037,50.68518518518537,47.99942129629647,48.96354166666684
,,,,,,,,102.30005787037074,47.93055555555573,48.02696759259276,38.165393518518655
,,,,,,,,102.26562500000037,43.43132716049398,47.99942129629647,37.62364969135816
,,,,,,,,102.43778935185222,51.78703703703722,47.99942129629647,37.21045524691371
,,,,,,,,102.36892361111147,49.118489583333506,48.13715277777795,65.99633487654344
,,,,,,,,102.26562500000037,47.65509259259276,48.13715277777795,56.3666087962965
,,,,,,,,102.43090277777816,44.56990740740757,48.13715277777795,55.8960262345681
,,,,,,,,102.40335648148185,43.04108796296312,48.13715277777795,55.482831790123655
,,,,,,,,102.40335648148185,42.65084876543225,48.13715277777795,55.069637345679205
,,,,,,,,102.40335648148185,42.23765432098781,48.13715277777795,54.65644290123476
,,,,,,,,102.5755208333337,52.269097222222406,48.13715277777795,54.24324845679032
,,,,,,,,102.56863425925964,50.175578703703884,48.13715277777795,53.92187500000019
,,,,,,,,102.54108796296333,45.48582175925942,48.13715277777795,41.663773148148294
,,,,,,,,102.54108796296333,45.10706018518535,48.13715277777795,41.25057870370385
,,,,,,,,102.70636574074112,59.11435185185206,48.13715277777795,40.8373842592594
,,,,,,,,102.67881944444481,51.16724537037055,48.13715277777795,40.42418981481496
,,,,,,,,102.67881944444481,50.75405092592611,48.13715277777795,40.010995370370516
,,,,,,,,102.67881944444481,47.93055555555573,48.13715277777795,39.597800925926066
,,,,,,,,102.67881944444481,43.45428240740756,48.13715277777795,39.18460648148162
,,,,,,,,102.8165509259263,51.580439814815,48.13715277777795,38.77141203703717
,,,,,,,,102.8165509259263,49.239004629629804,48.13715277777795,36.705439814814945
,,,,,,,,102.8440972222226,45.878356481481646,48.27488425925943,65.6979166666669
,,,,,,,,102.8440972222226,44.63877314814831,48.27488425925943,49.376736111111285
,,,,,,,,102.67881944444481,44.349537037037194,48.27488425925943,48.55034722222239
,,,,,,,,102.8165509259263,43.04108796296312,48.27488425925943,48.13715277777795
,,,,,,,,102.8165509259263,42.62789351851867,48.27488425925943,47.723958333333506
,,,,,,,,102.8165509259263,42.214699074074225,48.440162037037204,53.50868055555575
,,,,,,,,102.98871527777814,58.65639467592614,48.41261574074091,53.06105324074093
,,,,,,,,102.95428240740777,52.40682870370389,48.447048611111285,48.99797453703721
,,,,,,,,102.95428240740777,51.993634259259444,48.41261574074091,38.3926504629631
,,,,,,,,102.95428240740777,50.34085648148166,48.41261574074091,37.89911265432112
,,,,,,,,102.95428240740777,49.927662037037216,48.41261574074091,37.48591820987668
,,,,,,,,102.98871527777814,48.843026620370544,48.41261574074091,37.07272376543223
,,,,,,,,102.95428240740777,47.22812500000016,48.41261574074091,56.19444444444464
,,,,,,,,102.98871527777814,45.210358796296454,48.41261574074091,55.71238425925946
,,,,,,,,103.09201388888926,59.33931327160515,48.41261574074091,55.29918981481501
,,,,,,,,103.09201388888926,58.94907407407428,48.41261574074091,54.885995370370566
,,,,,,,,103.09201388888926,51.16724537037055,48.41261574074091,54.47280092592612
,,,,,,,,103.09201388888926,50.75405092592611,48.41261574074091,54.05960648148167
,,,,,,,,103.11956018518556,48.08206018518536,48.577893518518685,41.47094907407423
,,,,,,,,103.09201388888926,47.58622685185202,48.55034722222239,40.929205246913725
,,,,,,,,103.12644675925962,46.7942708333335,48.55034722222239,40.51601080246928
,,,,,,,,103.09201388888926,46.300733024691525,48.55034722222239,40.10281635802483
,,,,,,,,103.11956018518556,43.399189814814974,48.55034722222239,39.68962191358039
,,,,,,,,103.22974537037074,51.580439814815,48.55034722222239,39.27642746913594
,,,,,,,,103.22974537037074,49.514467592592766,48.55034722222239,38.863233024691496
,,,,,,,,103.22974537037074,45.79571759259276,48.55034722222239,36.7513503086421
,,,,,,,,103.22974537037074,44.418402777777935,48.715625000000166,49.59710648148167
,,,,,,,,103.22974537037074,42.76562500000015,48.715625000000166,48.35752314814833
,,,,,,,,103.22974537037074,42.214699074074225,48.68807870370388,47.81577932098782
,,,,,,,,103.39502314814854,58.54965277777799,48.68807870370388,47.51736111111128
,,,,,,,,103.40190972222258,52.37239583333352,48.82581018518536,53.611979166666856
,,,,,,,,103.36747685185222,51.90181327160512,48.82581018518536,53.14139660493846
,,,,,,,,103.40190972222258,50.30642361111129,48.82581018518536,52.854456018518704
,,,,,,,,103.36747685185222,49.83584104938289,48.86024305555573,48.92910879629647
,,,,,,,,103.40190972222258,49.06684027777795,48.82581018518536,38.35821759259273
,,,,,,,,103.36747685185222,48.59625771604956,48.86024305555573,37.87615740740754
,,,,,,,,103.40190972222258,45.34809027777794,48.75694444444462,37.566261574074204
,,,,,,,,103.36747685185222,44.87750771604954,48.68807870370388,37.118634259259395
,,,,,,,,103.53964120370406,59.12123842592614,48.99797453703721,52.544560185185375
,,,,,,,,103.53275462963002,51.16724537037055,48.96354166666684,52.0395447530866
,,,,,,,,103.5052083333337,50.68518518518537,48.96354166666684,51.62635030864216
,,,,,,,,103.53964120370406,48.24045138888906,48.96354166666684,51.21315586419771
,,,,,,,,103.5052083333337,47.723958333333506,48.96354166666684,50.82291666666685
,,,,,,,,103.5052083333337,47.310763888889056,48.991087962963135,50.14803240740759
,,,,,,,,103.5052083333337,46.89756944444461,48.96354166666684,41.61786265432114
,,,,,,,,103.5052083333337,46.48437500000016,48.96354166666684,41.20466820987669
,,,,,,,,103.5052083333337,46.07118055555572,48.96354166666684,40.791473765432244
,,,,,,,,103.53275462963002,43.536921296296455,48.96354166666684,40.3782793209878
,,,,,,,,103.5052083333337,42.99517746913595,48.96354166666684,39.96508487654335
,,,,,,,,103.64293981481518,44.39544753086435,48.96354166666684,39.55189043209891
,,,,,,,,103.67737268518556,42.52459490740756,48.96354166666684,39.13869598765446
,,,,,,,,103.64293981481518,42.1228780864199,48.96354166666684,38.725501543210015
,,,,,,,,103.80821759259298,58.52210648148168,49.10127314814832,49.514467592592766
,,,,,,,,103.78067129629666,57.98495370370391,49.10127314814832,48.27488425925943
,,,,,,,,103.80821759259298,57.28252314814834,49.10127314814832,47.86168981481499
,,,,,,,,103.78067129629666,56.72241512345699,49.10127314814832,47.44849537037054
,,,,,,,,103.78067129629666,56.33217592592612,49.239004629629804,53.64641203703723
,,,,,,,,103.80821759259298,52.682291666666856,49.239004629629804,53.23321759259278
,,,,,,,,103.78067129629666,52.131365740740925,49.239004629629804,49.10127314814832
,,,,,,,,103.78067129629666,51.71817129629648,49.239004629629804,48.68807870370388
,,,,,,,,103.80821759259298,50.20312500000018,49.239004629629804,38.22048611111125
,,,,,,,,103.78067129629666,49.652199074074254,49.239004629629804,37.8072916666668
,,,,,,,,103.78067129629666,49.239004629629804,49.376736111111285,52.82002314814834
,,,,,,,,103.78067129629666,48.848765432098936,49.376736111111285,52.40682870370389
,,,,,,,,103.78067129629666,45.749807098765594,49.376736111111285,51.993634259259444
,,,,,,,,103.64293981481518,45.24479166666683,49.376736111111285,51.580439814815
,,,,,,,,103.78067129629666,44.78568672839522,49.376736111111285,51.16724537037055
,,,,,,,,103.91840277777814,59.155671296296504,49.376736111111285,50.75405092592611
,,,,,,,,103.95283564814852,55.98784722222242,49.376736111111285,50.34085648148166
,,,,,,,,103.91840277777814,54.013695987654515,49.376736111111285,49.927662037037216
,,,,,,,,103.95283564814852,53.30208333333352,49.376736111111285,41.52604166666681
,,,,,,,,103.94594907407446,51.16724537037055,49.376736111111285,41.11284722222237
,,,,,,,,103.91840277777814,50.68518518518537,49.376736111111285,40.69965277777792
,,,,,,,,103.91840277777814,48.102719907407575,49.376736111111285,40.28645833333348
,,,,,,,,103.91840277777814,47.63213734567918,49.376736111111285,39.87326388888903
,,,,,,,,103.91840277777814,47.21894290123473,49.376736111111285,39.460069444444585
,,,,,,,,103.91840277777814,46.80574845679029,49.376736111111285,39.04687500000014
,,,,,,,,103.91840277777814,46.39255401234584,49.376736111111285,38.63368055555569
,,,,,,,,103.9643132716053,45.9793595679014,49.54890046296314,49.54890046296314
,,,,,,,,103.94594907407446,44.06030092592608,49.54890046296314,48.309317129629804
,,,,,,,,103.91840277777814,43.56905864197547,49.514467592592766,47.81577932098782
,,,,,,,,103.78067129629666,43.1788194444446,49.514467592592766,47.42554012345696
,,,,,,,,104.09056712963,55.57465277777798,49.583333333333506,53.57754629629649
,,,,,,,,104.05613425925962,42.62789351851867,49.583333333333506,53.16435185185204
,,,,,,,,103.9643132716053,42.23765432098781,49.652199074074254,49.055362654321165
,,,,,,,,104.19386574074112,58.74247685185206,49.652199074074254,48.68807870370388
,,,,,,,,104.19386574074112,58.32928240740762,49.68663194444462,38.186053240740875
,,,,,,,,104.19386574074112,57.91608796296317,49.583333333333506,37.8072916666668
,,,,,,,,104.19386574074112,57.502893518518725,49.789930555555735,52.49864969135821
,,,,,,,,104.19386574074112,57.089699074074275,49.789930555555735,52.08545524691377
,,,,,,,,104.19386574074112,56.67650462962983,49.789930555555735,51.67226080246932
,,,,,,,,104.22829861111148,55.17867476851872,49.789930555555735,51.259066358024874
,,,,,,,,104.22141203703742,52.62719907407427,49.789930555555735,50.845871913580424
,,,,,,,,104.19386574074112,52.08545524691377,49.789930555555735,50.43267746913598
,,,,,,,,104.19386574074112,51.67226080246932,49.789930555555735,50.01948302469154
,,,,,,,,104.22141203703742,50.14803240740759,49.81747685185203,41.47094907407423
,,,,,,,,104.19386574074112,49.60628858024709,49.789930555555735,40.929205246913725
,,,,,,,,104.19386574074112,49.193094135802646,49.789930555555735,40.51601080246928
,,,,,,,,104.19386574074112,48.779899691358196,49.789930555555735,40.10281635802483
,,,,,,,,104.19386574074112,48.36670524691375,49.789930555555735,39.68962191358039
,,,,,,,,104.19386574074112,44.6938657407409,49.789930555555735,39.27642746913594
,,,,,,,,104.3315972222226,59.155671296296504,49.789930555555735,38.863233024691496
,,,,,,,,104.3315972222226,56.26331018518538,49.789930555555735,38.49594907407421
,,,,,,,,104.36603009259296,54.43836805555575,49.927662037037216,49.514467592592766
,,,,,,,,104.3315972222226,53.96778549382735,49.927662037037216,48.27488425925943
,,,,,,,,104.3315972222226,53.55459104938291,49.96209490740758,47.79282407407425
,,,,,,,,104.3315972222226,53.14139660493846,49.858796296296475,47.48292824074091
,,,,,,,,104.36603009259296,51.132812500000185,50.0653935185187,49.10127314814832
,,,,,,,,104.3315972222226,50.662229938271786,50.0653935185187,48.68807870370388
,,,,,,,,104.36603009259296,47.82725694444461,50.0653935185187,38.048321759259395
,,,,,,,,104.3315972222226,47.356674382716214,50.20312500000018,52.40682870370389
,,,,,,,,104.3315972222226,46.94347993827177,50.20312500000018,51.993634259259444
,,,,,,,,104.3315972222226,46.53028549382733,50.20312500000018,51.580439814815
,,,,,,,,104.3315972222226,46.11709104938288,50.20312500000018,51.16724537037055
,,,,,,,,104.3315972222226,45.79571759259276,50.20312500000018,50.75405092592611
,,,,,,,,104.36603009259296,44.24623842592608,50.20312500000018,50.34085648148166
,,,,,,,,104.3315972222226,43.84452160493843,50.20312500000018,49.927662037037216
,,,,,,,,104.46932870370408,55.85011574074094,50.20312500000018,41.43422067901249
,,,,,,,,104.53819444444481,58.74247685185206,50.20312500000018,41.02102623456805
,,,,,,,,104.53819444444481,58.32928240740762,50.20312500000018,40.6078317901236
,,,,,,,,104.53819444444481,57.91608796296317,50.20312500000018,40.194637345679155
,,,,,,,,104.53819444444481,57.502893518518725,50.20312500000018,39.78144290123471
,,,,,,,,104.60706018518556,56.99787808641995,50.20312500000018,39.36824845679026
,,,,,,,,104.60706018518556,56.58468364197551,50.20312500000018,38.95505401234582
,,,,,,,,104.64149305555593,55.40248842592612,50.20312500000018,38.54185956790137
,,,,,,,,104.53819444444481,55.05815972222242,50.34085648148166,49.514467592592766
,,,,,,,,104.63460648148187,52.599652777777955,50.34085648148166,48.27488425925943
,,,,,,,,104.60706018518556,52.0395447530866,50.30642361111129,47.79282407407425
,,,,,,,,104.60706018518556,51.62635030864216,50.47858796296314,49.10127314814832
,,,,,,,,104.63460648148187,50.12048611111128,50.47858796296314,48.68807870370388
,,,,,,,,104.60706018518556,49.56037808641993,50.51302083333351,38.186053240740875
,,,,,,,,104.60706018518556,49.14718364197548,50.61631944444463,52.40682870370389
,,,,,,,,104.60706018518556,48.73398919753104,50.61631944444463,51.993634259259444
,,,,,,,,104.60706018518556,48.32079475308659,50.61631944444463,51.580439814815
,,,,,,,,104.63460648148187,44.77650462962979,50.61631944444463,51.16724537037055
,,,,,,,,104.60706018518556,59.155671296296504,50.61631944444463,50.75405092592611
,,,,,,,,104.74479166666704,56.171489197531066,50.650752314814994,50.27199074074092
,,,,,,,,104.74479166666704,54.47280092592612,50.54745370370388,49.927662037037216
,,,,,,,,104.74479166666704,54.05960648148167,50.54745370370388,41.31944444444459
,,,,,,,,104.74479166666704,53.64641203703723,50.61631944444463,40.929205246913725
,,,,,,,,104.74479166666704,53.23321759259278,50.61631944444463,40.51601080246928
,,,,,,,,104.74479166666704,51.16724537037055,50.61631944444463,40.10281635802483
,,,,,,,,104.74479166666704,50.75405092592611,50.61631944444463,39.68962191358039
,,,,,,,,104.74479166666704,47.86168981481499,50.61631944444463,39.27642746913594
,,,,,,,,104.74479166666704,47.44849537037054,50.61631944444463,38.863233024691496
,,,,,,,,104.74479166666704,47.035300925926094,50.61631944444463,38.49594907407421
,,,,,,,,104.74479166666704,46.622106481481644,50.75405092592611,49.514467592592766
,,,,,,,,104.74479166666704,46.2089120370372,50.75405092592611,48.27488425925943
,,,,,,,,104.74479166666704,45.79571759259276,50.75405092592611,47.86168981481499
,,,,,,,,104.74479166666704,45.38252314814831,50.926215277777956,49.13570601851869
,,,,,,,,104.74479166666704,44.14293981481497,50.89178240740759,48.642168209876715
,,,,,,,,104.74479166666704,43.752700617284106,50.89178240740759,38.174575617284084
,,,,,,,,104.91695601851889,43.50593171296312,50.96064814814833,52.33796296296315
,,,,,,,,104.91006944444483,42.600347222222375,50.96064814814833,51.924768518518704
,,,,,,,,105.02025462963,56.63059413580267,51.02951388888907,51.48861882716068
,,,,,,,,105.05468750000037,55.884548611111306,51.02951388888907,51.07542438271623
,,,,,,,,105.02025462963,55.39101080246933,51.02951388888907,50.662229938271786
,,,,,,,,105.02025462963,55.069637345679205,51.02951388888907,50.249035493827336
,,,,,,,,105.02025462963,52.82002314814834,51.02951388888907,49.83584104938289
,,,,,,,,105.02025462963,52.40682870370389,51.02951388888907,40.56192129629644
,,,,,,,,105.02025462963,51.993634259259444,51.02951388888907,40.148726851852
,,,,,,,,105.02025462963,51.580439814815,51.02951388888907,39.73553240740755
,,,,,,,,105.02025462963,50.34085648148166,51.02951388888907,39.322337962963104
,,,,,,,,105.02025462963,49.927662037037216,51.02951388888907,38.909143518518654
,,,,,,,,105.02025462963,49.514467592592766,51.02951388888907,38.49594907407421
,,,,,,,,105.02025462963,49.10127314814832,51.201678240740925,48.102719907407575
,,,,,,,,105.02025462963,48.68807870370388,51.16724537037055,47.723958333333506
,,,,,,,,105.02025462963,48.27488425925943,51.30497685185203,49.34230324074092
,,,,,,,,105.02025462963,44.969328703703866,51.30497685185203,48.87172067901252
,,,,,,,,105.02025462963,44.556134259259416,51.30497685185203,48.55034722222239
,,,,,,,,105.20389660493865,56.30922067901255,51.44270833333351,51.07542438271623
,,,,,,,,105.15798611111148,54.47280092592612,51.44270833333351,50.662229938271786
,,,,,,,,105.15798611111148,54.05960648148167,51.44270833333351,50.249035493827336
,,,,,,,,105.15798611111148,53.64641203703723,51.44270833333351,49.83584104938289
,,,,,,,,105.15798611111148,53.23321759259278,51.44270833333351,44.00520833333349
,,,,,,,,105.15798611111148,51.16724537037055,51.44270833333351,43.614969135802625
,,,,,,,,105.15798611111148,50.75405092592611,51.44270833333351,40.28645833333348
,,,,,,,,105.15798611111148,47.86168981481499,51.44270833333351,39.87326388888903
,,,,,,,,105.15798611111148,47.44849537037054,51.44270833333351,39.48302469135817
,,,,,,,,105.15798611111148,47.035300925926094,51.30497685185203,39.11574074074088
,,,,,,,,105.15798611111148,46.622106481481644,51.580439814815,48.13715277777795
,,,,,,,,105.15798611111148,46.2089120370372,51.580439814815,47.723958333333506
,,,,,,,,105.15798611111148,45.79571759259276,51.61487268518537,44.38396990740757
,,,,,,,,105.15798611111148,45.38252314814831,51.580439814815,43.33950617283966
,,,,,,,,105.15798611111148,44.14293981481497,51.71817129629648,49.376736111111285
,,,,,,,,105.32326388888929,43.66087962962978,51.71817129629648,48.96354166666684
,,,,,,,,105.15798611111148,43.38541666666682,51.71817129629648,48.55034722222239
,,,,,,,,105.29571759259296,42.65084876543225,51.71817129629648,45.359567901234726
,,,,,,,,105.22685185185223,42.38686342592607,51.75260416666685,44.831597222222385
,,,,,,,,105.46099537037077,55.767476851852045,51.85590277777796,51.02951388888907
,,,,,,,,105.39901620370408,55.16145833333353,51.85590277777796,50.61631944444463
,,,,,,,,105.46099537037077,52.87511574074092,51.85590277777796,50.20312500000018
,,,,,,,,105.43344907407445,52.31500771604957,51.85590277777796,49.789930555555735
,,,,,,,,105.43344907407445,51.90181327160512,51.89033564814833,43.695312500000156
,,,,,,,,105.43344907407445,51.48861882716068,51.88344907407426,40.0936342592594
,,,,,,,,105.46099537037077,50.395949074074245,51.82146990740759,39.5633680555557
,,,,,,,,105.43344907407445,49.83584104938289,51.993634259259444,48.13715277777795
,,,,,,,,105.43344907407445,49.42264660493845,51.993634259259444,47.723958333333506
,,,,,,,,105.43344907407445,49.009452160494,52.02806712962981,44.14293981481497
,,,,,,,,105.43344907407445,48.59625771604956,51.993634259259444,43.419849537037194
,,,,,,,,105.43344907407445,48.18306327160511,52.131365740740925,49.376736111111285
,,,,,,,,105.46099537037077,45.02442129629645,52.131365740740925,48.96354166666684
,,,,,,,,105.43344907407445,44.46431327160509,52.131365740740925,48.55034722222239
,,,,,,,,105.57118055555593,56.40104166666687,52.131365740740925,45.52025462962979
,,,,,,,,105.57118055555593,54.748263888889085,52.131365740740925,45.10706018518535
,,,,,,,,105.57118055555593,54.335069444444635,52.131365740740925,44.6938657407409
,,,,,,,,105.57118055555593,53.92187500000019,52.269097222222406,50.98360339506191
,,,,,,,,105.57118055555593,53.50868055555575,52.269097222222406,50.57040895061746
,,,,,,,,105.57118055555593,51.02951388888907,52.269097222222406,50.15721450617302
,,,,,,,,105.57118055555593,47.723958333333506,52.269097222222406,49.74402006172857
,,,,,,,,105.57118055555593,47.310763888889056,52.269097222222406,40.28645833333348
,,,,,,,,105.57118055555593,46.89756944444461,52.269097222222406,39.87326388888903
,,,,,,,,105.57118055555593,46.48437500000016,52.269097222222406,39.460069444444585
,,,,,,,,105.57118055555593,46.07118055555572,52.43437500000018,48.192245370370536
,,,,,,,,105.57118055555593,45.65798611111127,52.40682870370389,47.63213734567918
,,,,,,,,105.70891203703741,43.72974537037052,52.44126157407426,44.24623842592608
,,,,,,,,105.84664351851889,55.98784722222242,52.40682870370389,43.77565586419769
,,,,,,,,105.84664351851889,55.57465277777798,52.40682870370389,43.33376736111126
,,,,,,,,105.84664351851889,55.16145833333353,52.57899305555574,49.20457175925944
,,,,,,,,105.84664351851889,53.0954861111113,52.544560185185375,48.73398919753104
,,,,,,,,105.84664351851889,52.682291666666856,52.57210648148166,45.52025462962979
,,,,,,,,105.84664351851889,52.269097222222406,52.544560185185375,44.969328703703866
,,,,,,,,105.84664351851889,51.85590277777796,52.544560185185375,44.625000000000156
,,,,,,,,105.84664351851889,51.44270833333351,52.544560185185375,50.75405092592611
,,,,,,,,105.84664351851889,50.61631944444463,52.613425925926116,49.927662037037216
,,,,,,,,105.84664351851889,50.22608024691376,52.682291666666856,49.652199074074254
,,,,,,,,105.77777777777816,49.789930555555735,52.682291666666856,40.28645833333348
,,,,,,,,105.77777777777816,49.376736111111285,52.682291666666856,39.87326388888903
,,,,,,,,105.77777777777816,48.8946759259261,52.682291666666856,39.460069444444585
,,,,,,,,105.84664351851889,48.504436728395234,52.84756944444463,48.13715277777795
,,,,,,,,105.84664351851889,48.09124228395079,52.82002314814834,47.58622685185202
,,,,,,,,105.84664351851889,45.279224537037194,52.7511574074076,47.27633101851869
,,,,,,,,105.84664351851889,44.78568672839522,52.82002314814834,44.17737268518534
,,,,,,,,105.84664351851889,44.39544753086435,52.82002314814834,43.683834876543365
,,,,,,,,105.98437500000037,56.40104166666687,52.82002314814834,43.2935956790125
,,,,,,,,105.98437500000037,54.748263888889085,52.98530092592611,49.29409722222239
,,,,,,,,105.98437500000037,54.335069444444635,52.95775462962982,48.73398919753104
,,,,,,,,105.98437500000037,53.92187500000019,52.98530092592611,46.01608796296313
,,,,,,,,105.98437500000037,53.50868055555575,52.95775462962982,45.47434413580263
,,,,,,,,105.98437500000037,51.07542438271623,52.95775462962982,45.06114969135818
,,,,,,,,105.98437500000037,47.55179398148165,52.95775462962982,44.64795524691374
,,,,,,,,105.98437500000037,47.08121141975325,53.0954861111113,47.035300925926094
,,,,,,,,105.98437500000037,46.66801697530881,53.0954861111113,46.622106481481644
,,,,,,,,105.98437500000037,46.25482253086436,53.0954861111113,40.28645833333348
,,,,,,,,105.98437500000037,45.84162808641992,53.0954861111113,39.87326388888903
,,,,,,,,106.05324074074112,43.7641782407409,53.0954861111113,39.50597993827174
,,,,,,,,106.25983796296335,55.98784722222242,53.267650462963154,48.24045138888906
,,,,,,,,106.25983796296335,55.57465277777798,53.23321759259278,47.769868827160664
,,,,,,,,106.25983796296335,55.16145833333353,53.23321759259278,47.356674382716214
,,,,,,,,106.12210648148186,53.0954861111113,53.267650462963154,44.1085069444446
,,,,,,,,106.25983796296335,52.59047067901253,53.23321759259278,43.63792438271621
,,,,,,,,106.25983796296335,52.14858217592611,53.23321759259278,43.27064043209892
,,,,,,,,106.12210648148186,51.924768518518704,53.398495370370554,49.459375000000186
,,,,,,,,106.25983796296335,51.465663580247096,53.37094907407426,48.91763117283968
,,,,,,,,106.12210648148186,50.47858796296314,53.37094907407426,48.55034722222239
,,,,,,,,106.25983796296335,48.36670524691375,53.398495370370554,46.153819444444615
,,,,,,,,106.25983796296335,47.9535108024693,53.37094907407426,45.61207561728411
,,,,,,,,106.29427083333371,45.55468750000016,53.37094907407426,45.19888117283967
,,,,,,,,106.25983796296335,45.06114969135818,53.37094907407426,44.78568672839522
,,,,,,,,106.25983796296335,44.64795524691374,53.37094907407426,44.418402777777935
,,,,,,,,106.25983796296335,44.32658179012361,53.50868055555575,46.75983796296313
,,,,,,,,106.39756944444483,56.40104166666687,53.50868055555575,40.28645833333348
,,,,,,,,106.39756944444483,54.748263888889085,53.50868055555575,39.87326388888903
,,,,,,,,106.4320023148152,54.266203703703894,53.50868055555575,39.528935185185325
,,,,,,,,106.32870370370408,53.95630787037056,53.64641203703723,47.99942129629647
,,,,,,,,106.32870370370408,47.51736111111128,53.64641203703723,47.58622685185202
,,,,,,,,106.39756944444483,47.12712191358042,53.64641203703723,47.173032407407575
,,,,,,,,106.39756944444483,46.71392746913597,53.64641203703723,43.86747685185201
,,,,,,,,106.39756944444483,46.300733024691525,53.64641203703723,43.31655092592608
,,,,,,,,106.39756944444483,45.93344907407424,53.78414351851871,49.652199074074254
,,,,,,,,106.7005787037041,61.00127314814836,53.78414351851871,49.239004629629804
,,,,,,,,106.67303240740779,60.441165123457004,53.78414351851871,48.82581018518536
,,,,,,,,106.67303240740779,60.02797067901256,53.78414351851871,48.41261574074091
,,,,,,,,106.67303240740779,59.61477623456811,53.78414351851871,46.34664351851868
,,,,,,,,106.67303240740779,59.224537037037244,53.78414351851871,45.93344907407424
,,,,,,,,106.67303240740779,58.63917824074095,53.78414351851871,45.52025462962979
,,,,,,,,106.67303240740779,55.98784722222242,53.78414351851871,45.10706018518535
,,,,,,,,106.67303240740779,55.57465277777798,53.78414351851871,44.6938657407409
,,,,,,,,106.67303240740779,55.16145833333353,53.78414351851871,44.280671296296454
,,,,,,,,106.63859953703742,52.30353009259278,53.92187500000019,46.75983796296313
,,,,,,,,106.7005787037041,45.57534722222238,53.92187500000019,40.28645833333348
,,,,,,,,106.67303240740779,45.015239197531024,53.92187500000019,39.87326388888903
,,,,,,,,106.67303240740779,44.60204475308658,53.92187500000019,39.528935185185325
,,,,,,,,106.67303240740779,44.30362654321004,54.05960648148167,47.99942129629647
,,,,,,,,106.84519675925964,56.3666087962965,54.05960648148167,47.58622685185202
,,,,,,,,106.84519675925964,54.71383101851871,54.05960648148167,47.173032407407575
,,,,,,,,106.7763310185189,54.23177083333353,54.05960648148167,43.86747685185201
,,,,,,,,106.81076388888927,47.035300925926094,54.025173611111306,43.38541666666682
,,,,,,,,106.81076388888927,46.622106481481644,54.197337962963154,49.652199074074254
,,,,,,,,106.81076388888927,46.2089120370372,54.197337962963154,49.239004629629804
,,,,,,,,106.84519675925964,42.31799768518533,54.197337962963154,48.82581018518536
,,,,,,,,106.74189814814852,42.008101851852004,54.197337962963154,48.41261574074091
,,,,,,,,106.97604166666706,58.32928240740762,54.197337962963154,46.34664351851868
,,,,,,,,107.11377314814854,61.22164351851874,54.197337962963154,45.93344907407424
,,,,,,,,107.08622685185223,60.67071759259281,54.197337962963154,45.52025462962979
,,,,,,,,107.08622685185223,60.257523148148366,54.197337962963154,45.10706018518535
,,,,,,,,107.08622685185223,59.79841820987676,54.197337962963154,44.6938657407409
,,,,,,,,107.08622685185223,59.38522376543231,54.197337962963154,44.280671296296454
,,,,,,,,107.08622685185223,58.972029320987865,54.335069444444635,46.75983796296313
,,,,,,,,107.1206597222226,57.8816550925928,54.335069444444635,40.010995370370516
,,,,,,,,107.08622685185223,57.31925154321008,54.335069444444635,39.597800925926066
,,,,,,,,107.08622685185223,55.677951388889085,54.47280092592612,47.99942129629647
,,,,,,,,107.08622685185223,55.20736882716069,54.47280092592612,47.58622685185202
,,,,,,,,107.0173611111115,52.47569444444463,54.47280092592612,47.173032407407575
,,,,,,,,107.08622685185223,45.79571759259276,54.50034722222241,43.757291666666816
,,,,,,,,107.08622685185223,45.38252314814831,54.335069444444635,43.45428240740756
,,,,,,,,107.08622685185223,44.969328703703866,54.610532407407604,49.652199074074254
,,,,,,,,107.08622685185223,44.418402777777935,54.610532407407604,49.239004629629804
,,,,,,,,107.25839120370408,61.77256944444466,54.610532407407604,48.82581018518536
,,,,,,,,107.25150462963003,56.73159722222242,54.610532407407604,48.41261574074091
,,,,,,,,107.22395833333371,56.171489197531066,54.610532407407604,46.34664351851868
,,,,,,,,107.25150462963003,54.66562500000018,54.610532407407604,45.93344907407424
,,,,,,,,107.22395833333371,54.220293209876736,54.610532407407604,45.52025462962979
,,,,,,,,107.22395833333371,47.035300925926094,54.610532407407604,45.10706018518535
,,,,,,,,107.22395833333371,46.622106481481644,54.610532407407604,44.6938657407409
,,,,,,,,107.22395833333371,46.2089120370372,54.610532407407604,44.280671296296454
,,,,,,,,107.22395833333371,42.44425154321003,54.748263888889085,46.75983796296313
,,,,,,,,107.22395833333371,42.05401234567916,54.748263888889085,39.87326388888903
,,,,,,,,107.3616898148152,58.60474537037058,54.748263888889085,39.528935185185325
,,,,,,,,107.53385416666706,61.118344907407625,54.885995370370566,47.99942129629647
,,,,,,,,107.49942129629667,60.62480709876565,54.885995370370566,47.58622685185202
,,,,,,,,107.49942129629667,60.2116126543212,54.885995370370566,47.173032407407575
,,,,,,,,107.49942129629667,59.79841820987676,54.85156250000019,43.79861111111126
,,,,,,,,107.49942129629667,59.38522376543231,55.02372685185205,49.652199074074254
,,,,,,,,107.49942129629667,58.972029320987865,55.02372685185205,49.239004629629804
,,,,,,,,107.53385416666706,58.225983796296504,55.02372685185205,48.82581018518536
,,,,,,,,107.49942129629667,57.73244598765453,55.02372685185205,48.41261574074091
,,,,,,,,107.49942129629667,57.31925154321008,55.02372685185205,46.34664351851868
,,,,,,,,107.53385416666706,55.746817129629825,55.02372685185205,45.93344907407424
,,,,,,,,107.49942129629667,55.25327932098785,55.02372685185205,45.52025462962979
,,,,,,,,107.53385416666706,45.761284722222385,55.02372685185205,45.10706018518535
,,,,,,,,107.49942129629667,45.290702160493986,55.02372685185205,44.6938657407409
,,,,,,,,107.49942129629667,44.87750771604954,55.02372685185205,44.280671296296454
,,,,,,,,107.47187500000037,44.40462962962978,55.02372685185205,43.477237654321144
,,,,,,,,107.66469907407448,61.96539351851873,55.16145833333353,46.75983796296313
,,,,,,,,107.63715277777816,61.42824074074096,55.1958912037039,39.83883101851866
,,,,,,,,107.67158564814854,56.951967592592794,55.09259259259279,39.528935185185325
,,,,,,,,107.63715277777816,56.44695216049403,55.16145833333353,47.99942129629647
,,,,,,,,107.63715277777816,56.05671296296316,55.16145833333353,47.58622685185202
,,,,,,,,107.67158564814854,54.885995370370566,55.29918981481501,47.08121141975325
,,,,,,,,107.60271990740779,54.335069444444635,55.33362268518538,43.83304398148164
,,,,,,,,107.66469907407448,46.9802083333335,55.46446759259278,46.291550925926096
,,,,,,,,107.63715277777816,46.438464506173005,55.4369212962965,45.749807098765594
,,,,,,,,107.63715277777816,46.07118055555572,55.4369212962965,45.33661265432115
,,,,,,,,107.49942129629667,42.352430555555706,55.4369212962965,44.9234182098767
,,,,,,,,107.77488425925964,54.082561728395255,55.4369212962965,44.51022376543226
,,,,,,,,107.94016203703744,60.94618055555577,55.4369212962965,44.14293981481497
,,,,,,,,107.91261574074112,60.39525462962985,55.47135416666686,43.419849537037194
,,,,,,,,107.91261574074112,59.9820601851854,55.57465277777798,39.87326388888903
,,,,,,,,107.91261574074112,59.568865740740954,55.57465277777798,39.48302469135817
,,,,,,,,107.91261574074112,59.155671296296504,55.71238425925946,46.80574845679029
,,,,,,,,107.91261574074112,58.74247685185206,55.85011574074094,46.34664351851868
,,,,,,,,107.91261574074112,58.32928240740762,55.85011574074094,45.93344907407424
,,,,,,,,107.91261574074112,57.91608796296317,55.85011574074094,45.52025462962979
,,,,,,,,107.91261574074112,57.502893518518725,55.85011574074094,45.10706018518535
,,,,,,,,107.94016203703744,55.57465277777798,55.85011574074094,44.6938657407409
,,,,,,,,107.91261574074112,45.52025462962979,55.85011574074094,44.280671296296454
,,,,,,,,107.91261574074112,45.10706018518535,55.85011574074094,43.86747685185201
,,,,,,,,107.91261574074112,44.6938657407409,55.85011574074094,43.45428240740756
,,,,,,,,107.91261574074112,44.349537037037194,55.98784722222242,39.87326388888903
,,,,,,,,108.07789351851892,62.26840277777801,55.98784722222242,39.528935185185325
,,,,,,,,108.05034722222261,61.726658950617505,56.1255787037039,46.75983796296313
,,,,,,,,108.05034722222261,61.35937500000022,56.26331018518538,46.34664351851868
,,,,,,,,108.07789351851892,56.89687500000021,56.26331018518538,45.93344907407424
,,,,,,,,108.05034722222261,56.355131172839705,56.26331018518538,45.52025462962979
,,,,,,,,108.05034722222261,55.98784722222242,56.26331018518538,45.10706018518535
,,,,,,,,108.07789351851892,54.83090277777798,56.26331018518538,44.6938657407409
,,,,,,,,108.05034722222261,54.28915895061748,56.26331018518538,44.280671296296454
,,,,,,,,108.05034722222261,47.173032407407575,56.26331018518538,43.86747685185201
,,,,,,,,108.05034722222261,46.75983796296313,56.26331018518538,43.45428240740756
,,,,,,,,108.05034722222261,46.34664351851868,56.40104166666687,39.87326388888903
,,,,,,,,108.05034722222261,45.93344907407424,56.40104166666687,39.528935185185325
,,,,,,,,108.05034722222261,42.71971450617299,56.46990740740761,46.75983796296313
,,,,,,,,108.05034722222261,48.41261574074091,56.53877314814835,46.34664351851868
,,,,,,,,108.36024305555594,62.83998842592615,56.53877314814835,45.93344907407424
,,,,,,,,108.36024305555594,60.77401620370392,56.53877314814835,45.52025462962979
,,,,,,,,108.32581018518557,60.30343364197552,56.53877314814835,45.10706018518535
,,,,,,,,108.32581018518557,59.89023919753107,56.53877314814835,44.6938657407409
,,,,,,,,108.32581018518557,59.47704475308663,56.53877314814835,44.280671296296454
,,,,,,,,108.32581018518557,59.06385030864219,56.53877314814835,43.86747685185201
,,,,,,,,108.32581018518557,58.65065586419774,56.53877314814835,43.5231481481483
,,,,,,,,108.32581018518557,58.237461419753295,98.43668981481518,47.94432870370388
,,,,,,,,108.32581018518557,57.824266975308845,98.40914351851887,47.40258487654338
,,,,,,,,108.32581018518557,57.4110725308644,98.40914351851887,46.98939043209893
,,,,,,,,108.36024305555594,55.40248842592612,98.3747106481485,46.553240740740904
,,,,,,,,108.36024305555594,45.48582175925942,98.40914351851887,43.91338734567917
,,,,,,,,108.32581018518557,45.015239197531024,98.54687500000036,43.38541666666682
,,,,,,,,108.32581018518557,44.60204475308658,98.82233796296332,48.13715277777795
,,,,,,,,108.25694444444483,44.349537037037194,98.82233796296332,47.723958333333506
,,,,,,,,108.49797453703742,62.4267939814817,98.82233796296332,47.310763888889056
,,,,,,,,108.46354166666706,61.910300925926144,98.82233796296332,46.89756944444461
,,,,,,,,108.46354166666706,61.4971064814817,98.82233796296332,46.48437500000016
,,,,,,,,108.46354166666706,61.15277777777799,98.82233796296332,44.14293981481497
,,,,,,,,108.49797453703742,57.05526620370391,98.82233796296332,43.72974537037052
,,,,,,,,108.46354166666706,56.53877314814835,98.9600694444448,43.38541666666682
,,,,,,,,108.46354166666706,56.1255787037039,99.23553240740776,48.13715277777795
,,,,,,,,108.46354166666706,55.7812500000002,99.23553240740776,47.723958333333506
,,,,,,,,108.49797453703742,54.98929398148168,99.23553240740776,47.310763888889056
,,,,,,,,108.46354166666706,54.47280092592612,99.23553240740776,46.89756944444461
,,,,,,,,108.46354166666706,54.12847222222241,99.26307870370407,46.374189814814976
,,,,,,,,108.46354166666706,47.1385995370372,99.23553240740776,44.14293981481497
,,,,,,,,108.46354166666706,46.66801697530881,99.23553240740776,43.72974537037052
,,,,,,,,108.46354166666706,46.25482253086436,99.37326388888924,43.4083719135804
,,,,,,,,108.46354166666706,45.93344907407424,99.67627314814852,48.4677083333335
,,,,,,,,108.62881944444484,63.37025462962986,99.6487268518522,47.907600308642145
,,,,,,,,108.60127314814854,43.70679012345695,99.6487268518522,47.4944058641977
,,,,,,,,108.77343750000038,60.636284722222435,99.6487268518522,47.08121141975325
,,,,,,,,108.73900462963002,60.16570216049404,99.6487268518522,46.66801697530881
,,,,,,,,108.73900462963002,59.75250771604959,99.6487268518522,46.25482253086436
,,,,,,,,108.73900462963002,59.33931327160515,99.6487268518522,45.8645833333335
,,,,,,,,108.73900462963002,58.9261188271607,99.67627314814852,44.33576388888904
,,,,,,,,108.73900462963002,58.51292438271626,99.6487268518522,43.77565586419769
,,,,,,,,108.73900462963002,58.099729938271814,99.78645833333368,49.514467592592766
,,,,,,,,108.73900462963002,57.686535493827364,99.78645833333368,49.10127314814832
,,,,,,,,108.76655092592632,45.52025462962979,99.78645833333368,45.38252314814831
,,,,,,,,108.73900462963002,44.969328703703866,99.78645833333368,44.969328703703866
,,,,,,,,108.73900462963002,44.556134259259416,99.78645833333368,43.38541666666682
,,,,,,,,108.73900462963002,44.31510416666682,100.08946759259297,48.63298611111129
,,,,,,,,108.9042824074078,62.73668981481504,100.06192129629665,48.09124228395079
,,,,,,,,108.8767361111115,62.18576388888911,100.06192129629665,47.67804783950634
,,,,,,,,108.8767361111115,61.77256944444466,100.06192129629665,47.2648533950619
,,,,,,,,108.8767361111115,61.35937500000022,100.06192129629665,46.85165895061745
,,,,,,,,108.8767361111115,61.01504629629651,100.06192129629665,46.438464506173005
,,,,,,,,108.91116898148186,57.33072916666687,100.06192129629665,46.025270061728556
,,,,,,,,108.8767361111115,56.81423611111131,100.06192129629665,45.61207561728411
,,,,,,,,108.8767361111115,56.40104166666687,100.08946759259297,44.50104166666683
,,,,,,,,108.8767361111115,55.98784722222242,100.06192129629665,43.95929783950633
,,,,,,,,108.8767361111115,55.57465277777798,100.06192129629665,43.546103395061884
,,,,,,,,108.8767361111115,55.16145833333353,100.19965277777813,49.652199074074254
,,,,,,,,108.8767361111115,54.748263888889085,100.19965277777813,49.239004629629804
,,,,,,,,108.8767361111115,54.335069444444635,100.19965277777813,45.10706018518535
,,,,,,,,108.8767361111115,54.03665123456809,100.4751157407411,48.82581018518536
,,,,,,,,108.9042824074078,47.25567129629647,100.4751157407411,48.41261574074091
,,,,,,,,108.8767361111115,46.71392746913597,100.4751157407411,47.99942129629647
,,,,,,,,108.8767361111115,46.300733024691525,100.4751157407411,47.58622685185202
,,,,,,,,108.8767361111115,45.93344907407424,100.4751157407411,47.173032407407575
,,,,,,,,109.04201388888929,63.70081018518541,100.4751157407411,46.75983796296313
,,,,,,,,109.01446759259298,63.21875000000023,100.4751157407411,46.34664351851868
,,,,,,,,109.01446759259298,48.27488425925943,100.4751157407411,45.93344907407424
,,,,,,,,109.01446759259298,47.86168981481499,100.4751157407411,45.52025462962979
,,,,,,,,109.01446759259298,43.66087962962978,100.4751157407411,44.6938657407409
,,,,,,,,109.18663194444483,64.32060185185208,100.4751157407411,44.280671296296454
,,,,,,,,109.18663194444483,60.498553240740954,100.4751157407411,43.86747685185201
,,,,,,,,109.15219907407446,60.02797067901256,100.4751157407411,43.45428240740756
,,,,,,,,109.15219907407446,59.61477623456811,100.64728009259295,49.61776620370388
,,,,,,,,109.15219907407446,59.20158179012367,100.61284722222258,49.14718364197548
,,,,,,,,109.15219907407446,58.78838734567922,100.64728009259295,45.07262731481497
,,,,,,,,109.15219907407446,58.375192901234776,100.88831018518555,48.515914351852025
,,,,,,,,109.15219907407446,57.93330439814835,100.88831018518555,48.045331790123626
,,,,,,,,109.15219907407446,45.38252314814831,100.88831018518555,47.63213734567918
,,,,,,,,109.15219907407446,44.969328703703866,100.88831018518555,47.21894290123473
,,,,,,,,109.15219907407446,44.556134259259416,100.88831018518555,46.80574845679029
,,,,,,,,109.15219907407446,44.14293981481497,100.88831018518555,46.39255401234584
,,,,,,,,109.31747685185226,62.68159722222245,100.88831018518555,45.9793595679014
,,,,,,,,109.25549768518557,62.18576388888911,100.88831018518555,45.566165123456955
,,,,,,,,109.22106481481521,61.22164351851874,100.88831018518555,44.38396990740757
,,,,,,,,109.28993055555594,60.80844907407429,100.88831018518555,43.91338734567917
,,,,,,,,109.28993055555594,57.11265432098786,100.88831018518555,43.44050925925941
,,,,,,,,109.22106481481521,56.74537037037057,101.05358796296333,50.80914351851869
,,,,,,,,109.22106481481521,56.33217592592612,101.02604166666703,50.249035493827336
,,,,,,,,109.22106481481521,55.91898148148168,101.02604166666703,49.83584104938289
,,,,,,,,109.22106481481521,55.50578703703724,101.02604166666703,49.42264660493845
,,,,,,,,109.15219907407446,55.16145833333353,101.02604166666703,49.009452160494
,,,,,,,,109.15219907407446,54.748263888889085,101.05358796296333,45.02442129629645
,,,,,,,,109.15219907407446,54.403935185185375,101.30150462962999,48.55034722222239
,,,,,,,,109.32436342592631,47.41406250000017,101.30150462962999,48.13715277777795
,,,,,,,,109.28993055555594,46.94347993827177,101.30150462962999,47.723958333333506
,,,,,,,,109.28993055555594,46.53028549382733,101.30150462962999,47.310763888889056
,,,,,,,,109.28993055555594,46.11709104938288,101.30150462962999,46.89756944444461
,,,,,,,,109.28993055555594,45.703896604938436,101.30150462962999,46.48437500000016
,,,,,,,,109.4620949074078,63.666377314815044,101.30150462962999,46.07118055555572
,,,,,,,,109.42766203703742,63.195794753086645,101.30150462962999,45.65798611111127
,,,,,,,,109.45520833333374,48.21979166666684,101.30150462962999,44.418402777777935
,,,,,,,,109.42766203703742,47.723958333333506,101.30150462962999,44.00520833333349
,,,,,,,,109.45520833333374,43.72974537037052,101.30150462962999,43.45428240740756
,,,,,,,,109.59293981481522,64.47210648148172,101.43923611111147,51.02951388888907
,,,,,,,,109.5653935185189,63.97627314814837,101.43923611111147,50.61631944444463
,,,,,,,,109.5653935185189,60.257523148148366,101.43923611111147,50.20312500000018
,,,,,,,,109.5653935185189,59.844328703703916,101.43923611111147,49.789930555555735
,,,,,,,,109.5653935185189,59.43113425925947,101.43923611111147,49.376736111111285
,,,,,,,,109.5653935185189,59.01793981481502,101.43923611111147,48.96354166666684
,,,,,,,,109.5653935185189,58.60474537037058,101.43923611111147,45.24479166666683
,,,,,,,,109.53096064814854,58.12268518518539,101.43923611111147,44.831597222222385
,,,,,,,,109.5653935185189,45.10706018518535,101.71469907407443,48.55034722222239
,,,,,,,,109.5653935185189,44.6938657407409,101.71469907407443,48.13715277777795
,,,,,,,,109.5653935185189,44.349537037037194,101.71469907407443,47.723958333333506
,,,,,,,,109.67557870370408,62.48877314814837,101.71469907407443,47.310763888889056
,,,,,,,,109.70312500000038,60.67071759259281,101.71469907407443,46.89756944444461
,,,,,,,,109.63425925925965,57.089699074074275,101.71469907407443,46.48437500000016
,,,,,,,,109.70312500000038,47.173032407407575,101.71469907407443,46.07118055555572
,,,,,,,,109.70312500000038,46.75983796296313,101.71469907407443,45.65798611111127
,,,,,,,,109.70312500000038,46.34664351851868,101.71469907407443,44.418402777777935
,,,,,,,,109.70312500000038,45.93344907407424,101.71469907407443,44.00520833333349
,,,,,,,,109.70312500000038,45.52025462962979,101.71469907407443,43.45428240740756
,,,,,,,,109.84085648148186,63.42534722222245,101.85243055555591,51.02951388888907
,,,,,,,,109.84085648148186,63.012152777778,101.85243055555591,50.61631944444463
,,,,,,,,109.84085648148186,48.41261574074091,101.85243055555591,50.20312500000018
,,,,,,,,109.84085648148186,47.99942129629647,101.85243055555591,49.789930555555735
,,,,,,,,109.84085648148186,47.58622685185202,101.85243055555591,49.376736111111285
,,,,,,,,109.84085648148186,43.86747685185201,101.85243055555591,48.96354166666684
,,,,,,,,109.97858796296336,64.66493055555578,101.85243055555591,45.24479166666683
,,,,,,,,109.97858796296336,64.25173611111134,101.85243055555591,44.831597222222385
,,,,,,,,109.97858796296336,63.83854166666689,102.1554398148152,48.49525462962981
,,,,,,,,109.97858796296336,62.254629629629854,102.12789351851887,47.9535108024693
,,,,,,,,109.97858796296336,60.257523148148366,102.12789351851887,47.54031635802486
,,,,,,,,109.97858796296336,59.844328703703916,102.12789351851887,47.12712191358042
,,,,,,,,109.97858796296336,59.43113425925947,102.12789351851887,46.71392746913597
,,,,,,,,109.97858796296336,59.01793981481502,102.12789351851887,46.300733024691525
,,,,,,,,109.97858796296336,58.60474537037058,102.12789351851887,45.887538580247075
,,,,,,,,109.97858796296336,58.26041666666687,102.12789351851887,45.47434413580263
,,,,,,,,109.97858796296336,45.10706018518535,102.1554398148152,44.36331018518535
,,,,,,,,109.97858796296336,44.6938657407409,102.12789351851887,43.821566358024846
,,,,,,,,109.97858796296336,44.280671296296454,102.09346064814851,43.402633101852004
,,,,,,,,110.15075231481521,62.56452546296318,102.30005787037074,51.201678240740925
,,,,,,,,110.11631944444484,60.62480709876565,102.26562500000037,50.70814043209894
,,,,,,,,110.15075231481521,47.1385995370372,102.26562500000037,50.2949459876545
,,,,,,,,110.11631944444484,46.66801697530881,102.26562500000037,49.88175154321005
,,,,,,,,110.11631944444484,46.25482253086436,102.26562500000037,49.46855709876561
,,,,,,,,110.11631944444484,45.84162808641992,102.26562500000037,49.055362654321165
,,,,,,,,110.11631944444484,45.42843364197547,102.30005787037074,45.00376157407423
,,,,,,,,110.28159722222263,63.42534722222245,102.40335648148185,60.48707561728416
,,,,,,,,110.25405092592632,62.94328703703726,102.43090277777816,59.51377314814837
,,,,,,,,110.28159722222263,48.35752314814833,102.40335648148185,58.972029320987865
,,,,,,,,110.25405092592632,47.81577932098782,102.40335648148185,51.54600694444463
,,,,,,,,110.25405092592632,47.44849537037054,102.40335648148185,42.19174382716064
,,,,,,,,110.25405092592632,43.95929783950633,102.5755208333337,48.584780092592766
,,,,,,,,110.41932870370411,64.74756944444468,102.54108796296333,48.09124228395079
,,,,,,,,110.3917824074078,64.20582561728418,102.54108796296333,47.67804783950634
,,,,,,,,110.3917824074078,63.83854166666689,102.54108796296333,47.2648533950619
,,,,,,,,110.3917824074078,59.706597222222435,102.54108796296333,46.85165895061745
,,,,,,,,110.3917824074078,59.29340277777799,102.54108796296333,46.438464506173005
,,,,,,,,110.3917824074078,58.88020833333354,102.54108796296333,46.025270061728556
,,,,,,,,110.29996141975347,58.489969135802674,102.54108796296333,45.61207561728411
,,,,,,,,110.42621527777817,44.79716435185201,102.5755208333337,44.45283564814831
,,,,,,,,110.3917824074078,44.32658179012361,102.54108796296333,43.95929783950633
,,,,,,,,110.52951388888928,62.41531635802491,102.54108796296333,43.546103395061884
,,,,,,,,110.55706018518559,46.84247685185202,102.54108796296333,43.075520833333485
,,,,,,,,110.52951388888928,46.300733024691525,102.67881944444481,60.11979166666688
,,,,,,,,110.52951388888928,45.887538580247075,102.70636574074112,58.687384259259474
,,,,,,,,110.52951388888928,45.47434413580263,102.67881944444481,52.40682870370389
,,,,,,,,110.52951388888928,45.10706018518535,102.67881944444481,51.993634259259444
,,,,,,,,110.66724537037076,63.322048611111335,102.70636574074112,51.08460648148166
,,,,,,,,110.66724537037076,62.87442129629652,102.67881944444481,50.524498456790305
,,,,,,,,110.70167824074113,49.4800347222224,102.67881944444481,50.111304012345855
,,,,,,,,110.70167824074113,48.653645833333506,102.67881944444481,49.69810956790141
,,,,,,,,110.66724537037076,48.18306327160511,102.67881944444481,49.28491512345696
,,,,,,,,110.66724537037076,47.769868827160664,102.67881944444481,48.8946759259261
,,,,,,,,110.66724537037076,47.356674382716214,102.71325231481518,45.24479166666683
,,,,,,,,110.66724537037076,43.93634259259275,102.67881944444481,44.76273148148164
,,,,,,,,110.83252314814855,65.21585648148171,102.8165509259263,60.53298611111133
,,,,,,,,110.80497685185225,64.66493055555578,102.8165509259263,59.706597222222435
,,,,,,,,110.80497685185225,64.25173611111134,102.8165509259263,59.29340277777799
,,,,,,,,110.80497685185225,63.83854166666689,102.8165509259263,42.214699074074225
,,,,,,,,110.80497685185225,59.50000000000021,102.95428240740777,48.41261574074091
,,,,,,,,110.66724537037076,59.155671296296504,102.95428240740777,47.99942129629647
,,,,,,,,110.66724537037076,58.8113425925928,102.95428240740777,47.58622685185202
,,,,,,,,110.85088734567941,49.055362654321165,102.95428240740777,47.173032407407575
,,,,,,,,110.80497685185225,44.60778356481497,102.95428240740777,46.75983796296313
,,,,,,,,110.9771412037041,62.58174189814837,102.95428240740777,46.34664351851868
,,,,,,,,110.94270833333373,46.75983796296313,102.95428240740777,45.93344907407424
,,,,,,,,110.94270833333373,46.34664351851868,102.95428240740777,44.280671296296454
,,,,,,,,110.94270833333373,45.93344907407424,102.95428240740777,43.86747685185201
,,,,,,,,110.94270833333373,45.52025462962979,102.95428240740777,43.45428240740756
,,,,,,,,110.94270833333373,45.13001543209893,102.95428240740777,43.04108796296312
,,,,,,,,111.08043981481521,63.390914351852075,103.12644675925962,60.11979166666688
,,,,,,,,111.08043981481521,63.012152777778,103.12644675925962,58.845775462963175
,,,,,,,,111.08043981481521,49.652199074074254,103.02314814814851,58.53587962962984
,,,,,,,,111.08043981481521,48.41261574074091,103.12644675925962,52.23466435185204
,,,,,,,,111.08043981481521,47.99942129629647,103.02314814814851,51.924768518518704
,,,,,,,,111.08043981481521,47.58622685185202,103.12644675925962,51.339409722222406
,,,,,,,,111.08043981481521,47.173032407407575,103.09201388888926,50.845871913580424
,,,,,,,,111.24571759259301,66.51053240740764,103.09201388888926,50.43267746913598
,,,,,,,,111.21817129629669,65.95042438271628,103.09201388888926,50.01948302469154
,,,,,,,,111.21817129629669,65.53722993827184,103.09201388888926,49.60628858024709
,,,,,,,,111.21817129629669,65.12403549382739,103.09201388888926,49.193094135802646
,,,,,,,,111.21817129629669,64.71084104938295,103.09201388888926,48.779899691358196
,,,,,,,,111.21817129629669,64.2976466049385,103.12644675925962,45.55468750000016
,,,,,,,,111.21817129629669,63.88445216049406,103.09201388888926,45.06114969135818
,,,,,,,,111.19062500000038,59.844328703703916,103.09201388888926,44.64795524691374
,,,,,,,,111.21817129629669,49.239004629629804,103.09201388888926,60.53298611111133
,,,,,,,,111.21817129629669,48.82581018518536,103.16087962963,59.568865740740954
,,,,,,,,111.35590277777817,62.57600308641997,103.22974537037074,59.29340277777799
,,,,,,,,111.28703703703744,46.75983796296313,103.25729166666704,42.29733796296312
,,,,,,,,111.28703703703744,46.2089120370372,103.40190972222258,48.309317129629804
,,,,,,,,111.35590277777817,45.84162808641992,103.36747685185222,47.81577932098782
,,,,,,,,111.3214699074078,45.41695601851868,103.36747685185222,47.40258487654338
,,,,,,,,111.49363425925965,63.54012345679035,103.36747685185222,46.98939043209893
,,,,,,,,111.35590277777817,63.012152777778,103.36747685185222,46.576195987654486
,,,,,,,,111.52806712963003,49.61776620370388,103.36747685185222,46.163001543210044
,,,,,,,,111.52118055555597,48.32997685185202,103.40190972222258,44.17737268518534
,,,,,,,,111.49363425925965,47.93055555555573,103.36747685185222,43.683834876543365
,,,,,,,,111.35590277777817,47.58622685185202,103.36747685185222,43.27064043209892
,,,,,,,,111.35590277777817,47.173032407407575,103.36747685185222,42.85744598765447
,,,,,,,,111.63136574074113,66.54726080246937,103.53275462963002,58.93530092592613
,,,,,,,,111.63136574074113,66.13406635802492,103.5052083333337,58.421103395061934
,,,,,,,,111.63136574074113,65.72087191358048,103.5052083333337,52.40682870370389
,,,,,,,,111.63136574074113,65.30767746913604,103.36747685185222,51.993634259259444
,,,,,,,,111.63136574074113,64.8944830246916,103.5052083333337,51.534529320987836
,,,,,,,,111.63136574074113,64.48128858024714,103.5052083333337,51.12133487654339
,,,,,,,,111.63136574074113,64.0680941358027,103.5052083333337,50.70814043209894
,,,,,,,,111.49363425925965,63.83854166666689,103.5052083333337,50.2949459876545
,,,,,,,,111.66579861111151,49.13570601851869,103.5052083333337,49.88175154321005
,,,,,,,,111.63136574074113,48.68807870370388,103.5052083333337,49.46855709876561
,,,,,,,,111.76909722222261,45.887538580247075,103.5052083333337,49.055362654321165
,,,,,,,,111.76909722222261,45.52025462962979,103.5052083333337,48.68807870370388
,,,,,,,,111.94126157407447,49.75549768518536,103.5052083333337,45.8645833333335
,,,,,,,,111.90682870370411,48.02237654321005,103.36747685185222,45.38252314814831
,,,,,,,,111.97569444444484,66.17997685185209,103.36747685185222,44.969328703703866
,,,,,,,,112.04456018518559,65.8126929012348,103.5052083333337,44.487268518518675
,,,,,,,,112.04456018518559,65.39949845679035,103.64293981481518,42.214699074074225
,,,,,,,,112.04456018518559,64.98630401234591,103.81510416666704,48.24045138888906
,,,,,,,,112.04456018518559,64.57310956790147,103.78067129629666,47.769868827160664
,,,,,,,,112.04456018518559,64.15991512345701,103.78067129629666,47.356674382716214
,,,,,,,,112.04456018518559,63.90740740740763,103.78067129629666,46.94347993827177
,,,,,,,,112.07899305555596,49.34230324074092,103.78067129629666,46.53028549382733
,,,,,,,,112.04456018518559,48.82581018518536,103.78067129629666,46.163001543210044
,,,,,,,,112.04456018518559,48.48148148148165,103.78067129629666,44.00520833333349
,,,,,,,,112.21672453703744,45.761284722222385,103.78067129629666,43.59201388888904
,,,,,,,,112.18229166666707,45.33661265432115,103.78067129629666,43.1788194444446
,,,,,,,,112.35445601851892,50.03096064814832,103.78067129629666,42.76562500000015
,,,,,,,,112.29247685185223,47.971875000000175,103.91840277777814,59.155671296296504
,,,,,,,,112.45775462963003,65.92746913580271,103.91840277777814,58.74247685185206
,,,,,,,,112.45775462963003,65.39949845679035,103.91840277777814,58.32928240740762
,,,,,,,,112.45775462963003,64.98630401234591,103.91840277777814,57.93904320987675
,,,,,,,,112.45775462963003,64.57310956790147,103.94594907407446,57.2962962962965
,,,,,,,,112.45775462963003,64.1828703703706,103.91840277777814,56.26331018518538
,,,,,,,,112.32002314814855,63.90740740740763,103.91840277777814,55.4369212962965
,,,,,,,,112.45775462963003,49.6108796296298,103.94594907407446,54.417708333333536
,,,,,,,,112.45775462963003,48.458526234568076,103.91840277777814,53.99074074074093
,,,,,,,,112.59548611111151,46.89756944444461,103.78067129629666,52.40682870370389
,,,,,,,,112.59548611111151,45.887538580247075,103.91840277777814,51.511574074074254
,,,,,,,,112.59548611111151,45.47434413580263,103.91840277777814,51.02951388888907
,,,,,,,,112.59548611111151,45.10706018518535,103.91840277777814,50.61631944444463
,,,,,,,,112.76765046296336,50.84013310185203,103.91840277777814,50.20312500000018
,,,,,,,,112.733217592593,50.27199074074092,103.91840277777814,49.789930555555735
,,,,,,,,112.59548611111151,43.1788194444446,103.91840277777814,49.376736111111285
,,,,,,,,112.733217592593,37.118634259259395,103.91840277777814,48.96354166666684
,,,,,,,,112.733217592593,65.83564814814838,103.91840277777814,48.61921296296313
,,,,,,,,112.83651620370411,65.30193865740765,103.91840277777814,44.37249228395078
,,,,,,,,112.733217592593,64.38946759259282,104.05613425925962,56.67650462962983
,,,,,,,,112.89849537037078,49.652199074074254,104.05613425925962,55.85011574074094
,,,,,,,,112.87094907407447,48.34375000000017,104.05613425925962,55.02372685185205
,,,,,,,,112.98113425925965,46.92511574074091,104.05613425925962,42.352430555555706
,,,,,,,,112.93981481481522,45.65798611111127,104.12500000000037,51.95920138888907
,,,,,,,,113.00868055555596,45.24479166666683,104.19386574074112,48.13715277777795
,,,,,,,,113.00868055555596,44.831597222222385,104.19386574074112,47.723958333333506
,,,,,,,,113.00868055555596,44.418402777777935,104.19386574074112,47.310763888889056
,,,,,,,,113.00868055555596,44.14293981481497,104.19386574074112,46.89756944444461
,,,,,,,,113.17395833333376,50.974421296296484,104.19386574074112,46.48437500000016
,,,,,,,,113.14641203703744,50.43267746913598,104.19386574074112,46.14004629629646
,,,,,,,,113.14641203703744,50.01948302469154,104.19386574074112,43.86747685185201
,,,,,,,,113.14641203703744,37.14158950617297,104.19386574074112,43.45428240740756
,,,,,,,,113.2786827177,50.5244984567903,104.19386574074112,43.04108796296312
,,,,,,,,113.3270847037,52.1313657407409,104.3315972222226,59.155671296296504
,,,,,,,,113.3448594529,62.0135995370372,104.3315972222226,58.74247685185206
,,,,,,,,113.3469467617,63.1371527777779,104.3315972222226,58.32928240740762
,,,,,,,,113.3745493651,51.4082754629631,104.3315972222226,57.91608796296317
,,,,,,,,113.4298637447,51.2705439814816,104.3315972222226,57.502893518518725
,,,,,,,,113.4492649911,61.2216435185187,104.3315972222226,57.089699074074275
,,,,,,,,113.6662559321,51.1672453703705,104.3315972222226,56.217399691358224
,,,,,,,,113.8694460685,50.099826388889,104.3315972222226,55.47135416666686
,,,,,,,,113.8707506289,50.7540509259261,104.3315972222226,54.64496527777797
,,,,,,,,113.8841503676,50.3408564814816,104.3315972222226,54.17438271604958
,,,,,,,,113.9354043697,50.7540509259261,104.3315972222226,51.396797839506355
,,,,,,,,113.953355457,49.9620949074075,104.3315972222226,50.98360339506191
,,,,,,,,114.006457849,51.5287905092594,104.26273148148185,50.61631944444463
,,,,,,,,114.0820555595,51.580439814815,104.3315972222226,50.15721450617302
,,,,,,,,114.0961938452,63.6421682098767,104.3315972222226,49.74402006172857
,,,,,,,,114.2256008186,52.1543209876545,104.3315972222226,49.33082561728413
,,,,,,,,114.3044404158,50.3867669753088,104.3315972222226,48.91763117283968
,,,,,,,,114.3335449481,63.2748842592594,104.3315972222226,48.504436728395234
,,,,,,,,114.3358755229,63.2289737654322,104.36603009259296,44.24623842592608
,,,,,,,,114.3597504812,50.2719907407409,104.50376157407445,56.72815393518539
,,,,,,,,114.4279220116,64.6981095679014,104.49687500000039,42.57280092592608
,,,,,,,,114.433226846,50.9376929012347,104.46932870370408,42.1228780864199
,,,,,,,,,,104.60706018518556,55.884548611111306
,,,,,,,,,,104.60706018518556,55.05815972222242
,,,,,,,,,,104.63460648148187,48.05451388888905
,,,,,,,,,,104.60706018518556,47.4944058641977
,,,,,,,,,,104.60706018518556,47.08121141975325
,,,,,,,,,,104.60706018518556,46.66801697530881
,,,,,,,,,,104.5726273148152,46.2089120370372
,,,,,,,,,,104.60706018518556,43.59201388888904
,,,,,,,,,,104.60706018518556,43.1788194444446
,,,,,,,,,,104.77233796296335,54.417708333333536
,,,,,,,,,,104.60706018518556,54.12847222222241
,,,,,,,,,,104.74479166666704,49.88175154321005
,,,,,,,,,,104.74479166666704,49.46855709876561
,,,,,,,,,,104.74479166666704,49.055362654321165
,,,,,,,,,,104.74479166666704,48.642168209876715
,,,,,,,,,,104.77922453703741,45.88179976851868
,,,,,,,,,,104.74479166666704,44.418402777777935
,,,,,,,,,,104.74479166666704,44.00520833333349
,,,,,,,,114.52372685185226,50.01948302469154,104.88252314814852,56.67650462962983
,,,,,,,,114.52372685185226,48.06828703703721,104.88252314814852,56.26331018518538
,,,,,,,,114.49618055555595,46.690972222222385,104.88252314814852,55.4369212962965
,,,,,,,,114.68900462963005,47.310763888889056,104.91695601851889,44.86603009259275
,,,,,,,,114.69589120370411,45.967881944444606,104.91695601851889,42.80005787037052
,,,,,,,,114.66145833333374,45.47434413580263,104.85497685185221,42.214699074074225
,,,,,,,,114.63391203703743,44.969328703703866,105.05468750000037,55.884548611111306
,,,,,,,,114.79918981481522,51.580439814815,105.05468750000037,55.05815972222242
,,,,,,,,114.79918981481522,51.16724537037055,105.04780092592631,48.13715277777795
,,,,,,,,114.79918981481522,50.75405092592611,105.02025462963,47.58622685185202
,,,,,,,,114.82673611111153,50.23067129629647,105.02025462963,47.173032407407575
,,,,,,,,114.79918981481522,49.239004629629804,105.02025462963,46.75983796296313
,,,,,,,,114.79918981481522,48.8946759259261,105.02025462963,46.34664351851868
,,,,,,,,114.79918981481522,46.438464506173005,105.05468750000037,45.279224537037194
,,,,,,,,114.79918981481522,41.52604166666681,105.04780092592631,43.59201388888904
,,,,,,,,114.96446759259302,47.8065972222224,105.02025462963,43.04108796296312
,,,,,,,,114.9369212962967,44.73977623456806,105.19241898148185,54.610532407407604
,,,,,,,,115.07465277777818,47.173032407407575,105.15798611111148,54.151427469135996
,,,,,,,,115.07465277777818,46.75983796296313,105.15798611111148,48.68807870370388
,,,,,,,,115.00578703703745,45.93344907407424,105.19241898148185,45.8645833333335
,,,,,,,,115.07465277777818,45.52025462962979,105.18553240740779,44.280671296296454
,,,,,,,,115.07465277777818,45.10706018518535,105.29571759259296,56.53877314814835
,,,,,,,,115.21238425925966,51.580439814815,105.32326388888929,42.54525462962978
,,,,,,,,115.21238425925966,51.16724537037055,105.29571759259296,42.09992283950632
,,,,,,,,115.21238425925966,50.75405092592611,105.43344907407445,56.1255787037039
,,,,,,,,115.1779513888893,50.27199074074092,105.43344907407445,55.71238425925946
,,,,,,,,115.23993055555599,49.29409722222239,105.43344907407445,55.29918981481501
,,,,,,,,115.21238425925966,48.80285493827178,105.46788194444481,48.102719907407575
,,,,,,,,115.24681712963005,46.3294270833335,105.43344907407445,47.63213734567918
,,,,,,,,115.07465277777818,41.52604166666681,105.43344907407445,47.21894290123473
,,,,,,,,115.35011574074115,49.927662037037216,105.43344907407445,46.80574845679029
,,,,,,,,115.37766203703747,47.99942129629647,105.43344907407445,46.39255401234584
,,,,,,,,115.35011574074115,47.44849537037054,105.46788194444481,45.210358796296454
,,,,,,,,115.37766203703747,44.6938657407409,105.43344907407445,44.73977623456806
,,,,,,,,115.35011574074115,44.14293981481497,105.46788194444481,43.557581018518675
,,,,,,,,115.31568287037078,43.695312500000156,105.43344907407445,43.086998456790276
,,,,,,,,115.51539351851895,46.84247685185202,105.57118055555593,54.885995370370566
,,,,,,,,115.51539351851895,45.602893518518684,105.57118055555593,54.47280092592612
,,,,,,,,115.48784722222263,45.10706018518535,105.57118055555593,54.12847222222241
,,,,,,,,115.62557870370411,51.48861882716068,105.60561342592631,48.61921296296313
,,,,,,,,115.62557870370411,51.07542438271623,105.60561342592631,46.03674768518535
,,,,,,,,115.62557870370411,50.662229938271786,105.57118055555593,45.58912037037053
,,,,,,,,115.62557870370411,50.249035493827336,105.60561342592631,44.38396990740757
,,,,,,,,115.66001157407449,49.4800347222224,105.57118055555593,43.93634259259275
,,,,,,,,115.62557870370411,49.009452160494,105.70891203703741,56.53877314814835
,,,,,,,,115.62557870370411,48.59625771604956,105.73645833333373,42.4350694444446
,,,,,,,,115.66001157407449,46.17447916666683,105.57118055555593,42.145833333333485
,,,,,,,,115.66001157407449,43.282118055555706,105.84664351851889,56.1255787037039
,,,,,,,,115.7633101851856,49.927662037037216,105.84664351851889,55.71238425925946
,,,,,,,,115.7633101851856,48.18306327160511,105.84664351851889,55.29918981481501
,,,,,,,,115.7633101851856,47.769868827160664,105.88107638888927,47.982204861111285
,,,,,,,,115.7633101851856,47.356674382716214,105.77777777777816,47.58622685185202
,,,,,,,,115.7633101851856,44.52170138888905,105.84664351851889,47.173032407407575
,,,,,,,,115.7633101851856,44.05111882716065,105.84664351851889,46.75983796296313
,,,,,,,,115.7633101851856,43.72974537037052,105.84664351851889,45.10706018518535
,,,,,,,,115.7633101851856,42.880401234568055,105.84664351851889,43.45428240740756
,,,,,,,,115.92858796296339,46.75983796296313,105.84664351851889,43.04108796296312
,,,,,,,,115.92858796296339,45.52025462962979,105.98437500000037,54.885995370370566
,,,,,,,,115.90104166666708,44.969328703703866,105.95682870370406,54.36261574074093
,,,,,,,,115.90104166666708,41.93923611111126,105.84664351851889,48.41261574074091
,,,,,,,,115.96990740740782,51.06394675925944,106.01880787037075,46.312210648148316
,,,,,,,,115.90104166666708,50.75405092592611,105.98437500000037,45.84162808641992
,,,,,,,,115.96990740740782,50.27199074074092,105.98437500000037,45.42843364197547
,,,,,,,,116.03877314814856,49.54890046296314,106.01880787037075,44.65943287037053
,,,,,,,,116.03877314814856,49.055362654321165,105.98437500000037,44.18885030864213
,,,,,,,,116.03877314814856,48.642168209876715,105.98437500000037,43.77565586419769
,,,,,,,,116.07320601851893,46.2089120370372,106.15653935185223,56.50434027777798
,,,,,,,,116.06631944444487,43.37164351851867,106.14965277777817,42.57280092592608
,,,,,,,,116.06631944444487,42.54525462962978,106.12210648148186,42.1228780864199
,,,,,,,,116.20405092592635,48.08206018518536,106.29427083333371,56.022280092592794
,,,,,,,,116.17650462963005,47.54031635802486,106.25983796296335,55.52874228395081
,,,,,,,,116.1076388888893,47.241898148148316,106.25983796296335,55.11554783950637
,,,,,,,,116.17650462963005,44.418402777777935,106.12210648148186,46.89756944444461
,,,,,,,,116.17650462963005,44.00520833333349,106.29427083333371,43.213252314814966
,,,,,,,,116.17650462963005,41.69820601851867,106.39756944444483,54.55543981481502
,,,,,,,,116.31423611111153,49.927662037037216,106.32870370370408,46.00231481481498
,,,,,,,,116.3486689814819,45.692418981481644,106.39756944444483,45.61207561728411
,,,,,,,,116.31423611111153,45.19888117283967,106.39756944444483,45.19888117283967
,,,,,,,,116.31423611111153,44.78568672839522,106.39756944444483,44.78568672839522
,,,,,,,,116.45196759259301,49.514467592592766,106.39756944444483,44.37249228395078
,,,,,,,,116.45196759259301,49.10127314814832,106.39756944444483,43.95929783950633
,,,,,,,,116.45196759259301,48.68807870370388,106.39756944444483,43.59201388888904
,,,,,,,,116.45196759259301,46.39255401234584,106.56284722222262,56.67650462962983
,,,,,,,,116.45196759259301,46.00231481481498,106.56284722222262,42.57280092592608
,,,,,,,,116.47951388888931,43.647106481481636,106.53530092592631,42.03105709876558
,,,,,,,,116.45196759259301,43.086998456790276,106.39756944444483,41.870370370370516
,,,,,,,,116.38310185185226,42.76562500000015,106.7005787037041,59.238310185185405
,,,,,,,,116.38310185185226,42.008101851852004,106.67303240740779,58.6965663580249
,,,,,,,,116.45196759259301,41.336660879629775,106.67303240740779,58.28337191358045
,,,,,,,,116.58969907407449,48.27488425925943,106.67303240740779,57.87017746913601
,,,,,,,,116.58969907407449,47.86168981481499,106.67303240740779,57.45698302469156
,,,,,,,,116.62413194444485,47.39684606481498,106.67303240740779,57.089699074074275
,,,,,,,,116.62413194444485,44.24623842592608,106.7005787037041,55.932754629629834
,,,,,,,,116.72743055555597,49.927662037037216,106.67303240740779,55.39101080246933
,,,,,,,,116.75497685185228,45.4651620370372,106.67303240740779,54.97781635802489
,,,,,,,,116.72743055555597,44.9234182098767,106.67303240740779,43.1788194444446
,,,,,,,,116.72743055555597,44.59056712962979,106.67303240740779,41.52604166666681
,,,,,,,,116.76186342592634,41.594907407407554,106.67303240740779,40.97511574074089
,,,,,,,,116.86516203703745,49.514467592592766,106.81076388888927,54.65644290123476
,,,,,,,,116.86516203703745,49.10127314814832,106.81076388888927,45.65798611111127
,,,,,,,,116.86516203703745,48.68807870370388,106.81076388888927,45.24479166666683
,,,,,,,,116.86516203703745,46.48437500000016,106.81076388888927,44.831597222222385
,,,,,,,,116.86516203703745,46.07118055555572,106.81076388888927,44.418402777777935
,,,,,,,,116.72743055555597,43.59201388888904,106.81076388888927,44.00520833333349
,,,,,,,,116.83072916666708,43.006655092592744,106.81076388888927,43.59201388888904
,,,,,,,,116.72743055555597,41.31944444444459,106.97604166666706,56.59386574074093
,,,,,,,,117.00289351851893,48.27488425925943,106.94849537037075,42.76562500000015
,,,,,,,,117.00289351851893,47.86168981481499,106.94849537037075,42.352430555555706
,,,,,,,,117.00289351851893,47.44849537037054,106.94849537037075,41.93923611111126
,,,,,,,,117.00289351851893,47.08121141975325,107.08622685185223,59.29340277777799
,,,,,,,,117.00289351851893,42.83449074074089,107.08622685185223,58.88020833333354
,,,,,,,,117.14062500000041,49.927662037037216,107.08622685185223,58.4670138888891
,,,,,,,,117.16817129629673,45.602893518518684,107.08622685185223,58.05381944444465
,,,,,,,,117.14062500000041,45.084104938271764,107.08622685185223,57.640625000000206
,,,,,,,,117.00289351851893,44.831597222222385,107.08622685185223,57.227430555555756
,,,,,,,,117.07175925925968,41.732638888889035,107.08622685185223,55.98784722222242
,,,,,,,,117.2783564814819,49.514467592592766,107.1206597222226,55.50578703703724
,,,,,,,,117.2783564814819,49.10127314814832,107.04031635802507,55.09259259259279
,,,,,,,,117.2783564814819,48.68807870370388,107.08622685185223,43.1788194444446
,,,,,,,,117.2783564814819,46.622106481481644,107.0173611111115,41.52604166666681
,,,,,,,,117.2783564814819,46.2089120370372,107.0173611111115,40.97511574074089
,,,,,,,,117.41608796296337,48.27488425925943,107.25839120370408,45.623553240740904
,,,,,,,,117.41608796296337,47.86168981481499,107.22395833333371,45.152970679012505
,,,,,,,,117.41608796296337,47.44849537037054,107.22395833333371,44.73977623456806
,,,,,,,,117.41608796296337,47.035300925926094,107.22395833333371,44.32658179012361
,,,,,,,,117.2783564814819,42.83449074074089,107.22395833333371,43.91338734567917
,,,,,,,,117.58825231481524,49.89322916666684,107.22395833333371,43.50019290123472
,,,,,,,,117.58825231481524,45.77850115740757,107.39612268518556,56.77980324074094
,,,,,,,,117.46199845679054,45.31365740740757,107.3616898148152,56.30922067901255
,,,,,,,,117.69155092592635,49.42264660493845,107.3616898148152,42.73119212962978
,,,,,,,,117.69155092592635,49.009452160494,107.3616898148152,42.26060956790138
,,,,,,,,117.69155092592635,48.59625771604956,107.3616898148152,41.91628086419768
,,,,,,,,117.69155092592635,46.58767361111128,107.526967592593,59.238310185185405
,,,,,,,,117.69155092592635,46.2089120370372,107.49942129629667,58.6965663580249
,,,,,,,,117.82928240740783,48.033854166666835,107.49942129629667,58.28337191358045
,,,,,,,,117.82928240740783,47.54031635802486,107.49942129629667,57.87017746913601
,,,,,,,,117.82928240740783,47.12712191358042,107.49942129629667,57.45698302469156
,,,,,,,,118.00144675925968,50.94343171296315,107.49942129629667,57.089699074074275
,,,,,,,,117.96701388888931,50.30642361111129,107.53385416666706,55.884548611111306
,,,,,,,,117.96701388888931,49.83584104938289,107.46498842592631,55.40248842592612
,,,,,,,,117.93946759259299,45.740625000000165,107.66469907407448,61.910300925926144
,,,,,,,,117.96701388888931,52.82002314814834,107.66469907407448,46.07118055555572
,,,,,,,,118.03587962963005,51.47714120370389,107.63715277777816,45.52025462962979
,,,,,,,,118.1047453703708,49.27343750000018,107.63715277777816,45.10706018518535
,,,,,,,,118.1047453703708,48.779899691358196,107.63715277777816,44.6938657407409
,,,,,,,,118.1047453703708,48.36670524691375,107.63715277777816,44.280671296296454
,,,,,,,,118.1047453703708,46.7942708333335,107.63715277777816,43.86747685185201
,,,,,,,,118.1047453703708,46.300733024691525,107.63715277777816,43.45428240740756
,,,,,,,,118.1047453703708,41.870370370370516,107.63715277777816,43.04108796296312
,,,,,,,,118.1047453703708,38.63368055555569,107.77488425925964,61.313464506173055
,,,,,,,,118.27002314814858,47.86168981481499,107.74045138888927,60.84288194444466
,,,,,,,,118.24247685185227,47.310763888889056,107.80243055555596,56.59386574074093
,,,,,,,,118.38020833333375,49.88175154321005,107.77488425925964,54.70235339506192
,,,,,,,,118.38020833333375,49.46855709876561,107.80931712963002,46.622106481481644
,,,,,,,,118.38020833333375,45.87606095679028,107.80243055555596,42.4350694444446
,,,,,,,,118.51793981481524,48.96354166666684,107.63715277777816,42.145833333333485
,,,,,,,,118.51793981481524,48.55034722222239,107.94016203703744,63.63194444444467
,,,,,,,,118.51793981481524,46.89756944444461,107.94016203703744,62.40613425925949
,,,,,,,,118.51793981481524,46.48437500000016,107.91261574074112,60.53298611111133
,,,,,,,,118.51793981481524,41.8933256172841,107.94016203703744,59.62395833333354
,,,,,,,,118.51793981481524,38.56481481481495,107.84375000000038,59.19010416666688
,,,,,,,,118.69010416666708,48.171585648148316,107.77488425925964,58.88020833333354
,,,,,,,,118.65567129629672,47.67804783950634,107.91261574074112,58.421103395061934
,,,,,,,,118.65567129629672,47.2648533950619,107.91261574074112,58.00790895061749
,,,,,,,,118.69010416666708,42.88614004629645,107.91261574074112,57.59471450617304
,,,,,,,,118.72453703703746,49.721064814814994,107.91261574074112,57.1815200617286
,,,,,,,,118.72453703703746,49.376736111111285,107.9470486111115,56.022280092592794
,,,,,,,,118.7934027777782,46.157262731481644,107.88506944444481,55.4369212962965
,,,,,,,,118.7934027777782,41.548996913580396,108.05034722222261,64.66493055555578
,,,,,,,,118.7934027777782,48.82581018518536,108.05034722222261,64.25173611111134
,,,,,,,,118.958680555556,46.75983796296313,108.05034722222261,63.012152777778
,,,,,,,,118.93113425925968,41.93923611111126,108.05034722222261,61.77256944444466
,,,,,,,,118.96556712963005,41.267795138889035,108.05034722222261,45.93344907407424
,,,,,,,,118.93113425925968,39.04687500000014,108.05034722222261,45.52025462962979
,,,,,,,,118.90358796296337,38.53726851851866,108.05034722222261,45.10706018518535
,,,,,,,,119.06886574074116,47.86168981481499,108.05034722222261,44.6938657407409
,,,,,,,,119.06886574074116,47.40258487654338,108.05034722222261,44.280671296296454
,,,,,,,,119.06886574074116,42.937789351852004,108.05034722222261,43.86747685185201
,,,,,,,,119.20659722222264,46.312210648148316,108.05034722222261,43.45428240740756
,,,,,,,,119.20659722222264,40.69965277777792,108.05034722222261,43.04108796296312
,,,,,,,,119.20659722222264,40.30941358024706,108.1880787037041,61.35937500000022
,,,,,,,,119.23414351851896,38.110300925926055,108.1880787037041,60.94618055555577
,,,,,,,,119.34432870370412,47.241898148148316,108.1880787037041,60.11979166666688
,,,,,,,,119.34432870370412,43.45428240740756,108.1880787037041,56.7109375000002
,,,,,,,,119.3787615740745,41.90480324074089,108.2156250000004,54.72071759259279
,,,,,,,,119.34432870370412,41.45717592592607,108.1880787037041,46.75983796296313
,,,,,,,,119.34432870370412,41.02102623456805,108.1880787037041,46.34664351851868
,,,,,,,,119.34432870370412,39.04687500000014,108.1880787037041,42.62789351851867
,,,,,,,,119.34432870370412,38.63368055555569,108.1880787037041,42.214699074074225
,,,,,,,,119.43614969135845,47.9535108024693,108.32581018518557,63.83854166666689
,,,,,,,,119.48206018518562,47.51736111111128,108.32581018518557,63.42534722222245
,,,,,,,,119.48206018518562,43.04108796296312,108.32581018518557,62.598958333333556
,,,,,,,,119.48206018518562,42.67380401234583,108.32581018518557,62.18576388888911
,,,,,,,,119.6197916666671,48.73398919753104,108.32581018518557,60.53298611111133
,,,,,,,,119.6197916666671,40.34384645061743,108.32581018518557,59.706597222222435
,,,,,,,,119.6197916666671,38.08275462962977,108.32581018518557,59.36226851851873
,,,,,,,,119.68865740740783,44.1085069444446,108.35335648148188,58.13645833333355
,,,,,,,,119.75752314814858,43.36246141975324,108.32581018518557,57.59471450617304
,,,,,,,,119.79195601851895,42.18026620370385,108.32581018518557,57.1815200617286
,,,,,,,,119.75752314814858,41.70968364197546,108.35335648148188,56.07048611111132
,,,,,,,,119.68865740740783,41.4227430555557,108.32581018518557,55.52874228395081
,,,,,,,,119.79195601851895,40.940682870370516,108.1880787037041,55.29918981481501
,,,,,,,,119.6197916666671,39.87326388888903,108.46354166666706,64.66493055555578
,,,,,,,,119.75752314814858,39.04687500000014,108.46354166666706,64.25173611111134
,,,,,,,,119.75752314814858,38.63368055555569,108.46354166666706,63.012152777778
,,,,,,,,119.92968750000043,42.937789351852004,108.46354166666706,61.77256944444466
,,,,,,,,119.89525462963006,42.49016203703719,108.46354166666706,45.93344907407424
,,,,,,,,120.03298611111154,40.47010030864212,108.46354166666706,45.52025462962979
,,,,,,,,119.9641203703708,38.22048611111125,108.46354166666706,45.10706018518535
,,,,,,,,120.03298611111154,37.853202160493964,108.46354166666706,44.6938657407409
,,,,,,,,120.19826388888933,41.99432870370385,108.46354166666706,44.280671296296454
,,,,,,,,120.17071759259302,41.43422067901249,108.46354166666706,43.86747685185201
,,,,,,,,120.17071759259302,41.02102623456805,108.46354166666706,43.45428240740756
,,,,,,,,120.17071759259302,40.665219907407554,108.46354166666706,43.04108796296312
,,,,,,,,120.10185185185227,38.978009259259395,108.60127314814854,61.35937500000022
,,,,,,,,120.03298611111154,38.63368055555569,108.6357060185189,60.87731481481503
,,,,,,,,120.3084490740745,43.04108796296312,108.60127314814854,60.07388117283972
,,,,,,,,120.3084490740745,42.62789351851867,108.60127314814854,56.64207175925946
,,,,,,,,120.33599537037081,37.62824074074087,108.57372685185221,54.6380787037039
,,,,,,,,120.44618055555598,48.20601851851869,108.60127314814854,46.75983796296313
,,,,,,,,120.58391203703746,42.214699074074225,108.60127314814854,46.34664351851868
,,,,,,,,120.58391203703746,41.801504629629775,108.6357060185189,42.55902777777793
,,,,,,,,120.58391203703746,41.38831018518533,108.53240740740779,42.214699074074225
,,,,,,,,120.58391203703746,40.97511574074089,108.73900462963002,63.83854166666689
,,,,,,,,120.58391203703746,40.63078703703718,108.73900462963002,63.42534722222245
,,,,,,,,120.72164351851895,43.04108796296312,108.73900462963002,62.598958333333556
,,,,,,,,120.72164351851895,42.62789351851867,108.73900462963002,62.20871913580269
,,,,,,,,120.72164351851895,37.8072916666668,108.60127314814854,60.53298611111133
,,,,,,,,120.72164351851895,37.325231481481616,108.6471836419757,59.568865740740954
,,,,,,,,120.99710648148191,42.214699074074225,108.73900462963002,58.32928240740762
,,,,,,,,120.99710648148191,41.801504629629775,108.73900462963002,57.961998456790326
,,,,,,,,120.99710648148191,41.38831018518533,108.67013888888927,57.571759259259466
,,,,,,,,120.99710648148191,40.8373842592594,108.73900462963002,57.11265432098786
,,,,,,,,120.99710648148191,37.04976851851865,108.73900462963002,56.073929398148344
,,,,,,,,121.13483796296339,43.04108796296312,108.67013888888927,55.540219907407604
,,,,,,,,121.13483796296339,42.62789351851867,108.8767361111115,64.66493055555578
,,,,,,,,121.13483796296339,37.8072916666668,108.8767361111115,64.25173611111134
,,,,,,,,121.13483796296339,37.394097222222356,108.8767361111115,63.012152777778
,,,,,,,,121.41030092592636,42.214699074074225,108.73900462963002,61.77256944444466
,,,,,,,,121.41030092592636,41.801504629629775,108.9042824074078,45.878356481481646
,,,,,,,,121.41030092592636,41.38831018518533,108.8767361111115,45.33661265432115
,,,,,,,,121.38275462963004,40.864930555555695,108.8767361111115,44.9234182098767
,,,,,,,,121.41030092592636,37.09567901234581,108.8767361111115,44.51022376543226
,,,,,,,,121.54803240740785,42.99517746913595,108.8767361111115,44.09702932098781
,,,,,,,,121.54803240740785,42.58198302469151,108.8767361111115,43.683834876543365
,,,,,,,,121.54803240740785,37.8072916666668,108.8767361111115,43.36246141975324
,,,,,,,,121.54803240740785,37.394097222222356,108.73900462963002,43.04108796296312
,,,,,,,,121.85792824074117,42.059751157407554,108.8767361111115,61.35937500000022
,,,,,,,,121.82349537037081,41.594907407407554,108.8767361111115,56.53877314814835
,,,,,,,,121.82349537037081,41.18171296296311,109.01446759259298,46.89756944444461
,,,,,,,,121.75462962963006,40.90625000000014,109.01446759259298,46.48437500000016
,,,,,,,,121.96122685185229,43.752700617284106,109.15219907407446,63.83854166666689
,,,,,,,,121.89236111111154,42.76562500000015,109.15219907407446,63.42534722222245
,,,,,,,,121.82349537037081,42.49016203703719,109.08333333333373,62.6678240740743
,,,,,,,,121.99565972222265,37.73842592592606,109.01446759259298,59.29340277777799
,,,,,,,,121.89236111111154,37.42853009259272,109.18663194444483,48.102719907407575
,,,,,,,,122.28260030864242,37.715470679012476,109.15219907407446,47.3796296296298
,,,,,,,,122.78761574074117,43.86747685185201,109.28993055555594,64.66493055555578
,,,,,,,,123.20081018518562,43.86747685185201,109.28993055555594,64.25173611111134
,,,,,,,,123.61400462963007,43.86747685185201,109.15219907407446,63.012152777778
,,,,,,,,,,109.3358410493831,47.67804783950634
,,,,,,,,,,109.31747685185226,46.01608796296313
,,,,,,,,,,109.28993055555594,45.47434413580263
,,,,,,,,,,109.28993055555594,45.06114969135818
,,,,,,,,,,109.28993055555594,44.64795524691374
,,,,,,,,,,109.28993055555594,44.234760802469296
,,,,,,,,,,109.28993055555594,43.821566358024846
,,,,,,,,,,109.25549768518557,43.419849537037194
,,,,,,,,,,109.42766203703742,47.035300925926094
,,,,,,,,,,109.42766203703742,46.622106481481644
,,,,,,,,,,109.5653935185189,63.83854166666689
,,,,,,,,,,109.5653935185189,63.49421296296319
,,,,,,,,,,109.5653935185189,59.24749228395083
,,,,,,,,,,109.5653935185189,48.27488425925943
,,,,,,,,,,109.70312500000038,64.66493055555578
,,,,,,,,,,109.70312500000038,64.25173611111134
,,,,,,,,,,109.70312500000038,47.86168981481499
,,,,,,,,,,109.70312500000038,47.44849537037054
,,,,,,,,,,109.70312500000038,46.2089120370372
,,,,,,,,,,109.70312500000038,45.79571759259276
,,,,,,,,,,109.70312500000038,45.38252314814831
,,,,,,,,,,109.70312500000038,44.969328703703866
,,,,,,,,,,109.70312500000038,44.556134259259416
,,,,,,,,,,109.70312500000038,44.14293981481497
,,,,,,,,,,109.70312500000038,43.59201388888904
,,,,,,,,,,109.87528935185225,47.00086805555572
,,,,,,,,,,109.84085648148186,46.53028549382733
,,,,,,,,,,109.97858796296336,63.83854166666689
,,,,,,,,,,109.97858796296336,63.49421296296319
,,,,,,,,,,109.97858796296336,59.27044753086441
,,,,,,,,,,110.00613425925967,48.21979166666684
,,,,,,,,,,110.11631944444484,64.66493055555578
,,,,,,,,,,110.11631944444484,64.25173611111134
,,,,,,,,,,110.11631944444484,47.58622685185202
,,,,,,,,,,110.11631944444484,45.93344907407424
,,,,,,,,,,110.11631944444484,45.52025462962979
,,,,,,,,,,110.11631944444484,45.10706018518535
,,,,,,,,,,110.11631944444484,44.6938657407409
,,,,,,,,,,110.11631944444484,44.280671296296454
,,,,,,,,,,110.15075231481521,43.79861111111126
,,,,,,,,,,110.0474537037041,43.5231481481483
,,,,,,,,,,110.28848379629669,47.1385995370372
,,,,,,,,,,110.25405092592632,46.66801697530881
,,,,,,,,,,110.25405092592632,46.25482253086436
,,,,,,,,,,110.34587191358064,63.9533179012348
,,,,,,,,,,110.41932870370411,48.35752314814833
,,,,,,,,,,110.3917824074078,47.81577932098782
,,,,,,,,,,110.56394675925965,64.88874421296319
,,,,,,,,,,110.46064814814854,64.5271990740743
,,,,,,,,,,110.52951388888928,45.65798611111127
,,,,,,,,,,110.52951388888928,45.24479166666683
,,,,,,,,,,110.52951388888928,44.831597222222385
,,,,,,,,,,110.52951388888928,44.418402777777935
,,,,,,,,,,110.52951388888928,44.00520833333349
,,,,,,,,,,110.56394675925965,43.5231481481483
,,,,,,,,,,110.70167824074113,47.27633101851869
,,,,,,,,,,110.66724537037076,46.80574845679029
,,,,,,,,,,110.66724537037076,46.39255401234584
,,,,,,,,,,110.66724537037076,45.9793595679014
,,,,,,,,,,110.83252314814855,69.981365740741
,,,,,,,,,,110.80497685185225,69.4396219135805
,,,,,,,,,,110.80497685185225,69.02642746913605
,,,,,,,,,,110.80497685185225,68.6132330246916
,,,,,,,,,,110.80497685185225,68.20003858024715
,,,,,,,,,,110.80497685185225,67.78684413580271
,,,,,,,,,,110.80497685185225,67.37364969135827
,,,,,,,,,,110.80497685185225,66.96045524691382
,,,,,,,,,,110.80497685185225,66.54726080246937
,,,,,,,,,,110.66724537037076,66.3865740740743
,,,,,,,,,,110.83252314814855,65.4362268518521
,,,,,,,,,,110.83252314814855,48.49525462962981
,,,,,,,,,,110.80497685185225,47.9535108024693
,,,,,,,,,,110.80497685185225,47.58622685185202
,,,,,,,,,,110.9771412037041,66.07667824074097
,,,,,,,,,,110.94270833333373,64.96334876543233
,,,,,,,,,,110.94270833333373,45.38252314814831
,,,,,,,,,,110.94270833333373,44.969328703703866
,,,,,,,,,,110.94270833333373,44.556134259259416
,,,,,,,,,,110.94270833333373,44.14293981481497
,,,,,,,,,,110.94270833333373,43.72974537037052
,,,,,,,,,,110.94270833333373,43.38541666666682
,,,,,,,,,,111.11487268518557,47.06973379629646
,,,,,,,,,,111.08043981481521,46.576195987654486
,,,,,,,,,,111.08043981481521,46.163001543210044
,,,,,,,,,,111.08043981481521,45.749807098765594
,,,,,,,,,,111.08043981481521,70.03645833333358
,,,,,,,,,,111.14930555555596,69.48553240740766
,,,,,,,,,,111.14930555555596,69.0723379629632
,,,,,,,,,,111.14930555555596,68.65914351851876
,,,,,,,,,,111.21817129629669,68.29185956790148
,,,,,,,,,,111.21817129629669,67.87866512345703
,,,,,,,,,,111.21817129629669,67.46547067901258
,,,,,,,,,,111.21817129629669,67.05227623456814
,,,,,,,,,,111.21817129629669,66.6390817901237
,,,,,,,,,,111.21817129629669,65.4568865740743
,,,,,,,,,,111.21817129629669,48.642168209876715
,,,,,,,,,,111.21817129629669,48.22897376543227
,,,,,,,,,,111.21817129629669,47.81577932098782
,,,,,,,,,,111.21817129629669,47.44849537037054
,,,,,,,,,,111.38344907407449,66.0973379629632
,,,,,,,,,,111.38344907407449,45.18969907407424
,,,,,,,,,,111.35590277777817,44.64795524691374
,,,,,,,,,,111.35590277777817,44.234760802469296
,,,,,,,,,,111.35590277777817,43.821566358024846
,,,,,,,,,,111.3214699074078,43.419849537037194
,,,,,,,,,,111.49363425925965,65.21585648148171
,,,,,,,,,,111.52806712963003,47.06973379629646
,,,,,,,,,,111.49363425925965,46.576195987654486
,,,,,,,,,,111.49363425925965,46.163001543210044
,,,,,,,,,,111.49363425925965,45.749807098765594
,,,,,,,,,,111.49363425925965,67.14409722222246
,,,,,,,,,,111.49363425925965,66.73090277777801
,,,,,,,,,,111.5625000000004,65.62905092592617
,,,,,,,,,,111.63136574074113,49.789930555555735
,,,,,,,,,,111.65891203703745,49.15636574074091
,,,,,,,,,,111.63136574074113,48.59625771604956
,,,,,,,,,,111.63136574074113,48.18306327160511
,,,,,,,,,,111.63136574074113,47.769868827160664
,,,,,,,,,,111.63136574074113,47.3796296296298
,,,,,,,,,,111.63136574074113,66.17997685185209
,,,,,,,,,,111.76909722222261,45.24479166666683
,,,,,,,,,,111.76909722222261,44.831597222222385
,,,,,,,,,,111.76909722222261,44.418402777777935
,,,,,,,,,,111.76909722222261,44.00520833333349
,,,,,,,,,,111.7415509259263,43.481828703703854
,,,,,,,,,,111.94126157407447,46.86313657407424
,,,,,,,,,,111.90682870370411,46.39255401234584
,,,,,,,,,,111.90682870370411,45.9793595679014
,,,,,,,,,,111.90682870370411,45.566165123456955
,,,,,,,,,,112.0721064814819,64.1553240740743
,,,,,,,,,,112.0721064814819,49.73483796296315
,,,,,,,,,,112.04456018518559,49.193094135802646
,,,,,,,,,,112.04456018518559,48.779899691358196
,,,,,,,,,,112.04456018518559,48.36670524691375
,,,,,,,,,,112.04456018518559,47.9535108024693
,,,,,,,,,,112.04456018518559,47.54031635802486
,,,,,,,,,,112.04456018518559,47.173032407407575
,,,,,,,,,,112.04456018518559,43.2935956790125
,,,,,,,,,,112.18229166666707,44.969328703703866
,,,,,,,,,,112.18229166666707,44.556134259259416
,,,,,,,,,,112.18229166666707,44.14293981481497
,,,,,,,,,,112.18229166666707,43.72974537037052
,,,,,,,,,,112.18229166666707,42.90335648148164
,,,,,,,,,,112.18229166666707,42.49016203703719
,,,,,,,,,,112.18229166666707,42.145833333333485
,,,,,,,,,,112.18229166666707,37.256365740740875
,,,,,,,,,,112.18229166666707,36.705439814814945
,,,,,,,,,,112.32002314814855,46.622106481481644
,,,,,,,,,,112.32002314814855,46.2089120370372
,,,,,,,,,,112.32002314814855,45.79571759259276
,,,,,,,,,,112.32002314814855,45.38252314814831
,,,,,,,,,,112.45775462963003,64.63049768518542
,,,,,,,,,,112.45775462963003,64.1002314814817
,,,,,,,,,,112.45775462963003,49.927662037037216
,,,,,,,,,,112.45775462963003,49.514467592592766
,,,,,,,,,,112.45775462963003,49.10127314814832
,,,,,,,,,,112.45775462963003,48.68807870370388
,,,,,,,,,,112.45775462963003,48.27488425925943
,,,,,,,,,,112.45775462963003,47.86168981481499
,,,,,,,,,,112.45775462963003,47.44849537037054
,,,,,,,,,,112.45775462963003,47.035300925926094
,,,,,,,,,,112.45775462963003,43.31655092592608
,,,,,,,,,,112.62991898148188,44.93489583333349
,,,,,,,,,,112.59548611111151,44.46431327160509
,,,,,,,,,,112.59548611111151,44.05111882716065
,,,,,,,,,,112.59548611111151,43.63792438271621
,,,,,,,,,,112.62991898148188,42.86892361111126
,,,,,,,,,,112.59548611111151,42.398341049382864
,,,,,,,,,,112.52662037037076,42.145833333333485
,,,,,,,,,,112.59548611111151,37.256365740740875
,,,,,,,,,,112.59548611111151,36.705439814814945
,,,,,,,,,,112.7607638888893,46.622106481481644
,,,,,,,,,,112.733217592593,46.07118055555572
,,,,,,,,,,112.733217592593,45.65798611111127
,,,,,,,,,,112.733217592593,45.31365740740757
,,,,,,,,,,112.89849537037078,50.01030092592611
,,,,,,,,,,112.87094907407447,49.46855709876561
,,,,,,,,,,112.87094907407447,49.055362654321165
,,,,,,,,,,112.87094907407447,48.642168209876715
,,,,,,,,,,112.87094907407447,48.22897376543227
,,,,,,,,,,112.87094907407447,47.81577932098782
,,,,,,,,,,112.87094907407447,47.40258487654338
,,,,,,,,,,112.87094907407447,47.035300925926094
,,,,,,,,,,113.00868055555596,44.831597222222385
,,,,,,,,,,113.00868055555596,44.418402777777935
,,,,,,,,,,113.00868055555596,44.00520833333349
,,,,,,,,,,113.00868055555596,43.59201388888904
,,,,,,,,,,113.00868055555596,43.1788194444446
,,,,,,,,,,113.00868055555596,42.76562500000015
,,,,,,,,,,113.00868055555596,42.214699074074225
,,,,,,,,,,113.04311342592632,37.2219328703705
,,,,,,,,,,112.98113425925965,36.69166666666679
,,,,,,,,,,113.1808449074078,50.9950810185187
,,,,,,,,,,113.14641203703744,50.524498456790305
,,,,,,,,,,113.1808449074078,46.4499421296298
,,,,,,,,,,113.14641203703744,45.9793595679014
,,,,,,,,,,113.14641203703744,45.566165123456955
,,,,,,,,,,113.14641203703744,45.152970679012505
,,,,,,,,,,113.325616336,63.7798996913582
,,,,,,,,,,113.3427224459,50.3408564814816
,,,,,,,,,,113.3837653888,50.099826388889
,,,,,,,,,,113.3844289664,50.7999614197532
,,,,,,,,,,113.4184627841,50.7540509259261
,,,,,,,,,,113.4481864704,64.10127312
,,,,,,,,,,113.497220958,64.5144675925927
,,,,,,,,,,113.5008626315,49.9276620370372
,,,,,,,,,,113.5336832551,64.606288580247
,,,,,,,,,,113.6598333496,50.7540509259261
,,,,,,,,,,113.7052806043,64.10127315
,,,,,,,,,,113.7483185665,63.2748842592594
,,,,,,,,,,113.7655549872,51.1672453703705
,,,,,,,,,,113.840218707,63.6880787037038
,,,,,,,,,,113.84919079,64.92766203703721
,,,,,,,,,,113.8736066819,63.6880787037038
,,,,,,,,,,113.8790056243,63.6880787037038
,,,,,,,,,,114.1615654663,51.1672453703705
,,,,,,,,,,114.2597475347,63.2748842592594
,,,,,,,,,,114.3544508605,64.1930941358026
,,,,,,,,,,114.3863993086,62.9535108024693
,,,,,,,,,,114.4518598178,64.5144675925927
,,,,,,,,,,114.4698493687,63.3667052469137
,,,,,,,,,,,
,,,,,,,,,,,
,,,,,,,,,,,
,,,,,,,,,,,
,,,,,,,,,,,
,,,,,,,,,,,
,,,,,,,,,,,
,,,,,,,,,,,
,,,,,,,,,,,
,,,,,,,,,,,
,,,,,,,,,,,
,,,,,,,,,,,
,,,,,,,,,,,
,,,,,,,,,,,
,,,,,,,,,,,
,,,,,,,,,,,
,,,,,,,,,,,
,,,,,,,,,,,
,,,,,,,,,,,
,,,,,,,,,,,
,,,,,,,,,,,
,,,,,,,,,,,
,,,,,,,,,,,
,,,,,,,,,,,
,,,,,,,,,,,
,,,,,,,,,,,
,,,,,,,,,,,
,,,,,,,,,,,
,,,,,,,,,,,
,,,,,,,,,,,
,,,,,,,,,,,
,,,,,,,,,,,
,,,,,,,,,,,
,,,,,,,,,,,
,,,,,,,,,,,
,,,,,,,,,,,
,,,,,,,,,,,
,,,,,,,,,,,
,,,,,,,,,,,
,,,,,,,,,,,
,,,,,,,,,,,
,,,,,,,,,,,
,,,,,,,,,,,
,,,,,,,,,,,
,,,,,,,,,,,
,,,,,,,,,,,
,,,,,,,,,,,
,,,,,,,,,,,
,,,,,,,,,,,
,,,,,,,,,,,
,,,,,,,,,,,
,,,,,,,,,,,
,,,,,,,,,,,
,,,,,,,,,,,
,,,,,,,,,,,
,,,,,,,,,,,
,,,,,,,,,,,
,,,,,,,,,,,
,,,,,,,,,,,
,,,,,,,,,,,
,,,,,,,,,,,
,,,,,,,,,,,
,,,,,,,,,,,
,,,,,,,,,,,
,,,,,,,,,,,
,,,,,,,,,,,
,,,,,,,,,,,
,,,,,,,,,,,
,,,,,,,,,,114.52372685185226,50.34085648148166
,,,,,,,,,,114.52372685185226,49.927662037037216
,,,,,,,,,,114.52372685185226,49.514467592592766
,,,,,,,,,,114.52372685185226,49.10127314814832
,,,,,,,,,,114.52372685185226,48.68807870370388
,,,,,,,,,,114.52372685185226,48.27488425925943
,,,,,,,,,,114.52372685185226,47.86168981481499
,,,,,,,,,,114.52372685185226,47.44849537037054
,,,,,,,,,,114.52372685185226,47.035300925926094
,,,,,,,,,,114.52372685185226,46.622106481481644
,,,,,,,,,,114.66145833333374,44.556134259259416
,,,,,,,,,,114.66145833333374,44.14293981481497
,,,,,,,,,,114.66145833333374,43.72974537037052
,,,,,,,,,,114.66145833333374,43.31655092592608
,,,,,,,,,,114.66145833333374,42.90335648148164
,,,,,,,,,,114.66145833333374,42.49016203703719
,,,,,,,,,,114.66145833333374,42.076967592592744
,,,,,,,,,,114.66145833333374,37.256365740740875
,,,,,,,,,,114.66145833333374,36.774305555555685
,,,,,,,,,,114.79918981481522,51.16724537037055
,,,,,,,,,,114.79918981481522,50.75405092592611
,,,,,,,,,,114.79918981481522,46.2089120370372
,,,,,,,,,,114.79918981481522,45.79571759259276
,,,,,,,,,,114.79918981481522,45.38252314814831
,,,,,,,,,,114.79918981481522,44.969328703703866
,,,,,,,,,,114.79918981481522,41.663773148148294
,,,,,,,,,,114.79918981481522,41.25057870370385
,,,,,,,,,,114.79918981481522,40.8373842592594
,,,,,,,,,,114.9369212962967,50.34085648148166
,,,,,,,,,,114.9369212962967,49.927662037037216
,,,,,,,,,,114.9369212962967,49.514467592592766
,,,,,,,,,,114.9369212962967,49.10127314814832
,,,,,,,,,,114.9369212962967,48.68807870370388
,,,,,,,,,,114.9369212962967,48.27488425925943
,,,,,,,,,,114.9369212962967,47.86168981481499
,,,,,,,,,,114.9369212962967,47.44849537037054
,,,,,,,,,,114.9369212962967,47.035300925926094
,,,,,,,,,,114.9369212962967,46.622106481481644
,,,,,,,,,,115.07465277777818,44.556134259259416
,,,,,,,,,,115.07465277777818,44.14293981481497
,,,,,,,,,,115.07465277777818,43.72974537037052
,,,,,,,,,,115.07465277777818,43.31655092592608
,,,,,,,,,,115.07465277777818,42.90335648148164
,,,,,,,,,,115.07465277777818,42.49016203703719
,,,,,,,,,,115.07465277777818,42.076967592592744
,,,,,,,,,,115.07465277777818,37.256365740740875
,,,,,,,,,,115.04710648148188,36.73298611111124
,,,,,,,,,,115.21238425925966,51.16724537037055
,,,,,,,,,,115.21238425925966,50.75405092592611
,,,,,,,,,,115.21238425925966,46.2089120370372
,,,,,,,,,,115.21238425925966,45.79571759259276
,,,,,,,,,,115.21238425925966,45.38252314814831
,,,,,,,,,,115.21238425925966,44.969328703703866
,,,,,,,,,,115.21238425925966,41.663773148148294
,,,,,,,,,,115.21238425925966,41.25057870370385
,,,,,,,,,,115.21238425925966,40.860339506172984
,,,,,,,,,,115.38454861111153,50.37528935185203
,,,,,,,,,,115.35011574074115,49.88175154321005
,,,,,,,,,,115.35011574074115,49.46855709876561
,,,,,,,,,,115.35011574074115,49.055362654321165
,,,,,,,,,,115.35011574074115,48.642168209876715
,,,,,,,,,,115.35011574074115,48.22897376543227
,,,,,,,,,,115.35011574074115,47.81577932098782
,,,,,,,,,,115.35011574074115,47.40258487654338
,,,,,,,,,,115.35011574074115,46.98939043209893
,,,,,,,,,,115.35011574074115,46.576195987654486
,,,,,,,,,,115.51539351851895,44.61122685185201
,,,,,,,,,,115.48784722222263,44.05111882716065
,,,,,,,,,,115.48784722222263,43.63792438271621
,,,,,,,,,,115.48784722222263,43.22472993827176
,,,,,,,,,,115.48784722222263,42.811535493827314
,,,,,,,,,,115.48784722222263,42.398341049382864
,,,,,,,,,,115.48784722222263,41.98514660493842
,,,,,,,,,,115.4189814814819,37.256365740740875
,,,,,,,,,,115.39602623456831,36.774305555555685
,,,,,,,,,,115.55671296296337,51.02951388888907
,,,,,,,,,,115.62557870370411,46.07118055555572
,,,,,,,,,,115.62557870370411,45.65798611111127
,,,,,,,,,,115.62557870370411,45.24479166666683
,,,,,,,,,,115.62557870370411,41.52604166666681
,,,,,,,,,,115.62557870370411,40.97511574074089
,,,,,,,,,,115.62557870370411,50.61631944444463
,,,,,,,,,,115.62557870370411,50.20312500000018
,,,,,,,,,,115.7633101851856,49.789930555555735
,,,,,,,,,,115.7633101851856,49.376736111111285
,,,,,,,,,,115.7633101851856,48.96354166666684
,,,,,,,,,,115.7633101851856,48.55034722222239
,,,,,,,,,,115.7633101851856,48.13715277777795
,,,,,,,,,,115.7633101851856,47.723958333333506
,,,,,,,,,,115.7633101851856,47.310763888889056
,,,,,,,,,,115.7633101851856,46.89756944444461
,,,,,,,,,,115.7633101851856,46.48437500000016
,,,,,,,,,,115.93547453703745,44.86603009259275
,,,,,,,,,,115.90104166666708,44.37249228395078
,,,,,,,,,,115.90104166666708,44.00520833333349
,,,,,,,,,,115.90104166666708,43.546103395061884
,,,,,,,,,,115.90104166666708,43.132908950617434
,,,,,,,,,,115.90104166666708,42.71971450617299
,,,,,,,,,,115.90104166666708,42.30652006172855
,,,,,,,,,,115.90104166666708,41.8933256172841
,,,,,,,,,,116.03877314814856,46.10561342592609
,,,,,,,,,,116.03877314814856,45.61207561728411
,,,,,,,,,,116.08468364197572,45.152970679012505
,,,,,,,,,,116.03877314814856,41.480131172839656
,,,,,,,,,,116.03877314814856,41.066936728395206
,,,,,,,,,,116.03877314814856,40.745563271605086
,,,,,,,,,,116.03877314814856,49.652199074074254
,,,,,,,,,,116.17650462963005,49.055362654321165
,,,,,,,,,,116.17650462963005,48.642168209876715
,,,,,,,,,,116.17650462963005,48.22897376543227
,,,,,,,,,,116.17650462963005,47.81577932098782
,,,,,,,,,,116.17650462963005,47.40258487654338
,,,,,,,,,,116.17650462963005,46.98939043209893
,,,,,,,,,,116.17650462963005,46.576195987654486
,,,,,,,,,,116.17650462963005,38.41560570987668
,,,,,,,,,,116.31423611111153,43.1788194444446
,,,,,,,,,,116.31423611111153,42.76562500000015
,,,,,,,,,,116.31423611111153,42.352430555555706
,,,,,,,,,,116.31423611111153,41.93923611111126
,,,,,,,,,,116.45196759259301,46.10561342592609
,,,,,,,,,,116.45196759259301,45.61207561728411
,,,,,,,,,,116.48640046296337,45.158709490740904
,,,,,,,,,,116.45196759259301,41.52604166666681
,,,,,,,,,,116.45196759259301,41.11284722222237
,,,,,,,,,,116.45196759259301,40.76851851851866
,,,,,,,,,,116.6172453703708,48.770717592592774
,,,,,,,,,,116.58969907407449,48.22897376543227
,,,,,,,,,,116.58969907407449,47.81577932098782
,,,,,,,,,,116.58969907407449,47.40258487654338
,,,,,,,,,,116.58969907407449,46.98939043209893
,,,,,,,,,,116.58969907407449,46.576195987654486
,,,,,,,,,,116.58969907407449,38.63368055555569
,,,,,,,,,,116.6172453703708,38.110300925926055
,,,,,,,,,,116.72743055555597,43.10995370370386
,,,,,,,,,,116.72743055555597,42.62789351851867
,,,,,,,,,,116.72743055555597,42.214699074074225
,,,,,,,,,,116.72743055555597,41.801504629629775
,,,,,,,,,,116.89270833333377,46.12627314814831
,,,,,,,,,,116.79629629629672,45.65798611111127
,,,,,,,,,,116.72743055555597,45.31365740740757
,,,,,,,,,,116.79629629629672,44.86603009259275
,,,,,,,,,,116.86516203703745,41.21614583333348
,,,,,,,,,,116.86516203703745,40.814429012345826
,,,,,,,,,,117.00289351851893,49.652199074074254
,,,,,,,,,,117.00289351851893,49.239004629629804
,,,,,,,,,,117.00289351851893,48.82581018518536
,,,,,,,,,,117.00289351851893,48.41261574074091
,,,,,,,,,,117.00289351851893,47.99942129629647
,,,,,,,,,,117.00289351851893,47.58622685185202
,,,,,,,,,,117.00289351851893,47.173032407407575
,,,,,,,,,,117.00289351851893,46.75983796296313
,,,,,,,,,,116.86516203703745,44.556134259259416
,,,,,,,,,,117.0373263888893,38.599247685185325
,,,,,,,,,,116.96846064814856,38.117187500000135
,,,,,,,,,,117.14062500000041,42.90335648148164
,,,,,,,,,,117.14062500000041,42.49016203703719
,,,,,,,,,,117.14062500000041,42.076967592592744
,,,,,,,,,,117.14062500000041,41.663773148148294
,,,,,,,,,,117.2783564814819,46.34664351851868
,,,,,,,,,,117.2783564814819,45.9793595679014
,,,,,,,,,,117.2783564814819,41.25057870370385
,,,,,,,,,,117.2783564814819,40.76851851851866
,,,,,,,,,,117.41608796296337,49.652199074074254
,,,,,,,,,,117.41608796296337,49.239004629629804
,,,,,,,,,,117.41608796296337,48.82581018518536
,,,,,,,,,,117.41608796296337,48.41261574074091
,,,,,,,,,,117.41608796296337,47.99942129629647
,,,,,,,,,,117.41608796296337,47.58622685185202
,,,,,,,,,,117.41608796296337,47.173032407407575
,,,,,,,,,,117.41608796296337,46.75983796296313
,,,,,,,,,,117.41608796296337,39.01244212962977
,,,,,,,,,,117.41608796296337,38.54185956790137
,,,,,,,,,,117.41608796296337,38.174575617284084
,,,,,,,,,,117.55381944444485,42.811535493827314
,,,,,,,,,,117.55381944444485,42.398341049382864
,,,,,,,,,,117.55381944444485,41.98514660493842
,,,,,,,,,,117.55381944444485,41.57195216049397
,,,,,,,,,,117.58136574074118,40.479282407407545
,,,,,,,,,,117.71909722222266,46.291550925926096
,,,,,,,,,,117.55381944444485,46.00231481481498
,,,,,,,,,,117.69155092592635,41.11284722222237
,,,,,,,,,,117.69155092592635,39.87326388888903
,,,,,,,,,,117.69155092592635,39.460069444444585
,,,,,,,,,,117.82928240740783,49.789930555555735
,,,,,,,,,,117.82928240740783,49.376736111111285
,,,,,,,,,,117.82928240740783,48.96354166666684
,,,,,,,,,,117.82928240740783,48.55034722222239
,,,,,,,,,,117.82928240740783,48.13715277777795
,,,,,,,,,,117.82928240740783,47.723958333333506
,,,,,,,,,,117.82928240740783,47.310763888889056
,,,,,,,,,,117.82928240740783,46.89756944444461
,,,,,,,,,,117.82928240740783,39.04687500000014
,,,,,,,,,,117.82928240740783,38.63368055555569
,,,,,,,,,,117.82928240740783,38.15162037037051
,,,,,,,,,,117.96701388888931,42.76562500000015
,,,,,,,,,,117.96701388888931,42.352430555555706
,,,,,,,,,,117.96701388888931,41.93923611111126
,,,,,,,,,,117.96701388888931,41.52604166666681
,,,,,,,,,,117.96701388888931,40.69965277777792
,,,,,,,,,,117.96701388888931,40.28645833333348
,,,,,,,,,,118.1047453703708,46.48437500000016
,,,,,,,,,,118.1047453703708,46.11709104938288
,,,,,,,,,,118.1047453703708,41.11284722222237
,,,,,,,,,,118.1047453703708,39.87326388888903
,,,,,,,,,,118.1047453703708,39.460069444444585
,,,,,,,,,,118.17361111111153,49.789930555555735
,,,,,,,,,,118.17361111111153,49.376736111111285
,,,,,,,,,,118.17361111111153,48.96354166666684
,,,,,,,,,,118.17361111111153,48.584780092592766
,,,,,,,,,,118.17361111111153,48.13715277777795
,,,,,,,,,,118.17361111111153,47.723958333333506
,,,,,,,,,,118.24247685185227,47.2648533950619
,,,,,,,,,,118.24247685185227,46.85165895061745
,,,,,,,,,,118.27690972222264,39.01244212962977
,,,,,,,,,,118.24247685185227,38.54185956790137
,,,,,,,,,,118.24247685185227,38.174575617284084
,,,,,,,,,,118.40775462963006,42.71053240740756
,,,,,,,,,,118.38020833333375,42.16878858024706
,,,,,,,,,,118.38020833333375,41.75559413580262
,,,,,,,,,,118.38020833333375,41.342399691358175
,,,,,,,,,,118.40775462963006,40.644560185185334
,,,,,,,,,,118.38020833333375,40.10281635802483
,,,,,,,,,,118.44907407407449,46.41550925925942
,,,,,,,,,,118.51793981481524,39.597800925926066
,,,,,,,,,,118.69010416666708,39.15017361111125
,,,,,,,,,,118.65567129629672,38.67959104938285
,,,,,,,,,,118.62812500000041,38.206712962963095
,,,,,,,,,,118.82094907407452,42.84826388888904
,,,,,,,,,,118.7934027777782,42.30652006172855
,,,,,,,,,,118.7934027777782,41.8933256172841
,,,,,,,,,,118.7934027777782,41.480131172839656
,,,,,,,,,,118.7934027777782,41.066936728395206
,,,,,,,,,,118.7934027777782,40.65374228395076
,,,,,,,,,,118.7934027777782,40.24054783950631
,,,,,,,,,,118.7934027777782,39.82735339506187
,,,,,,,,,,119.06886574074116,39.322337962963104
,,,,,,,,,,119.06886574074116,38.909143518518654
,,,,,,,,,,119.06886574074116,38.49594907407421
,,,,,,,,,,119.06886574074116,38.08275462962977
,,,,,,,,,,119.20659722222264,43.04108796296312
,,,,,,,,,,119.20659722222264,42.62789351851867
,,,,,,,,,,119.20659722222264,42.214699074074225
,,,,,,,,,,119.20659722222264,41.801504629629775
,,,,,,,,,,119.20659722222264,41.38831018518533
,,,,,,,,,,119.20659722222264,40.97511574074089
,,,,,,,,,,119.20659722222264,40.56192129629644
,,,,,,,,,,119.20659722222264,40.148726851852
,,,,,,,,,,119.20659722222264,39.73553240740755
,,,,,,,,,,119.48206018518562,39.322337962963104
,,,,,,,,,,119.48206018518562,38.909143518518654
,,,,,,,,,,119.48206018518562,38.49594907407421
,,,,,,,,,,119.48206018518562,38.08275462962977
,,,,,,,,,,119.6197916666671,43.04108796296312
,,,,,,,,,,119.6197916666671,42.62789351851867
,,,,,,,,,,119.6197916666671,42.214699074074225
,,,,,,,,,,119.6197916666671,41.801504629629775
,,,,,,,,,,119.6197916666671,41.38831018518533
,,,,,,,,,,119.6197916666671,40.97511574074089
,,,,,,,,,,119.6197916666671,40.56192129629644
,,,,,,,,,,119.6197916666671,40.148726851852
,,,,,,,,,,119.6197916666671,39.75848765432113
,,,,,,,,,,119.82638888888931,39.18460648148162
,,,,,,,,,,119.89525462963006,38.81732253086434
,,,,,,,,,,119.82638888888931,38.35821759259273
,,,,,,,,,,119.82638888888931,38.01388888888902
,,,,,,,,,,120.03298611111154,42.90335648148164
,,,,,,,,,,120.03298611111154,42.49016203703719
,,,,,,,,,,120.03298611111154,42.076967592592744
,,,,,,,,,,120.03298611111154,41.663773148148294
,,,,,,,,,,120.03298611111154,41.25057870370385
,,,,,,,,,,120.06741898148191,40.76851851851866
,,,,,,,,,,119.9641203703708,40.458622685185325
,,,,,,,,,,120.3084490740745,37.53182870370384
,,,,,,,,,,120.3084490740745,37.118634259259395
,,,,,,,,,,120.3084490740745,36.705439814814945
,,,,,,,,,,120.44618055555598,42.90335648148164
,,,,,,,,,,120.44618055555598,42.49016203703719
,,,,,,,,,,120.44618055555598,42.076967592592744
,,,,,,,,,,120.44618055555598,41.663773148148294
,,,,,,,,,,120.44618055555598,41.25057870370385
,,,,,,,,,,120.44618055555598,40.8373842592594
,,,,,,,,,,120.72164351851895,37.53182870370384
,,,,,,,,,,120.72164351851895,37.118634259259395
,,,,,,,,,,120.72164351851895,36.705439814814945
,,,,,,,,,,120.85937500000043,42.90335648148164
,,,,,,,,,,120.85937500000043,42.49016203703719
,,,,,,,,,,120.85937500000043,42.076967592592744
,,,,,,,,,,120.85937500000043,41.663773148148294
,,,,,,,,,,120.85937500000043,41.25057870370385
,,,,,,,,,,120.85937500000043,40.8373842592594
,,,,,,,,,,121.13483796296339,37.53182870370384
,,,,,,,,,,121.13483796296339,37.118634259259395
,,,,,,,,,,121.13483796296339,36.705439814814945
,,,,,,,,,,121.13483796296339,42.62789351851867
,,,,,,,,,,121.20370370370414,41.663773148148294
,,,,,,,,,,121.13483796296339,41.38831018518533
,,,,,,,,,,121.18074845679055,40.8373842592594
,,,,,,,,,,121.54803240740785,37.53182870370384
,,,,,,,,,,121.54803240740785,37.118634259259395
,,,,,,,,,,121.54803240740785,36.705439814814945
,,,,,,,,,,121.96122685185229,37.53182870370384
,,,,,,,,,,121.96122685185229,37.118634259259395
,,,,,,,,,,121.96122685185229,36.705439814814945
,,,,,,,,,,122.30555555555598,37.53182870370384
,,,,,,,,,,122.30555555555598,37.15306712962976
,,,,,,,,,,122.30555555555598,36.705439814814945
